zipcode,income,old_ratio,average_HH,total_population,intergen,grandparents_caregivers,percent_nonwhite,percent_service,Positive_Covid_Tests,Covid_Rate,ses_level,nonwhite_level
53142,71615.0,0.25775558647785873,2.63,32929,0.25775558647785873,0.04280920029467136,0.12241489264781803,0.09018331201798241,8,0.00024294694646056667,med,med
60002,82692.0,0.2993497189463243,2.63,24066,0.2993497189463243,0.04419706822440207,0.05293775450843514,0.10319767441860465,68,0.002825563034987119,high,low
60004,94096.0,0.3150391306515129,2.4699999999999998,50915,0.3150391306515129,0.018992074173770003,0.1358931552587646,0.06902236767636999,205,0.004026318373760189,high,med
60005,78109.0,0.3358821186778176,2.26,29539,0.3358821186778176,0.017443249701314216,0.15579403500457023,0.08714515929093838,113,0.0038254510985476827,high,med
60007,79590.0,0.3213779733054955,2.3499999999999996,33420,0.3213779733054955,0.04652896875699053,0.14889287851585878,0.06900882796239144,181,0.0054159186116098145,high,med
60008,66462.0,0.2692168892096716,2.625,21833,0.2692168892096716,0.03753157704799711,0.27069115559016166,0.1379832324173265,200,0.009160445197636605,med,high
60010,137994.0,0.36558684878520487,2.54,46087,0.36558684878520487,0.042971110842499695,0.1534923080261245,0.04403219206111035,72,0.001562262677110682,high,med
60012,127651.0,0.29020524811639387,2.41,10958,0.29020524811639387,0.02286308131982333,0.03394780069355722,0.08421633554083885,68,0.006205511954736266,high,low
60013,98377.0,0.21147738473332603,2.675,25827,0.21147738473332603,0.05147300405213011,0.05289038603012351,0.11271788879150842,63,0.0024393077012428853,high,low
60014,87256.0,0.24788171737276088,2.71,48443,0.24788171737276088,0.037361387546204154,0.05550853580496666,0.10652338349983045,130,0.002683566253122226,high,low
60015,142409.0,0.30415642915642915,2.57,27452,0.30415642915642915,0.01996314496314496,0.08859099519160717,0.057136226502668835,137,0.004990528923211423,high,low
60016,64444.0,0.3096746014413627,2.545,59637,0.3096746014413627,0.0744704083861105,0.31949963948555427,0.10480366913421307,792,0.013280346093867901,med,high
60018,60751.0,0.3214677435437232,2.935,30386,0.3214677435437232,0.12344201814737261,0.21720529191074836,0.13355224873223046,379,0.012472849338511156,med,med
60020,57518.0,0.304297862560331,2.15,9827,0.304297862560331,0.034704665594116293,0.052406634781723825,0.08214154748808214,25,0.002544011397171059,med,low
60021,106960.0,0.17793764988009592,2.455,5548,0.17793764988009592,0.007673860911270983,0.020187454938716654,0.11440017805475183,16,0.002883922134102379,high,low
60022,209821.0,0.3351666127466839,2.3200000000000003,8477,0.3351666127466839,0.03558718861209965,0.057095670638197475,0.02750239846498241,23,0.002713224017930872,high,low
60025,97881.0,0.3698885998265626,2.575,41014,0.3698885998265626,0.039423654192515506,0.15882381625786318,0.0664607320041187,256,0.0062417711025503485,high,med
60026,111875.0,0.3808008982035928,2.4450000000000003,14118,0.3808008982035928,0.018899700598802395,0.2241818954526137,0.05621728929796066,107,0.007578977192236861,high,med
60030,87449.0,0.2811598282778521,2.565,36817,0.2811598282778521,0.03870786121472306,0.11730993834369992,0.08207256660864909,123,0.0033408479778363255,high,med
60031,93028.0,0.24580475704071209,2.59,37172,0.24580475704071209,0.03633445206478914,0.23668352523404712,0.10038701792504073,219,0.0058915312600882385,high,med
60033,58264.0,0.29081853616284103,2.98,13681,0.29081853616284103,0.057600692940666956,0.05686718807104744,0.16127110228401192,100,0.0073094072070755065,med,low
60035,147973.0,0.38951829110092534,2.4699999999999998,29734,0.38951829110092534,0.017728963071867162,0.06208380978004977,0.0625639713408393,180,0.006053675926548732,high,low
60040,57563.0,0.23161580790395198,2.5949999999999998,5366,0.23161580790395198,0.09954977488744372,0.18430860976518823,0.19557373105605003,88,0.016399552739470743,med,med
60041,65117.0,0.3014018691588785,2.55,8897,0.3014018691588785,0.04322429906542056,0.040687872316511185,0.0636830719307734,33,0.0037091154321681466,med,low
60042,76223.0,0.22500764292265363,2.4699999999999998,8420,0.22500764292265363,0.005808621216753286,0.03171021377672209,0.11106108359597779,20,0.0023752969121140144,med,low
60043,212750.0,0.27581863979848864,2.985,2512,0.27581863979848864,0.041561712846347604,0.057722929936305734,0.04537719795802609,14,0.005573248407643312,high,low
60044,107039.0,0.2630506748153807,2.3899999999999997,10003,0.2630506748153807,0.02648332060096766,0.13865840247925623,0.0627431906614786,70,0.006997900629811057,high,med
60045,171913.0,0.41212854645690467,2.62,21131,0.41212854645690467,0.03482587064676617,0.10605271875443661,0.04759370935319853,103,0.004874355212720647,high,med
60046,96024.0,0.24424222902238685,2.585,35286,0.24424222902238685,0.04243839587695281,0.08479283568554101,0.0797195721306736,135,0.0038258799523890495,high,low
60047,135146.0,0.22454023406265902,3.01,42637,0.22454023406265902,0.02682270843933997,0.14728991251729717,0.07536544452432303,140,0.003283533081595797,high,med
60048,134621.0,0.28977217644207465,2.4749999999999996,29058,0.28977217644207465,0.016577799321376634,0.08964828962764126,0.06426590396949211,88,0.0030284259068070756,high,med
60050,70289.0,0.28171611868484364,2.535,32732,0.28171611868484364,0.045308740978348035,0.04200782109250886,0.11509991178613892,146,0.004460466821459123,med,low
60051,82283.0,0.2479185938945421,2.6950000000000003,23298,0.2479185938945421,0.0354995374653099,0.041419864366040005,0.09882216236201341,72,0.003090394025238218,high,low
60053,85476.0,0.4360604606525912,2.84,23256,0.4360604606525912,0.0982485604606526,0.36399208806329547,0.07652459352720932,214,0.009201926384588924,high,high
60056,73686.0,0.3161551823972206,2.675,55250,0.3161551823972206,0.0390851187029531,0.22171945701357465,0.10776930741247075,428,0.007746606334841629,med,med
60060,93108.0,0.2580925311858519,2.935,37208,0.2580925311858519,0.06095057634612348,0.1915448290690174,0.11083047080218227,295,0.007928402494087293,high,med
60061,98939.0,0.25721442885771545,2.5949999999999998,27004,0.25721442885771545,0.05861723446893788,0.2958080284402311,0.07344824247119203,125,0.004628943860168864,high,high
60062,110012.0,0.4524481223747727,2.3099999999999996,40459,0.4524481223747727,0.024637953733308255,0.17373143181986703,0.044173276388041485,235,0.005808349193010208,high,med
60064,34911.0,0.23509933774834438,2.965,15705,0.23509933774834438,0.09368913128165174,0.5800700413880929,0.20091286307053943,471,0.02999044890162369,low,high
60067,97270.0,0.28790700661486096,2.3449999999999998,38177,0.28790700661486096,0.0206794682422452,0.19951803441862903,0.060497183919207616,119,0.003117060009953637,high,med
60068,102494.0,0.3442484716464057,2.36,37736,0.3442484716464057,0.02051858618508889,0.0601812592749629,0.061030634053668965,242,0.006412974348102608,high,low
60069,102632.0,0.5340909090909091,2.0300000000000002,8186,0.5340909090909091,0.022144522144522144,0.11849499144881505,0.03088803088803089,52,0.006352308819936477,high,med
60070,66379.0,0.3139896373056995,2.8600000000000003,16049,0.3139896373056995,0.09602763385146805,0.30369493426381705,0.1350896860986547,139,0.008660975761729703,med,high
60071,62750.0,0.2580414581844174,2.355,3581,0.2580414581844174,0.091493924231594,0.049427534208321695,0.11547826086956521,7,0.001954761239877129,med,low
60073,72175.0,0.1980750824205041,3.33,61706,0.1980750824205041,0.09151334680421142,0.19531325965060123,0.12943130655243257,589,0.009545263021424173,med,med
60074,67954.0,0.22529290144727773,2.7649999999999997,39478,0.22529290144727773,0.04596829772570641,0.35356401033487006,0.12382486358556308,244,0.0061806575814377625,med,high
60076,79795.0,0.39609053497942387,2.985,31867,0.39609053497942387,0.07510288065843622,0.3983117331408667,0.08395658343880642,364,0.011422474660306901,high,high
60077,63051.0,0.3910669007216696,2.735,28329,0.3910669007216696,0.10503218256290228,0.3861767093790815,0.0971619510501649,296,0.010448656853401109,med,high
60081,88958.0,0.27940749346500143,2.7249999999999996,9660,0.27940749346500143,0.050827766482718556,0.012836438923395446,0.08564844450134426,32,0.0033126293995859213,high,low
60083,95644.0,0.2672561323445522,3.0199999999999996,9990,0.2672561323445522,0.04021677124928694,0.24144144144144145,0.07999483070560869,72,0.007207207207207207,high,high
60084,80529.0,0.25505418081837294,2.615,16612,0.25505418081837294,0.06776645641274462,0.12388634721887792,0.12845083276294775,130,0.007825668191668673,high,med
60085,43204.0,0.17844111311381722,3.0700000000000003,70850,0.17844111311381722,0.0946058820943421,0.44742413549753,0.16763918578003736,1750,0.024700070571630206,low,high
60087,58981.0,0.24293369759377956,2.74,26678,0.24293369759377956,0.057476095408216875,0.3353699677637004,0.1360632183908046,461,0.017280155933728166,med,high
60089,111548.0,0.28000769428058475,2.605,41392,0.28000769428058475,0.037894331879969226,0.2691341321994588,0.061132853978944815,155,0.003744684963277928,high,high
60090,66243.0,0.2641415222198445,2.7249999999999996,38476,0.2641415222198445,0.06740851701262572,0.37477908306476765,0.13978390893305034,435,0.011305749038361576,med,high
60091,154614.0,0.3597301504929943,2.575,27367,0.3597301504929943,0.018889465490399583,0.14627105638177368,0.038779956427015254,120,0.004384843059158841,high,med
60093,174966.0,0.3469655072041915,2.685,19441,0.3469655072041915,0.02255857953718527,0.06918368396687413,0.031831335262505166,115,0.0059153335733758555,high,low
60096,87446.0,0.3101217656012177,2.67,6803,0.3101217656012177,0.0928462709284627,0.06967514331912392,0.07481912828657138,23,0.003380861384683228,high,low
60097,72719.0,0.22768878718535468,2.38,10826,0.22768878718535468,0.042105263157894736,0.013670792536486237,0.13329466357308584,31,0.00286347681507482,med,low
60098,66520.0,0.2974092422642735,2.54,32526,0.2974092422642735,0.052058799642654106,0.0653016048699502,0.10119254370730578,236,0.0072557338744389105,med,low
60099,54685.0,0.24105150839072656,2.9050000000000002,30934,0.24105150839072656,0.1015617421670385,0.3384948600245684,0.13603116208612853,378,0.01221956423352945,low,high
60101,64915.0,0.2853480129703642,2.8899999999999997,39216,0.2853480129703642,0.08687127667596713,0.2530344757241942,0.12785032157474177,511,0.013030395756833945,med,high
60102,102698.0,0.2246900826446281,2.67,32739,0.2246900826446281,0.040805785123966945,0.11066312349185986,0.06788243356430367,81,0.0024741134426830387,high,med
60103,105862.0,0.24923435904914687,2.9850000000000003,42196,0.24923435904914687,0.09333527781828788,0.20840837994122666,0.07739007603762811,176,0.004171011470281543,high,med
60104,55640.0,0.3105719794344473,2.865,18999,0.3105719794344473,0.15311696658097687,0.8636770356334544,0.13503673363240362,318,0.016737723038054635,med,high
60106,63486.0,0.2633598635588402,2.835,20462,0.2633598635588402,0.07077885162023877,0.213077900498485,0.09217077420960916,371,0.01813116997360962,med,med
60107,80039.0,0.2348490580313233,3.33,40437,0.2348490580313233,0.07853521979269124,0.33444617553230954,0.10942792043845065,377,0.00932314464475604,high,high
60108,85887.0,0.3356531660011409,2.395,22766,0.3356531660011409,0.045750142612664,0.1940613195115523,0.08332892159457886,162,0.0071158745497671965,high,med
60109,69583.0,0.24752475247524752,2.71,568,0.24752475247524752,0.06930693069306931,0.0,0.09090909090909091,11,0.01936619718309859,med,low
60110,63133.0,0.18134341797226725,3.6100000000000003,39333,0.18134341797226725,0.14433639474158114,0.4258764904787329,0.14520713422866482,366,0.009305163603081382,med,high
60112,69694.0,0.105890603085554,2.875,4356,0.105890603085554,0.03225806451612903,0.11753902662993572,0.12654120700843607,17,0.0039026629935720843,med,med
60115,44747.0,0.16756182862852861,2.585,45325,0.16756182862852861,0.042343242568073945,0.24189740761169332,0.1348718084123254,88,0.0019415333701047986,low,high
60118,88264.0,0.3254556688291628,2.235,15836,0.3254556688291628,0.04525795489650911,0.12743116948724426,0.08499886869296328,43,0.002715332154584491,high,med
60119,104516.0,0.20930880713489408,2.855,10246,0.20930880713489408,0.035395763656633224,0.06080421627952372,0.07528932977235152,23,0.0022447784501268787,high,low
60120,57843.0,0.2341674190635883,3.295,50922,0.2341674190635883,0.13807558364504063,0.3915596402340835,0.138837112975044,759,0.014905149051490514,med,high
60123,61680.0,0.24464446444644464,2.8200000000000003,48952,0.24464446444644464,0.08298829882988298,0.31267363948357574,0.11872468313079838,442,0.009029253145938878,med,high
60124,109865.0,0.3130949318240288,3.0700000000000003,22338,0.3130949318240288,0.09055827116027786,0.17781359118990062,0.07274607826236856,62,0.0027755394395201005,high,med
60126,111420.0,0.297915305577003,2.55,48410,0.297915305577003,0.024410524440220942,0.08996075191076223,0.06896831185671448,186,0.0038421813674860564,high,med
60130,59361.0,0.2303583977512298,1.94,14041,0.2303583977512298,0.013070976809557273,0.37775087244498257,0.06826821968777805,98,0.006979559860408803,med,high
60131,63157.0,0.28424271688395303,2.7800000000000002,18025,0.28424271688395303,0.10365362948656044,0.17514563106796116,0.11201587518817573,249,0.013814147018030513,med,med
60133,74883.0,0.2158837686068277,3.5,38400,0.2158837686068277,0.14894375612799715,0.42526041666666664,0.13053494596334317,452,0.011770833333333333,med,high
60134,117951.0,0.2567078972407231,2.69,29401,0.2567078972407231,0.023120837297811607,0.027448045984830447,0.0687900324646837,99,0.0033672324070609843,high,low
60135,65435.0,0.2511398176291793,2.5549999999999997,6906,0.2511398176291793,0.0,0.019693020561830293,0.09599710197428002,23,0.00333043730089777,med,low
60136,104114.0,0.12385702410640066,2.795,7742,0.12385702410640066,0.08146300914380715,0.3160681994316714,0.09510030864197531,33,0.0042624644794626715,high,high
60137,107332.0,0.315564882826163,2.48,38279,0.315564882826163,0.023154949282966072,0.11442305180386113,0.07140716069941715,106,0.0027691423495911595,high,med
60139,65865.0,0.2266177626408174,2.9699999999999998,34364,0.2266177626408174,0.1281984106191599,0.42268071237341404,0.11862565101727303,385,0.01120358514724712,med,high
60140,94191.0,0.24291162327972143,2.815,17639,0.24291162327972143,0.06483170286851268,0.05629570837349056,0.13267905304165417,57,0.0032314757072396394,high,low
60142,76730.0,0.5128848149429264,2.35,28121,0.5128848149429264,0.035195434105845726,0.0995341559688489,0.06732311530921405,54,0.001920273105508339,high,med
60143,92561.0,0.34149239543726234,2.51,10996,0.34149239543726234,0.03944866920152091,0.08157511822480902,0.10771775082690187,113,0.01027646416878865,high,low
60146,61673.0,0.3492537313432836,2.705,2655,0.3492537313432836,0.04875621890547264,0.02824858757062147,0.09598853868194843,8,0.0030131826741996233,med,low
60148,81504.0,0.27320197044334976,2.51,52963,0.27320197044334976,0.03310344827586207,0.19406000415384325,0.09023812839437405,222,0.004191605460415762,high,med
60151,89205.0,0.23237071860308933,2.6950000000000003,4024,0.23237071860308933,0.016118200134318333,0.022614314115308152,0.0756045301499847,12,0.002982107355864811,high,low
60152,85133.0,0.3199738619037247,2.69,12345,0.3199738619037247,0.030494445654541496,0.029080599432968812,0.08775448801524421,49,0.003969218307006885,high,low
60153,48600.0,0.3187256176853056,3.015,23810,0.3187256176853056,0.11846553966189857,0.8301553968920622,0.10031463030938648,330,0.01385972280554389,low,high
60154,80412.0,0.40094555436937623,2.505,16573,0.40094555436937623,0.05490315693152356,0.2943341579677789,0.08926627476594819,146,0.008809509443070053,high,high
60155,49236.0,0.39856429463171034,2.3899999999999997,7829,0.39856429463171034,0.06491885143570537,0.8191339890151998,0.10168443826301962,130,0.01660493038702261,low,high
60156,91066.0,0.16267942583732056,2.925,28886,0.16267942583732056,0.0668816309548575,0.09122066052759122,0.1182038501989117,89,0.0030810773385030812,high,med
60157,105644.0,0.3684210526315789,3.2199999999999998,2502,0.3684210526315789,0.056140350877192984,0.10471622701838529,0.08627450980392157,10,0.003996802557953637,high,med
60160,50571.0,0.25821962313190383,3.29,25412,0.25821962313190383,0.10071474983755685,0.41012120258145757,0.1419782806398117,479,0.018849362505902724,low,high
60162,53728.0,0.26271471876052543,2.605,8165,0.26271471876052543,0.10643314247221286,0.6574402939375382,0.1417495611468695,110,0.013472137170851195,low,high
60163,64934.0,0.3164039696438996,2.74,5161,0.3164039696438996,0.1336835960303561,0.45998837434605694,0.08928989922662292,65,0.012594458438287154,med,high
60164,60191.0,0.29003205617462985,3.045,21600,0.29003205617462985,0.12944588612425584,0.22203703703703703,0.09910719635688178,341,0.015787037037037037,med,med
60165,59022.0,0.14873417721518986,3.895,4923,0.14873417721518986,0.2310126582278481,0.5005078204346943,0.13804527885146328,128,0.026000406256347756,med,high
60169,75275.0,0.2256564786913474,2.845,33667,0.2256564786913474,0.08058544984933276,0.4591142661953842,0.12315723686629168,254,0.007544479757626162,med,high
60171,55508.0,0.2889774236387782,2.645,10148,0.2889774236387782,0.11261620185922974,0.13854946787544345,0.12258699127013402,80,0.007883326763894364,med,med
60172,85787.0,0.2547127966289643,2.665,24551,0.2547127966289643,0.028055001108893324,0.15221375911368173,0.09185347184253691,152,0.006191193841391389,high,med
60173,81250.0,0.12906057945566285,2.2,12162,0.12906057945566285,0.030728709394205442,0.4929287946061503,0.07815611310234966,57,0.0046867291563887515,high,high
60174,84957.0,0.2996557521415419,2.425,31405,0.2996557521415419,0.023937234809062524,0.09272408852093615,0.10591632844208554,104,0.0033115745900334343,high,med
60175,147625.0,0.23404255319148937,3.3099999999999996,25734,0.23404255319148937,0.0376720901126408,0.05735602704593145,0.060649569264283595,59,0.002292686717960675,high,low
60176,54617.0,0.2607783733395479,2.68,11704,0.2607783733395479,0.06268934980191097,0.1637047163362953,0.164140365448505,101,0.008629528366370471,low,med
60177,93388.0,0.19152632985832665,3.0149999999999997,23109,0.19152632985832665,0.0681635926222935,0.14712882426760138,0.09033637729742226,170,0.007356441213380068,high,med
60178,73524.0,0.2625404046450377,2.62,22413,0.2625404046450377,0.05949958098886628,0.06991478159996431,0.11201814058956916,29,0.0012938919377147192,med,low
60181,69488.0,0.27329250185597626,2.6799999999999997,28801,0.27329250185597626,0.05957683741648107,0.19016700808999687,0.10310944187265263,168,0.00583313079406965,med,med
60185,80058.0,0.25602950912702166,3.4749999999999996,36129,0.25602950912702166,0.10593019956492954,0.21210108223310914,0.12986118661882498,476,0.01317501176340336,high,med
60187,103510.0,0.2717557251908397,2.55,29708,0.2717557251908397,0.03073791348600509,0.10815268614514609,0.08724888982871642,84,0.002827521206409048,high,med
60188,82232.0,0.22999799478644475,2.76,42602,0.22999799478644475,0.07753492413608716,0.310314069761983,0.08872229273043888,354,0.008309469039012253,high,high
60189,98750.0,0.27758037958228615,2.56,30427,0.27758037958228615,0.030158592599012046,0.1212738686035429,0.06204983856279493,63,0.0020705294639629277,high,med
60190,106581.0,0.30735930735930733,2.48,11143,0.30735930735930733,0.028708133971291867,0.06272996500044871,0.06002772150549099,28,0.0025127882975859283,high,low
60191,66687.0,0.3066255778120185,2.8899999999999997,14147,0.3066255778120185,0.042950693374422186,0.19057043896232417,0.08663408056632395,129,0.00911854103343465,med,med
60192,119013.0,0.23637049613280514,3.35,15650,0.23637049613280514,0.0762120354650066,0.34300319488817893,0.06870355078447564,33,0.002108626198083067,high,high
60193,82559.0,0.3030543435144784,2.66,40248,0.3030543435144784,0.040592357530080656,0.26212482607831444,0.0823854807632544,156,0.003875968992248062,high,high
60194,76704.0,0.29414125200642055,2.56,18946,0.29414125200642055,0.0521669341894061,0.3868890530982793,0.08738244514106583,85,0.004486435131426159,high,high
60195,83862.0,0.11650922177237967,2.46,5568,0.11650922177237967,0.06972559604138552,0.5809985632183908,0.07255520504731862,12,0.0021551724137931034,high,high
60201,77699.0,0.30381760339342523,2.34,42296,0.30381760339342523,0.04003181336161188,0.2756525439757897,0.061269393511988714,255,0.006028938906752411,high,high
60202,77931.0,0.22983030663888063,2.39,32861,0.22983030663888063,0.038329860077403986,0.32071452481665197,0.09626800771354029,280,0.008520738869784852,high,high
60203,119750.0,0.39758226997985224,3.0199999999999996,4188,0.39758226997985224,0.055070517125587644,0.25573065902578795,0.0415748031496063,23,0.0054918815663801334,high,high
60301,80282.0,0.27836990595611283,1.655,2536,0.27836990595611283,0.0,0.38761829652996843,0.01581356637536413,18,0.007097791798107256,high,high
60302,87904.0,0.273145108338805,2.24,32048,0.273145108338805,0.01926023199824907,0.27252870693959064,0.06152635719905586,168,0.005242136794807789,high,high
60304,106898.0,0.2094954559699154,2.56,17641,0.2094954559699154,0.027264180507677843,0.22561079303894338,0.07335260995282301,61,0.0034578538631596847,high,med
60305,121908.0,0.33417402269861285,2.335,11064,0.33417402269861285,0.005800756620428752,0.13250180766449746,0.06590091657964961,36,0.0032537960954446853,high,med
60401,68044.0,0.3338821205136648,2.5549999999999997,7779,0.3338821205136648,0.05498847546921304,0.027381411492479753,0.05422622747047856,34,0.004370741740583622,med,low
60402,60814.0,0.2505779233288384,2.9850000000000003,63554,0.2505779233288384,0.1092275091504527,0.4022878182333134,0.1339332980412917,975,0.015341284576895238,med,high
60403,54530.0,0.3424677395969262,2.36,18254,0.3424677395969262,0.03668261562998405,0.2648186698805741,0.10248161764705882,133,0.0072860742850882,low,high
60404,101911.0,0.3164831756861529,2.575,18796,0.3164831756861529,0.057218173360210886,0.11949350925728879,0.10200781565826708,84,0.004469035965098957,high,med
60406,43504.0,0.24465531039213445,2.875,25256,0.24465531039213445,0.12404252886704013,0.4933481152993348,0.12635453932700783,330,0.013066202090592335,low,high
60408,65559.0,0.19637040483946022,2.42,5649,0.19637040483946022,0.003257328990228013,0.006903876792352629,0.12429505977893075,13,0.002301292264117543,med,low
60409,42718.0,0.2872956156851396,2.665,36955,0.2872956156851396,0.0808855447836782,0.7661480178595589,0.13575778667130678,418,0.011311053984575836,low,high
60410,89398.0,0.23918269230769232,3.19,12791,0.23918269230769232,0.065625,0.039715424908138536,0.12378126324713862,32,0.002501759049331561,high,low
60411,46771.0,0.2783817044405702,2.91,57800,0.2783817044405702,0.08824735924520562,0.6824740484429066,0.11759796070292584,664,0.011487889273356401,low,high
60415,42306.0,0.22019771273502617,2.665,14254,0.22019771273502617,0.05776313238999806,0.17391609372807634,0.07337995337995339,149,0.01045320611758103,low,med
60417,69491.0,0.42197231833910037,2.2800000000000002,15225,0.42197231833910037,0.07508650519031142,0.32985221674876847,0.069805832874774,116,0.007619047619047619,med,high
60419,45463.0,0.2709178996988346,3.01,22644,0.2709178996988346,0.11418096111038366,0.9281045751633987,0.11660541262946876,277,0.012232821056350467,low,high
60420,62669.0,0.31785883467550924,2.115,4812,0.31785883467550924,0.0071056371387967785,0.015793848711554447,0.1018355544380186,6,0.0012468827930174563,med,low
60421,80960.0,0.2649690295939436,2.465,3843,0.2649690295939436,0.03785271851342051,0.03200624512099922,0.11614364283403429,9,0.00234192037470726,high,low
60422,108375.0,0.39513590844062946,3.515,9768,0.39513590844062946,0.04005722460658083,0.6130221130221131,0.06476514457673688,73,0.007473382473382474,high,high
60423,108295.0,0.27319637815207864,2.785,30938,0.27319637815207864,0.05374354980040892,0.09434999030318703,0.08741749174917492,110,0.003555498092960114,high,med
60425,63444.0,0.31875,2.86,8912,0.31875,0.07894736842105263,0.7459605026929982,0.10340941110171879,107,0.012006283662477558,med,high
60426,30015.0,0.2956066336921734,2.7649999999999997,28924,0.2956066336921734,0.08398797400834061,0.8163462868206334,0.13403762146741552,344,0.01189323744986862,low,high
60428,38978.0,0.3437110834371108,3.19,12271,0.3437110834371108,0.12677459526774595,0.842148154184663,0.103137039075399,160,0.0130388721375601,low,high
60429,51742.0,0.3263411279229711,2.69,15387,0.3263411279229711,0.10264786795048143,0.851173068174433,0.09466874129882892,183,0.011893156560733087,low,high
60430,73251.0,0.29829255861365955,2.495,20227,0.29829255861365955,0.046636085626911315,0.4731299747861769,0.08647876831388131,221,0.010925990013348494,med,high
60431,91333.0,0.24348413234301147,3.335,23219,0.24348413234301147,0.1262660364618501,0.19419440975063526,0.1328311084030355,135,0.005814203884749559,high,med
60432,43357.0,0.20294307891332472,3.235,20222,0.20294307891332472,0.08457309184993532,0.4841756502818712,0.14272010962658443,231,0.011423202452774206,low,high
60433,48039.0,0.28447799668569324,2.9349999999999996,16629,0.28447799668569324,0.07125759528631928,0.44662938240423355,0.13044801095306915,200,0.012027181430031873,low,high
60435,54372.0,0.2584343268915821,2.615,49863,0.2584343268915821,0.07298831750191069,0.293163267352546,0.13049608355091383,497,0.009967310430579789,low,high
60436,55550.0,0.23263140441054553,2.995,18945,0.23263140441054553,0.08008622119051567,0.3766693058854579,0.1577167310877968,142,0.0074953813671153335,med,high
60438,52028.0,0.2897727272727273,2.46,28960,0.2897727272727273,0.04248251748251748,0.4801450276243094,0.10725672745823236,268,0.009254143646408839,low,high
60439,93489.0,0.3508113344635505,2.575,23422,0.3508113344635505,0.039719060305158635,0.04662283323371189,0.06735177865612649,69,0.002945948253778499,high,low
60440,73813.0,0.22656107219007005,3.1550000000000002,52246,0.22656107219007005,0.09253731343283582,0.4890709336599931,0.13274292863626327,634,0.01213490027944723,med,high
60441,74544.0,0.24000337438839212,2.67,35415,0.24000337438839212,0.05103762443057196,0.13694762106452069,0.10421278114958943,161,0.004546096286884089,med,med
60442,91700.0,0.21194715680643308,2.8499999999999996,10531,0.21194715680643308,0.04623779437105112,0.019656252967429493,0.11882202304737516,31,0.0029436900579242237,high,low
60443,73544.0,0.2988659919522009,2.52,21554,0.2988659919522009,0.09437873430069504,0.7709009928551545,0.11888711151736746,281,0.01303702329034054,med,high
60445,60784.0,0.32617335352006055,2.2800000000000002,25930,0.32617335352006055,0.05762679788039364,0.13736984188198997,0.10968038629570016,118,0.0045507134593135365,med,med
60446,77110.0,0.23266180882983284,3.05,40085,0.23266180882983284,0.12764680668666953,0.3651490582512162,0.1250527957373534,352,0.008781339653236872,high,high
60447,75485.0,0.2083064342586615,3.26,14220,0.2083064342586615,0.08134280180761781,0.07144866385372714,0.0778232884727911,32,0.002250351617440225,med,low
60448,104327.0,0.26189432142074104,2.635,26710,0.26189432142074104,0.05579916684937514,0.039685511044552604,0.08651033424447321,102,0.0038187944590041185,high,low
60449,74568.0,0.2886971046770601,2.765,9400,0.2886971046770601,0.019766146993318485,0.22095744680851065,0.08182169046700116,59,0.006276595744680851,med,med
60450,72122.0,0.2763653483992467,2.34,20460,0.2763653483992467,0.04896421845574388,0.03514173998044966,0.09713905522288756,27,0.0013196480938416422,med,low
60451,108154.0,0.22498053801574258,2.63,34945,0.22498053801574258,0.051466136147392094,0.020231792817284305,0.08816314575476879,82,0.002346544570038632,high,low
60452,75844.0,0.2724623603691112,2.58,28324,0.2724623603691112,0.08887809616318601,0.12837169891258296,0.10403726708074534,145,0.0051193334274819945,med,med
60453,62455.0,0.34004202661685734,2.5300000000000002,56420,0.34004202661685734,0.05286014475834695,0.17116270825948246,0.08436507066944231,540,0.00957107408720312,med,med
60455,53893.0,0.2777477963662529,2.7199999999999998,16479,0.2777477963662529,0.061701744918150746,0.15826203046301354,0.09897455374097987,235,0.014260574063960191,low,med
60456,49359.0,0.32945285215366704,2.235,4308,0.32945285215366704,0.0640279394644936,0.04921077065923862,0.0979381443298969,36,0.008356545961002786,low,low
60457,66413.0,0.30320758523300384,2.765,14018,0.30320758523300384,0.045390357070808955,0.05471536595805393,0.09931537298835245,96,0.006848337851333999,med,low
60458,50371.0,0.20919324577861162,2.875,15288,0.20919324577861162,0.0776735459662289,0.2539900575614861,0.1401747858440772,96,0.006279434850863423,low,high
60459,60095.0,0.32006976997710673,3.175,28908,0.32006976997710673,0.11381227515534721,0.14674138646741386,0.11253096883557179,292,0.010101010101010102,med,med
60461,99595.0,0.586888657648283,2.18,4917,0.586888657648283,0.03954214360041623,0.7801504982713037,0.069091796875,46,0.009355297945901973,high,high
60462,83324.0,0.37353553762041136,2.55,40305,0.37353553762041136,0.04842488935173132,0.10023570276640616,0.07998779743746187,207,0.0051358392259024934,high,med
60463,85457.0,0.4829295154185022,3.1550000000000002,14926,0.4829295154185022,0.03726138032305433,0.05500468980302827,0.059228542367576874,162,0.010853544151145651,high,low
60464,87621.0,0.5224850532882765,2.165,9715,0.5224850532882765,0.0566675331427086,0.06649511065362841,0.06031824349327741,35,0.003602676273803397,high,low
60465,59104.0,0.3540363419719988,2.5300000000000002,17473,0.3540363419719988,0.05525767053917188,0.0785211469123791,0.09443854055968827,175,0.010015452412293253,med,low
60466,51324.0,0.298712139279752,2.565,21989,0.298712139279752,0.08549964226091104,0.6973941516212652,0.10193189070023786,414,0.018827595615989814,low,high
60467,98358.0,0.4136414766336026,2.4450000000000003,26628,0.4136414766336026,0.0630943859290316,0.125469430674478,0.07041613665273487,128,0.004806970106654649,high,med
60468,83414.0,0.27004030452306316,2.38,6044,0.27004030452306316,0.08822212270488132,0.02746525479814692,0.10128388017118402,24,0.003970880211780278,high,low
60469,47010.0,0.22502744237102085,2.8449999999999998,5780,0.22502744237102085,0.13611416026344675,0.24688581314878894,0.07717948717948718,45,0.007785467128027681,low,high
60471,55625.0,0.23905325443786982,2.705,14055,0.23905325443786982,0.10355029585798817,0.8882248310209889,0.0733232115745289,172,0.01223763785129847,med,high
60472,26661.0,0.3494124922696351,2.6550000000000002,4870,0.3494124922696351,0.09709338280766852,0.9024640657084189,0.10176425466632574,53,0.010882956878850103,low,high
60473,62951.0,0.3206484407198791,3.125,22201,0.3206484407198791,0.09809039703255942,0.8302779154092158,0.10130587355462234,305,0.013738119904508806,med,high
60475,47516.0,0.22857142857142856,2.12,9674,0.22857142857142856,0.05023041474654378,0.3299565846599132,0.10864292097536066,58,0.005995451726276618,low,high
60476,57461.0,0.32790028763183127,2.205,2493,0.32790028763183127,0.040268456375838924,0.20818291215403129,0.13653136531365315,14,0.005615724027276374,med,med
60477,65590.0,0.3310046573519627,2.45,37919,0.3310046573519627,0.04803725881570193,0.12141670402700493,0.09415332989158492,180,0.004746960626598803,med,med
60478,59104.0,0.36074225400068094,2.8200000000000003,17112,0.36074225400068094,0.07950289410963568,0.8922393641888733,0.0911208151382824,264,0.015427769985974754,med,high
60480,83505.0,0.4026302478502782,2.5300000000000002,5370,0.4026302478502782,0.08902377339403136,0.10819366852886406,0.12280311457174639,27,0.005027932960893855,high,med
60481,61090.0,0.3430953398888414,2.4749999999999996,11540,0.3430953398888414,0.0609234715690466,0.04904679376083189,0.10517546600020827,19,0.0016464471403812824,med,low
60482,57218.0,0.2707572437302167,2.5549999999999997,10916,0.2707572437302167,0.08814219625030435,0.08024917552216929,0.12110726643598616,70,0.006412605349945035,med,low
60484,55000.0,0.21972176759410803,2.6100000000000003,6580,0.21972176759410803,0.0867430441898527,0.8758358662613982,0.12125477578926201,97,0.014741641337386018,med,high
60487,98072.0,0.2607714865779382,3.085,26588,0.2607714865779382,0.04590570719602978,0.10358056265984655,0.08237168654338274,101,0.0037987061832405597,high,med
60490,121472.0,0.12854317732366513,3.5700000000000003,22202,0.12854317732366513,0.14798945286750165,0.4376182325916584,0.08609350711467177,118,0.005314836501216107,high,high
60491,103058.0,0.3533231474407945,2.435,22961,0.3533231474407945,0.04239877769289534,0.050084926614694485,0.08731909399042341,107,0.004660075780671574,high,low
60501,48793.0,0.23761520737327188,3.395,11854,0.23761520737327188,0.09216589861751152,0.3349080479163152,0.13988304093567253,191,0.01611270457229627,low,high
60502,111802.0,0.1756454816285998,2.76,22622,0.1756454816285998,0.04208043694141013,0.3303421448147821,0.07104198712470802,62,0.0027406948987711076,high,high
60503,112716.0,0.09786913068074675,3.145,16973,0.09786913068074675,0.047520271544408826,0.3337064749896895,0.09540336916955897,45,0.0026512696635833384,high,high
60504,81068.0,0.1454835523816759,2.8600000000000003,38013,0.1454835523816759,0.056142216819873886,0.33738457895982954,0.1141313817738282,215,0.005655959803225212,high,high
60505,49423.0,0.21832448649896147,3.56,77190,0.21832448649896147,0.1342257096699746,0.5014639201969167,0.1471989720343369,1185,0.01535172949863972,low,high
60506,61231.0,0.2550819302888676,2.965,54216,0.2550819302888676,0.09003885353905063,0.3358602626530913,0.11079832539338819,666,0.012284196547144754,med,high
60510,95026.0,0.2714802113263509,2.485,29533,0.2714802113263509,0.03948466030215961,0.06707750651813225,0.07318655651195986,69,0.0023363694849829007,high,low
60513,81033.0,0.2684007431756467,2.535,18880,0.2684007431756467,0.046591396312705445,0.14014830508474577,0.10636709204452892,115,0.0060911016949152545,high,med
60514,106866.0,0.24603793193037152,2.39,10109,0.24603793193037152,0.0,0.11455138985062815,0.05998645903859174,35,0.0034622613512711444,high,med
60515,88949.0,0.3208644332581149,2.215,28566,0.3208644332581149,0.030376670716889428,0.0847511027095148,0.06846170823217833,66,0.0023104389834068474,high,low
60516,88474.0,0.3208886661655391,2.255,29268,0.3208886661655391,0.029900609705169966,0.12054120541205413,0.06437338231610587,87,0.002972529725297253,high,med
60517,83883.0,0.21081251477657814,2.4450000000000003,32328,0.21081251477657814,0.03349357711403578,0.23787428854244,0.10004591016910246,159,0.00491833704528582,high,med
60520,71908.0,0.2722117202268431,2.465,2810,0.2722117202268431,0.03969754253308128,0.025622775800711744,0.10870545782589085,8,0.0028469750889679717,med,low
60521,183500.0,0.2923280423280423,2.855,18402,0.2923280423280423,0.028604497354497355,0.1305836322138898,0.0384784843589367,171,0.009292468209977176,high,med
60523,103464.0,0.6318963591690865,2.035,10136,0.6318963591690865,0.031047576502121955,0.30514996053670085,0.035033601410157544,82,0.00808997632202052,high,high
60525,83859.0,0.32299270072992703,2.5,30576,0.32299270072992703,0.034150156412930135,0.08382391418105704,0.09174734900875979,206,0.00673731030873888,high,low
60526,95085.0,0.3435427233710496,2.4349999999999996,13546,0.3435427233710496,0.024190401872805307,0.08725823121216596,0.07568545316070069,59,0.004355529307544663,high,low
60527,94060.0,0.35142005610098176,2.42,27903,0.35142005610098176,0.042426367461430574,0.2183636168153962,0.04763974615317743,185,0.0066301114575493675,high,med
60532,82952.0,0.24607414602557875,2.125,28178,0.24607414602557875,0.029059413954994333,0.18989992192490596,0.06349542527956625,86,0.003052026403577259,high,med
60534,60700.0,0.27241918665276327,2.69,10544,0.27241918665276327,0.07586027111574557,0.18152503793626706,0.1226243796150587,114,0.010811836115326252,med,med
60538,78193.0,0.21031746031746032,3.17,28451,0.21031746031746032,0.06668871252204586,0.1865663772802362,0.10412516398620086,186,0.006537555797687252,high,med
60540,118451.0,0.2766076769690927,2.585,45112,0.2766076769690927,0.03165503489531406,0.18644706508246142,0.07242541574974233,89,0.001972867529703848,high,med
60542,81947.0,0.23885542168674698,2.5,18125,0.23885542168674698,0.06957831325301204,0.1887448275862069,0.08868120456905504,85,0.004689655172413793,high,med
60543,101999.0,0.18827371458950407,2.89,40027,0.18827371458950407,0.10017467912204754,0.13403452669448124,0.09218060949121305,170,0.004247133185100058,high,med
60544,76225.0,0.3603295174922435,2.815,26498,0.3603295174922435,0.07852786990478228,0.1726545399652804,0.09252669039145907,122,0.0046041210657408104,med,med
60545,72542.0,0.22692132787630742,3.245,13259,0.22692132787630742,0.1305138699408822,0.1441285164793725,0.09618874773139746,107,0.008069990195339015,med,med
60546,79266.0,0.3026944065484311,2.5549999999999997,15685,0.3026944065484311,0.039051841746248296,0.12980554670066943,0.08347245409015025,109,0.006949314631813835,high,med
60548,70318.0,0.2773988176443838,2.88,12374,0.2773988176443838,0.03842655752614825,0.05018587360594796,0.13178373950440303,47,0.0037982867302408276,med,low
60551,68750.0,0.29545454545454547,2.3600000000000003,5500,0.29545454545454547,0.02207792207792208,0.20563636363636364,0.06776893243519086,17,0.0030909090909090908,med,med
60552,77333.0,0.24885321100917432,2.525,4401,0.24885321100917432,0.016628440366972478,0.02340377187002954,0.08505937586302126,6,0.0013633265167007499,high,low
60554,111558.0,0.3169912693082606,2.585,12166,0.3169912693082606,0.04119095589881352,0.099046523097156,0.0987411487018096,26,0.0021371034029261876,high,med
60555,82106.0,0.22980360396841465,2.7800000000000002,13448,0.22980360396841465,0.05952621988256732,0.12157941701368233,0.11385305664610207,86,0.006395002974419988,high,med
60558,161563.0,0.30811179277436945,2.9450000000000003,13227,0.30811179277436945,0.01681436037264258,0.021093218416874573,0.04162287155770444,31,0.002343690935208286,high,low
60559,67598.0,0.2620789220404235,2.295,24529,0.2620789220404235,0.027815206929740134,0.23743324228464266,0.09592050731512458,249,0.010151249541359207,med,med
60560,95878.0,0.22218199372435432,2.875,24886,0.22218199372435432,0.025223268163166786,0.13593988587961103,0.0817391304347826,60,0.002410994133247609,high,med
60561,93118.0,0.3559266535690897,2.445,23163,0.3559266535690897,0.03612748308229644,0.18033069982299357,0.0631018233968449,86,0.0037128178560635497,high,med
60563,89305.0,0.21580746975276172,2.365,37409,0.21580746975276172,0.028406102051551814,0.2695875324119864,0.06880189798339265,122,0.0032612472934320617,high,high
60564,148855.0,0.16870269054935172,3.085,42513,0.16870269054935172,0.03290114666866522,0.3244419354079929,0.06373750707146898,104,0.0024463105403053184,high,high
60565,129456.0,0.23026792179580013,2.725,40773,0.23026792179580013,0.036857349746560464,0.20616584504451474,0.06148795103914319,146,0.0035808010202830302,high,med
60585,128818.0,0.15187376725838264,3.35,24368,0.15187376725838264,0.0566356720202874,0.23662179908076164,0.08214469840178724,57,0.002339133289560079,high,med
60586,104785.0,0.1554907677356657,3.58,47692,0.1554907677356657,0.09815354713313897,0.1896334815063323,0.1274444669112337,240,0.005032290530906651,high,med
60601,103243.0,0.18930505415162455,1.57,14675,0.18930505415162455,0.0,0.24129471890971038,0.01918533896485074,64,0.004361158432708688,high,high
60604,116250.0,0.13987473903966596,1.6800000000000002,782,0.13987473903966596,0.0,0.35294117647058826,0.019973368841544607,15,0.01918158567774936,high,high
60605,111164.0,0.14540209159754777,1.7650000000000001,27519,0.14540209159754777,0.00576992426974396,0.3560449144227625,0.06591366849650487,148,0.005378102401976816,high,high
60606,131477.0,0.17034548944337813,1.495,3101,0.17034548944337813,0.0,0.24056755885198322,0.049,40,0.012899064817800709,high,med
60607,93508.0,0.09350386025111128,2.025,29591,0.09350386025111128,0.010761912189035328,0.3910648507992295,0.06526506844135219,368,0.012436213713629143,high,high
60608,44043.0,0.22035353338276037,2.76,79205,0.22035353338276037,0.07593553673859602,0.5373776908023483,0.13273260496284703,1255,0.015844959282873557,low,high
60609,35179.0,0.2643789739358346,3.035,61495,0.2643789739358346,0.08474494005727322,0.5323684852427026,0.13988556186542764,1170,0.019025937068054312,low,high
60610,86803.0,0.20263010872835102,1.615,39019,0.20263010872835102,0.005157075937943186,0.24534201286552704,0.06101884159106769,191,0.004895051128937185,high,high
60611,103522.0,0.24688796680497926,1.5499999999999998,32426,0.24688796680497926,0.0005307343433368716,0.22691667180657496,0.03371369294605809,115,0.0035465367297847408,high,med
60612,41300.0,0.2049155379698676,2.4450000000000003,34311,0.2049155379698676,0.05432963019327348,0.7065664072746349,0.11009444015727778,521,0.0151846346652677,low,high
60613,82321.0,0.13191425006616508,1.9,50113,0.13191425006616508,0.0036674354417936404,0.1475265899068106,0.09341987466427933,320,0.006385568614930257,high,med
60614,107461.0,0.13860767031919963,2.035,71308,0.13860767031919963,0.0033349213911386373,0.12492286980422954,0.05042925380841725,425,0.00596006058226286,high,med
60615,44111.0,0.23605719155383012,1.99,41563,0.23605719155383012,0.017564624562067987,0.664990496354931,0.08965110730625649,307,0.0073863773067391674,low,high
60616,45997.0,0.2610066756767826,2.19,54464,0.2610066756767826,0.0396445099725601,0.6946606933019976,0.13104120739358996,332,0.006095769682726205,low,high
60617,40265.0,0.34152830991911454,2.92,82534,0.34152830991911454,0.09386973180076628,0.6101243124045848,0.13904933908359152,768,0.00930525601570262,low,high
60618,73810.0,0.17383374654469808,2.69,94395,0.17383374654469808,0.043372944629677126,0.17759415223263944,0.12792320884906339,847,0.008972932888394512,med,med
60619,33454.0,0.3338034611572768,2.37,61258,0.3338034611572768,0.07898147442250515,0.9743217212445722,0.14023923637681743,727,0.011867837670181854,low,high
60620,35890.0,0.3661397044256904,2.69,68096,0.3661397044256904,0.12254843694282658,0.9804100093984962,0.1254072840489465,888,0.013040413533834587,low,high
60621,20991.0,0.3001834862385321,2.645,29042,0.3001834862385321,0.08064220183486238,0.972419254872254,0.12689247556262787,420,0.014461813924660836,low,high
60622,93988.0,0.09782144382742418,2.2800000000000002,52793,0.09782144382742418,0.01926527125160188,0.18400166688765557,0.08759992072405365,469,0.00888375352792984,high,med
60623,31634.0,0.23183363327334533,3.44,85979,0.23183363327334533,0.13089382123575286,0.6066365042626688,0.12827312958318024,2397,0.027878900661789507,low,high
60624,22992.0,0.2758008621418308,3.0300000000000002,36158,0.2758008621418308,0.11850223987828586,0.9569389899883843,0.12590975254730713,626,0.017312904474805022,low,high
60625,64117.0,0.17340061638500356,2.6100000000000003,79243,0.17340061638500356,0.03864259829986114,0.3098191638378153,0.13719074591391045,984,0.01241750059942203,med,high
60626,40591.0,0.1562653343444707,2.125,49730,0.1562653343444707,0.017352901815586387,0.3798511964608888,0.14827151388261045,738,0.01484013673838729,low,high
60628,40261.0,0.3652374325969734,2.885,66724,0.3652374325969734,0.1208036180205253,0.9497332294226964,0.11469897623743777,832,0.012469276422276842,low,high
60629,42019.0,0.2658434662393565,3.44,111850,0.2658434662393565,0.16080686209821848,0.5683504693786321,0.1348134118126566,2173,0.01942780509611086,low,high
60630,72092.0,0.29185757922871325,2.675,57344,0.29185757922871325,0.08080374188621611,0.24070521763392858,0.12480653482373173,556,0.009695870535714286,med,high
60631,91034.0,0.32438553812599613,2.16,29529,0.32438553812599613,0.01778374297458267,0.06817027329066341,0.11756852601276649,202,0.006840732838904128,high,low
60632,42758.0,0.2506220402921583,3.62,91039,0.2506220402921583,0.1556705995665784,0.4637353222245411,0.14245065176908753,2106,0.023132943024418106,low,high
60633,47083.0,0.25096112772319523,2.58,12871,0.25096112772319523,0.05296881674498078,0.2862248465542693,0.10461332312404288,209,0.016238054541216688,low,high
60634,66741.0,0.30617246132639,2.8200000000000003,75995,0.30617246132639,0.06873181191606678,0.20138166984670045,0.14087808689706816,1016,0.013369300611882361,med,med
60636,27310.0,0.4522690291086603,2.885,32203,0.4522690291086603,0.11896582896402097,0.9512157252429898,0.11656537933738483,536,0.016644412011303296,low,high
60637,28785.0,0.23507695507487522,2.2800000000000002,47454,0.23507695507487522,0.053712562396006656,0.8234922240485523,0.10805311629899336,466,0.009820036245627344,low,high
60638,67984.0,0.30323283330857964,2.81,58797,0.30323283330857964,0.10064854695777019,0.24186608160280287,0.13924934028307853,825,0.014031328128986173,med,high
60639,44150.0,0.22530308955807588,3.545,90517,0.22530308955807588,0.16484161126319907,0.545400311543688,0.152199191836972,2285,0.025243876840814434,low,high
60640,53831.0,0.187222968915325,1.9449999999999998,69715,0.187222968915325,0.013125911521633447,0.32850892921179087,0.11868744872846596,630,0.009036792655812953,low,high
60641,60073.0,0.23424696241876236,2.84,71023,0.23424696241876236,0.08783756509102653,0.28193683736254455,0.14378833012090414,958,0.013488588203821298,med,high
60642,101939.0,0.11832019863974955,2.16,20201,0.11832019863974955,0.02267084098024398,0.24102767189743082,0.0648276627629461,115,0.005692787485768031,high,high
60643,64477.0,0.37727222036355523,2.7,49870,0.37727222036355523,0.0935095349615256,0.7625626629236013,0.11836340684636519,588,0.011790655704832564,med,high
60644,27262.0,0.2874716934940939,2.9800000000000004,47712,0.2874716934940939,0.1217944794663076,0.9445003353454058,0.14750322209120575,875,0.018339201877934273,low,high
60645,53340.0,0.2898185173792679,2.88,47732,0.2898185173792679,0.06576438019071056,0.39537417246291795,0.12166286327018778,817,0.01711639989943853,low,high
60646,89480.0,0.37811812179016874,2.435,27987,0.37811812179016874,0.02632061628760088,0.14917640333011756,0.0873403122782115,273,0.009754528888412477,high,med
60647,73443.0,0.13447024255343665,2.535,87509,0.13447024255343665,0.04560119836377254,0.19901952941983111,0.12139259787844273,924,0.010558913940280428,med,med
60649,30222.0,0.24587748895119518,2.23,46024,0.24587748895119518,0.05683600247113054,0.9498522509994786,0.13602541820551814,607,0.013188771075960368,low,high
60651,38083.0,0.2742583829440798,3.2199999999999998,63218,0.2742583829440798,0.1567190759680456,0.8173937802524598,0.15660613650594865,1162,0.018380840899743744,low,high
60652,68425.0,0.2649962602842184,3.19,43907,0.2649962602842184,0.15886312640239342,0.708315302799098,0.1406932273315867,647,0.014735691347621108,med,high
60653,29569.0,0.2406861063464837,2.2,31972,0.2406861063464837,0.050291595197255574,0.9358188414863006,0.12085149178679182,398,0.012448392343300387,low,high
60654,112699.0,0.07167716274444813,1.6,19135,0.07167716274444813,0.0,0.194460412856023,0.031171643492135855,117,0.006114449960804808,high,med
60655,97572.0,0.2696706089336331,2.41,28804,0.2696706089336331,0.04926204672075066,0.09637550340230523,0.1721082709431622,206,0.007151784474378559,high,med
60656,61599.0,0.28317339510258105,2.255,27579,0.28317339510258105,0.01753805426869623,0.12828601472134596,0.1283663645431285,191,0.006925559302367743,med,med
60657,92295.0,0.12049475753604194,1.955,70052,0.12049475753604194,0.004341415465268676,0.11011819791012391,0.06975956107794094,269,0.0038400045680351737,high,med
60659,51383.0,0.22625634806336695,3.08,41068,0.22625634806336695,0.09444402334571364,0.42573293074900165,0.13309588527509608,543,0.013221973312554787,low,high
60660,49241.0,0.21546720835751595,1.96,43242,0.21546720835751595,0.012236409363513253,0.3165209749780306,0.12199611147116007,305,0.007053327783173766,low,high
60661,107245.0,0.027744882422601928,1.6749999999999998,9926,0.027744882422601928,0.0,0.4003626838605682,0.033365518721167255,32,0.003223856538384042,high,high
60706,62657.0,0.39001014770549103,2.4850000000000003,23301,0.39001014770549103,0.04566467470966287,0.10561778464443586,0.08538083538083538,256,0.0109866529333505,med,med
60707,57554.0,0.3250351977473442,2.645,43019,0.3250351977473442,0.07602713426340714,0.24863432436830238,0.1172215843857635,581,0.013505660289639461,med,high
60712,93250.0,0.5,2.86,12539,0.5,0.09906103286384976,0.34811388467979903,0.05773377769064889,132,0.010527155275540314,high,high
60714,60708.0,0.4558342420937841,2.565,29743,0.4558342420937841,0.07560886950199927,0.24859630837507984,0.09797523098093179,573,0.019265037151598694,med,high
60803,56239.0,0.2831732479544646,2.6,22390,0.2831732479544646,0.036048855685995494,0.2937472085752568,0.12461799660441426,184,0.008217954443948192,med,high
60804,47487.0,0.1889678754611716,3.7199999999999998,83147,0.1889678754611716,0.1316476199046162,0.6152116131670415,0.15456808726700955,2037,0.024498779270448724,low,high
60805,72054.0,0.2733638182337811,2.71,19666,0.2733638182337811,0.055301514718491,0.28943354012000405,0.1076518166645269,184,0.009356249364385233,med,high
60827,31954.0,0.21868952170306885,2.63,28577,0.21868952170306885,0.08238871993364667,0.931378381215663,0.12677518282613823,262,0.009168212198621269,low,high
60901,47629.0,0.29021061765401907,2.645,35509,0.29021061765401907,0.03849491204543662,0.35424821876144075,0.10415472779369628,357,0.010053789180207835,low,high
60911,66719.0,0.3,2.4299999999999997,1308,0.3,0.07547169811320754,0.028287461773700305,0.11797752808988764,6,0.0045871559633027525,med,low
60912,45313.0,0.386046511627907,2.6799999999999997,521,0.386046511627907,0.023255813953488372,0.06525911708253358,0.07674943566591422,6,0.011516314779270634,low,low
60914,68512.0,0.249421519475511,2.55,29969,0.249421519475511,0.03817971461627458,0.11558610564249724,0.1030158130950883,102,0.0034035169675331175,med,med
60915,55152.0,0.2993288590604027,2.715,10121,0.2993288590604027,0.03543624161073825,0.09327141586799724,0.10296774193548387,40,0.003952178638474459,med,med
60919,70833.0,0.34134615384615385,2.2249999999999996,481,0.34134615384615385,0.019230769230769232,0.004158004158004158,0.10218978102189781,6,0.012474012474012475,med,low
60922,68594.0,0.25,2.85,2389,0.25,0.017201834862385322,0.06822938467978233,0.11553344389165285,11,0.0046044370029300966,med,low
60927,59716.0,0.3216444981862152,2.315,2106,0.3216444981862152,0.020556227327690448,0.006172839506172839,0.11740654205607477,43,0.020417853751187084,med,low
60928,55250.0,0.3312302839116719,2.54,775,0.3312302839116719,0.028391167192429023,0.0012903225806451613,0.1515650741350906,7,0.00903225806451613,med,low
60950,59240.0,0.32614974450122197,2.37,11803,0.32614974450122197,0.036214174627860474,0.03838007286283148,0.08448637316561845,59,0.004998729136660171,med,low
60954,60331.0,0.31348261076703193,2.705,5846,0.31348261076703193,0.03525488327775131,0.1098186794389326,0.08951781970649896,21,0.0035921997947314403,med,med
60955,55486.0,0.3209076175040519,2.49,1614,0.3209076175040519,0.06320907617504051,0.1809169764560099,0.09752321981424149,10,0.006195786864931847,med,med
60958,28922.0,0.393006993006993,2.505,1784,0.393006993006993,0.04895104895104895,0.8026905829596412,0.05928571428571429,18,0.010089686098654708,low,high
60964,53723.0,0.33177083333333335,2.585,5070,0.33177083333333335,0.03854166666666667,0.14201183431952663,0.08767657087189479,22,0.004339250493096647,low,med
60970,41330.0,0.3811488416375754,2.105,6948,0.3811488416375754,0.03141859727070771,0.0590097869890616,0.12081688690578342,10,0.0014392630972941854,low,low
61008,58709.0,0.2918094305759504,2.715,34292,0.2918094305759504,0.06363191385217817,0.1258019363116762,0.10917602996254681,237,0.006911232940627551,med,med
61010,76620.0,0.2303236797274276,2.41,7805,0.2303236797274276,0.031686541737649065,0.022805893657911594,0.11668592176926885,7,0.0008968609865470852,med,low
61012,59565.0,0.18691588785046728,3.13,2432,0.18691588785046728,0.0794392523364486,0.060032894736842105,0.09220231822971549,9,0.003700657894736842,med,low
61016,74821.0,0.3738185255198488,2.31,4962,0.3738185255198488,0.04253308128544423,0.08222490931076179,0.0684964200477327,21,0.004232164449818622,med,low
61021,59874.0,0.3052666890305267,2.135,23031,0.3052666890305267,0.03723582690372358,0.09178932742824888,0.08652993058817389,62,0.00269202379401676,med,med
61032,42829.0,0.3431787279045173,2.1950000000000003,29896,0.3431787279045173,0.04864783199879136,0.16286459727053787,0.1081856750686299,120,0.004013914905004014,low,med
61054,52313.0,0.3191489361702128,2.175,3674,0.3191489361702128,0.01094224924012158,0.005988023952095809,0.10339095744680851,6,0.001633097441480675,low,low
61061,59519.0,0.4046732136810024,2.06,6382,0.4046732136810024,0.008804605485946495,0.00940144155437167,0.1040398450470393,7,0.0010968348480100282,med,low
61064,57525.0,0.3200522534291313,2.2800000000000002,3640,0.3200522534291313,0.0,0.028846153846153848,0.09806582965727859,9,0.0024725274725274724,med,low
61065,70056.0,0.24977830328111145,3.215,10360,0.24977830328111145,0.07833284067395803,0.06978764478764479,0.0916396629941672,20,0.0019305019305019305,med,low
61068,54797.0,0.27768044849334267,2.4050000000000002,14289,0.27768044849334267,0.05851436580238262,0.10525579116803135,0.10927211247552945,117,0.008188116733151375,med,med
61071,52355.0,0.32606785023730006,2.45,13997,0.32606785023730006,0.05501845667076815,0.05915553332857041,0.1256047303350654,26,0.0018575409016217761,low,low
61072,84159.0,0.32056769542689795,2.4050000000000002,11565,0.32056769542689795,0.04685740031538635,0.017985300475572848,0.08453451826162349,21,0.0018158236057068742,high,low
61073,84563.0,0.25975696926375985,2.6849999999999996,19165,0.25975696926375985,0.08134381701215154,0.06433602921993217,0.07720563226991362,34,0.001774067310200887,high,low
61080,61419.0,0.22479423868312756,2.59,10440,0.22479423868312756,0.05015432098765432,0.04511494252873563,0.07784810126582278,26,0.0024904214559386974,med,low
61081,53286.0,0.32418018835810736,2.2199999999999998,21129,0.32418018835810736,0.039260183819357766,0.07212835439443419,0.10844715399495868,57,0.002697714042311515,low,low
61084,70304.0,0.32210353327855384,2.5,3085,0.32210353327855384,0.04437140509449466,0.015559157212317666,0.10858072387149248,6,0.0019448946515397082,med,low
61088,83500.0,0.28395585738539897,2.235,6052,0.28395585738539897,0.023769100169779286,0.03750826173165896,0.09786514478968505,6,0.0009914077990746861,high,low
61101,35054.0,0.2670177748518762,2.55,19546,0.2670177748518762,0.0738643844634628,0.42888570551519495,0.12496618880173113,156,0.007981172618438555,low,high
61102,39793.0,0.26729919842957633,2.795,17760,0.26729919842957633,0.07279568133486014,0.4012387387387387,0.13245082088448454,143,0.008051801801801801,low,high
61103,37749.0,0.30826630487450335,2.2249999999999996,23964,0.30826630487450335,0.04438414575055723,0.25216992154899015,0.12281515854601702,146,0.006092472041395427,low,high
61104,28453.0,0.206993006993007,2.5149999999999997,19454,0.206993006993007,0.05034965034965035,0.35843528323224016,0.13313099261916259,163,0.008378739590829649,low,high
61107,60404.0,0.3515201685731487,2.245,30905,0.3515201685731487,0.03619807344972908,0.15479695842096747,0.0990528494110156,113,0.0036563662837728523,med,med
61108,52852.0,0.31262239629695565,2.4000000000000004,27819,0.31262239629695565,0.052875200284849565,0.20432078795068118,0.11310382119682769,198,0.0071174377224199285,low,med
61109,49224.0,0.2500689274882823,2.4699999999999998,27224,0.2500689274882823,0.08004778972520908,0.20140317367029092,0.1079062820871838,153,0.005620041140170438,low,med
61111,52931.0,0.28156527055946196,2.33,23837,0.28156527055946196,0.0651177010088658,0.07014305491462852,0.09703833678949328,61,0.002559046859923648,low,low
61114,74025.0,0.420278756317966,2.295,15591,0.420278756317966,0.016235258079338337,0.13129369508049515,0.06550384644679717,62,0.00397665319735745,med,med
61115,60213.0,0.2633949191685912,2.63,22574,0.2633949191685912,0.06836027713625865,0.05656950473996633,0.1120127199956138,60,0.0026579250465136885,med,low
61201,47563.0,0.28899112291842155,2.295,38385,0.28899112291842155,0.028380742564634225,0.258147713950762,0.1250522524840027,156,0.004064087534193044,low,high
61235,58636.0,0.3530405405405405,2.43,1519,0.3530405405405405,0.016891891891891893,0.0065832784726793945,0.09557522123893805,8,0.005266622778143515,med,low
61240,72292.0,0.35568274734260014,2.765,6138,0.35568274734260014,0.016762060506950123,0.020202020202020204,0.08895038545167029,9,0.001466275659824047,med,low
61241,64552.0,0.2793848407176858,2.095,6827,0.2793848407176858,0.05126327352618089,0.00424783946096382,0.09543493889288282,15,0.002197158341877838,med,low
61244,49343.0,0.3521837106985728,2.29,23679,0.3521837106985728,0.04753728940873484,0.20980615735461802,0.10027472527472528,140,0.005912411841716289,low,med
61252,59572.0,0.3148069579974544,2.07,5341,0.3148069579974544,0.04285108188375053,0.013667852462085751,0.11195752539242844,13,0.002434001123385134,med,low
61254,67312.0,0.38789794536012645,2.08,11004,0.38789794536012645,0.011966583878979453,0.01772082878953108,0.10201050948137994,8,0.0007270083605961468,med,low
61264,56832.0,0.3365688963916438,2.125,10621,0.3365688963916438,0.04156995146655412,0.04735900574333867,0.107387923147301,19,0.0017889087656529517,med,low
61265,52635.0,0.3129754860524091,2.25,43706,0.3129754860524091,0.04062764158918005,0.1274424564133071,0.11744475969392142,174,0.003981146753306182,low,med
61270,57250.0,0.3707435719249479,2.33,7007,0.3707435719249479,0.024322446143154968,0.011988011988011988,0.10802251935256861,7,0.000999000999000999,med,low
61275,68774.0,0.2946623093681917,2.415,4750,0.2946623093681917,0.0196078431372549,0.03978947368421053,0.08190370780298838,9,0.001894736842105263,med,low
61282,50620.0,0.30799045915324985,2.29,7820,0.30799045915324985,0.028920691711389387,0.11048593350383631,0.09627685747088732,34,0.004347826086956522,low,med
61341,59147.0,0.286673058485139,2.575,7999,0.286673058485139,0.036752956216043464,0.017877234654331792,0.13121743249644718,30,0.0037504688086010753,med,low
61342,58845.0,0.29605839416058394,2.445,8763,0.29605839416058394,0.05401459854014599,0.05169462512838069,0.0902797400395592,16,0.0018258587241812164,med,low
61350,53793.0,0.3063791554357592,2.32,23835,0.3063791554357592,0.03524009184386543,0.061925739458779105,0.12386565140294148,16,0.000671281728550451,low,low
61354,50809.0,0.386388111135042,2.115,10589,0.386388111135042,0.026060736592720225,0.02833128718481443,0.14173228346456693,6,0.0005666257436962887,low,low
61356,59638.0,0.38426918131161597,2.19,10680,0.38426918131161597,0.03429061294470639,0.02790262172284644,0.11345736788037895,6,0.0005617977528089888,med,low
61401,38710.0,0.34891351903164647,2.1449999999999996,33685,0.34891351903164647,0.03791745661367945,0.17818019890158823,0.10556997120818967,70,0.0020780762950868338,low,med
61410,44570.0,0.3276872964169381,2.505,3892,0.3276872964169381,0.013029315960912053,0.006937307297019527,0.0738837134596852,6,0.001541623843782117,low,low
61443,40559.0,0.3287253141831239,2.37,13663,0.3287253141831239,0.023518850987432675,0.11776330234941082,0.09849967384213959,16,0.0011710458903608286,low,med
61455,42013.0,0.28523583589171086,2.3449999999999998,20698,0.28523583589171086,0.029025955902874687,0.10943086288530293,0.11062340260028893,47,0.0022707507971784714,low,med
61462,43568.0,0.3186587591240876,2.2800000000000002,11521,0.3186587591240876,0.04881386861313869,0.13540491276798888,0.1146258128513171,95,0.008245811995486503,low,med
61469,44967.0,0.4145854145854146,1.94,2248,0.4145854145854146,0.08891108891108891,0.022686832740213523,0.07802874743326489,6,0.0026690391459074734,low,low
61525,122000.0,0.16870179948586117,2.97,9188,0.16870179948586117,0.04916452442159383,0.2151719634305616,0.05400030595074193,6,0.00065302568567697,high,med
61554,53504.0,0.30759056929269696,2.255,42059,0.30759056929269696,0.048303622771707876,0.026486602154116835,0.102455871066769,19,0.0004517463563089945,low,low
61603,34167.0,0.1861786052382455,2.5650000000000004,16655,0.1861786052382455,0.0866203849794888,0.4871209846892825,0.15741935483870967,23,0.0013809666766736715,low,high
61604,46813.0,0.28077805013046575,2.285,30582,0.28077805013046575,0.05258163991460425,0.29726636583611277,0.12934940928952904,24,0.0007847753580537571,low,high
61605,21923.0,0.29627723451706983,2.6950000000000003,15713,0.29627723451706983,0.06399039286326985,0.5956851015083052,0.1624125874125874,16,0.0010182651307834277,low,high
61610,47127.0,0.25256290773532153,2.5300000000000002,5493,0.25256290773532153,0.043336439888164026,0.011651192426724922,0.09980765120752297,6,0.0010922992900054614,low,low
61611,59891.0,0.31418762178713927,2.1849999999999996,24877,0.31418762178713927,0.02635241718474529,0.03887124653294208,0.1042574589339591,18,0.0007235599147807211,med,low
61614,62436.0,0.33651344319167387,2.11,28012,0.33651344319167387,0.01923835054797761,0.1816364415250607,0.07902405079806898,46,0.0016421533628444953,med,med
61615,67908.0,0.27820852887165887,2.2800000000000002,23168,0.27820852887165887,0.03295245868190165,0.28595476519337015,0.06471503166314854,21,0.0009064226519337016,med,high
61701,45664.0,0.23499638467100506,2.205,35783,0.23499638467100506,0.03529875764149083,0.1743006455579465,0.12201859587656651,41,0.0011457954894782438,low,med
61704,87174.0,0.20842076761659784,2.41,37204,0.20842076761659784,0.021593447505584513,0.22863132996451993,0.08718175931290685,26,0.0006988495860660144,high,med
61705,106915.0,0.19941677882458503,2.6799999999999997,12971,0.19941677882458503,0.034320323014804845,0.12458561406213861,0.05948193156379917,9,0.0006938555238609205,high,med
61761,55434.0,0.19071562801564326,2.5300000000000002,55222,0.19071562801564326,0.016354309512925998,0.16627431096302198,0.13913758055447428,38,0.0006881315417768281,med,med
61764,52017.0,0.30379256965944273,2.3049999999999997,14026,0.30379256965944273,0.0516640866873065,0.11435904748324541,0.09962940618805481,11,0.0007842578069299871,low,med
61801,31530.0,0.13848547717842324,2.175,31157,0.13848547717842324,0.022389349930843707,0.377796321853837,0.10340159666782367,25,0.0008023879064094746,low,high
61802,45321.0,0.2401212262501457,2.14,19349,0.2401212262501457,0.03496911061895326,0.2886454080314228,0.11068413758346983,44,0.0022740193291642978,low,high
61820,24305.0,0.08923700958108959,2.2,38156,0.08923700958108959,0.009231414784250647,0.31976622287451517,0.10844871432608082,55,0.0014414508858370898,low,high
61821,55743.0,0.24674547358970522,2.26,30582,0.24674547358970522,0.03067484662576687,0.30197501798443527,0.12757927554662182,48,0.0015695507161075143,med,high
61822,85231.0,0.2348914531586153,2.42,25829,0.2348914531586153,0.07177782123997653,0.30005033102326845,0.06769939702926614,31,0.0012002013240930737,high,high
61832,37822.0,0.3261517145826117,2.37,34918,0.3261517145826117,0.05493591963976446,0.2909387708345266,0.10664675130694548,18,0.0005154934417778796,low,high
61853,90465.0,0.2142136079143953,2.835,13981,0.2142136079143953,0.012113870381586917,0.03998283384593377,0.10618625488513965,11,0.0007867820613690008,high,low
61866,43030.0,0.26550598476605003,2.525,14296,0.26550598476605003,0.05821545157780196,0.26245103525461666,0.09185199028219025,99,0.006925013989927252,low,high
61874,65048.0,0.29693034238488786,2.38,8150,0.29693034238488786,0.015053128689492325,0.22613496932515337,0.06566632001188531,11,0.0013496932515337423,med,med
61910,53665.0,0.2836438923395445,2.74,4225,0.2836438923395445,0.012422360248447204,0.04118343195266272,0.07509505703422054,6,0.0014201183431952662,low,low
61920,41045.0,0.23246383165278386,2.245,24001,0.23246383165278386,0.022139412538360367,0.09857922586558894,0.13026801553435297,46,0.0019165868088829633,low,med
61938,44797.0,0.3075528056326008,2.275,21840,0.3075528056326008,0.028696394282056753,0.02394688644688645,0.11047887323943661,18,0.0008241758241758242,low,low
61953,53684.0,0.3116583301269719,2.185,6067,0.3116583301269719,0.01654482493266641,0.02587769902752596,0.10130515848353014,11,0.001813087193011373,low,low
62002,43406.0,0.29857430768082405,2.265,31059,0.29857430768082405,0.0620288124206912,0.21671657168614572,0.1256769224597858,76,0.0024469557938117774,low,med
62010,67535.0,0.2945719329214475,2.385,11357,0.2945719329214475,0.06619593998234775,0.026943735141322533,0.0910913140311804,12,0.0010566170643655896,med,low
62012,75650.0,0.29148514851485147,2.425,6426,0.29148514851485147,0.03564356435643564,0.0018674136321195146,0.08526693076777966,6,0.0009337068160597573,med,low
62018,46722.0,0.27596899224806204,2.34,3034,0.27596899224806204,0.11782945736434108,0.023731048121292023,0.10554635761589404,6,0.001977587343441002,low,low
62024,54975.0,0.3268555373448841,2.235,9916,0.3268555373448841,0.048232264106766565,0.04941508672851956,0.09424280350438048,7,0.0007059298104074224,med,low
62025,76809.0,0.24165907773822337,2.545,34313,0.24165907773822337,0.05662720423876149,0.1079182817008131,0.10533534976963388,106,0.0030892081718299188,high,med
62034,80625.0,0.33208087314367507,2.225,13667,0.33208087314367507,0.011808910359634998,0.08216872759200995,0.06339923883783533,55,0.004024292090436818,high,low
62035,66474.0,0.3641720683559222,2.3049999999999997,16520,0.3641720683559222,0.04139658220388922,0.09661016949152543,0.10564216778025241,18,0.0010895883777239709,med,med
62040,49182.0,0.29312390530538446,2.36,42447,0.29312390530538446,0.07265947228656987,0.0893349353311188,0.12390691728886435,67,0.0015784389945108018,low,low
62052,50704.0,0.2799431587494925,2.3049999999999997,12292,0.2799431587494925,0.029029638652050344,0.007159127888057273,0.1148159477923932,13,0.0010575984380084608,low,low
62056,48580.0,0.33315747823793196,2.175,8574,0.33315747823793196,0.05460300712213136,0.020293911826452064,0.10563882940756603,12,0.0013995801259622112,low,low
62060,24864.0,0.26862645717181954,2.3,4586,0.26862645717181954,0.055752660922453116,0.5900566942869603,0.11859838274932614,17,0.003706934147405146,low,high
62062,70141.0,0.3038961038961039,2.1100000000000003,8008,0.3038961038961039,0.0380952380952381,0.0678071928071928,0.05297022295376328,7,0.0008741258741258741,med,low
62069,53361.0,0.31497284716834756,2.38,3088,0.31497284716834756,0.016291698991466253,0.015544041450777202,0.10902696365767878,8,0.0025906735751295338,low,low
62088,47143.0,0.325678496868476,2.185,6569,0.325678496868476,0.021572720946416143,0.0009133810321205663,0.10152008686210641,6,0.0009133810321205663,low,low
62090,25370.0,0.3395061728395062,2.675,1293,0.3395061728395062,0.12139917695473251,0.9450889404485692,0.1979045401629802,9,0.0069605568445475635,low,high
62095,45824.0,0.26760244509848313,2.335,10455,0.26760244509848313,0.057731491962870723,0.050884744141559066,0.11984117434725063,16,0.0015303682448589192,low,low
62201,17384.0,0.21105527638190955,3.0700000000000003,7570,0.21105527638190955,0.0780827212988017,0.7715984147952444,0.1423021876916786,13,0.0017173051519154558,low,high
62203,33765.0,0.4311440677966102,2.85,8264,0.4311440677966102,0.11475988700564972,0.9471200387221684,0.12555989018927902,26,0.0031461761858664087,low,high
62204,20942.0,0.265947888589398,2.365,7954,0.265947888589398,0.08176100628930817,0.9713351772692984,0.13903394255874674,33,0.0041488559215489065,low,high
62205,25856.0,0.3973293768545994,2.34,8007,0.3973293768545994,0.07863501483679525,0.9745222929936306,0.12490106063004591,37,0.004620956662919945,low,high
62206,29266.0,0.22554087689067587,2.845,15121,0.22554087689067587,0.08883783266322037,0.6338205145162357,0.15316239316239316,74,0.00489385622644005,low,high
62207,17973.0,0.3459227467811159,2.55,8913,0.3459227467811159,0.08240343347639485,0.9675754515875687,0.15689500448698773,52,0.005834174800852687,low,high
62208,63074.0,0.2700542392235227,2.29,16516,0.2700542392235227,0.0422495004282044,0.34808670380237344,0.09829771821803694,46,0.002785178009203197,med,high
62220,52608.0,0.23728813559322035,2.37,18302,0.23728813559322035,0.022287468303750165,0.21276363238990273,0.0917021708257253,87,0.004753578843842203,low,med
62221,63458.0,0.24039173730557156,2.4050000000000002,29949,0.24039173730557156,0.0557978767179656,0.290560619720191,0.10639371137920887,73,0.0024374770443086583,med,high
62223,62572.0,0.31513828238719066,2.2350000000000003,16309,0.31513828238719066,0.02299854439592431,0.22956649702618187,0.11462040332147094,42,0.002575265190998835,med,med
62226,54745.0,0.28724098547887095,2.24,28666,0.28724098547887095,0.022679066731930167,0.2480290239307891,0.11343602909713307,103,0.0035931068164375916,low,high
62230,70536.0,0.2747081712062257,2.3,6279,0.2747081712062257,0.015953307392996108,0.010192705844879758,0.12633832976445397,7,0.0011148272017837235,med,low
62231,53778.0,0.3459077130346918,2.365,7436,0.3459077130346918,0.02155607948804311,0.0486820871436256,0.09119137113907501,75,0.01008606777837547,low,low
62232,50864.0,0.21503293297171638,2.745,6705,0.21503293297171638,0.0526927547462224,0.06487695749440715,0.07867774985501644,8,0.0011931394481730052,low,low
62233,50496.0,0.3413848631239936,2.4050000000000002,9680,0.3413848631239936,0.04186795491143317,0.2652892561983471,0.06891989415443829,89,0.009194214876033058,low,high
62234,55663.0,0.29315887850467287,2.41,32426,0.29315887850467287,0.02586915887850467,0.14457534077592055,0.10762161546348688,43,0.0013260963424412508,med,med
62236,98109.0,0.2784714339765418,2.3499999999999996,13757,0.2784714339765418,0.004540295119182747,0.017445664025586973,0.08036042662743656,38,0.002762230137384604,high,low
62237,51563.0,0.42322834645669294,2.1799999999999997,2435,0.42322834645669294,0.06496062992125984,0.02135523613963039,0.07738693467336684,6,0.0024640657084188913,low,low
62239,46192.0,0.266359918200409,2.3550000000000004,4715,0.266359918200409,0.06032719836400818,0.03817603393425239,0.1679769392033543,11,0.0023329798515376457,low,low
62246,62188.0,0.34025270758122744,2.41,9916,0.34025270758122744,0.03489771359807461,0.12948769665187576,0.07370145063172671,6,0.0006050826946349334,med,med
62249,66615.0,0.3041354607619668,2.365,15507,0.3041354607619668,0.03809833930315858,0.03772489843296576,0.1028150784662676,10,0.0006448700586831754,med,low
62254,63192.0,0.30294585987261147,2.3200000000000003,6292,0.30294585987261147,0.041401273885350316,0.17848061029879211,0.07677689091600153,24,0.003814367450731087,med,med
62257,59338.0,0.34163090128755363,2.3499999999999996,2678,0.34163090128755363,0.08583690987124463,0.0018670649738610904,0.13642443156486847,8,0.002987303958177745,med,low
62258,79432.0,0.27080856123662306,2.57,9253,0.27080856123662306,0.06629013079667063,0.05263157894736842,0.1141858432857559,14,0.0015130228034151087,high,low
62265,71875.0,0.26607669616519175,2.66,4391,0.26607669616519175,0.05073746312684366,0.04691414256433614,0.08854612967723507,27,0.00614894101571396,med,low
62269,87269.0,0.23239197005784282,2.58,32029,0.23239197005784282,0.07017693092888738,0.18480127384557746,0.08758328285887342,61,0.0019045240251022511,high,med
62272,42063.0,0.29365079365079366,2.56,1741,0.29365079365079366,0.050793650793650794,0.08673176335439403,0.06504702194357367,44,0.02527283170591614,low,low
62274,45926.0,0.3317346123101519,2.1149999999999998,7857,0.3317346123101519,0.0407673860911271,0.2171312205676467,0.10074031064015096,9,0.001145475372279496,low,med
62278,66170.0,0.3160601265822785,2.45,6543,0.3160601265822785,0.03599683544303797,0.00871160018340211,0.11200768491834774,15,0.0022925263640531865,med,low
62285,76228.0,0.3043738765727981,2.615,4436,0.3043738765727981,0.012582384661473937,0.033588818755635706,0.12413194444444445,7,0.0015779981965734896,med,low
62286,49092.0,0.3370828646419198,2.23,6110,0.3370828646419198,0.04461942257217848,0.1270049099836334,0.08934707903780069,30,0.004909983633387889,low,med
62288,59401.0,0.32270916334661354,2.475,3094,0.32270916334661354,0.04701195219123506,0.03167420814479638,0.11689909762100081,32,0.010342598577892695,med,low
62293,71728.0,0.32489936745255893,2.395,4427,0.32489936745255893,0.030477285796434734,0.015586175739778631,0.10389246709605153,8,0.0018070928393946238,med,low
62294,82977.0,0.20680376705746684,2.455,14117,0.20680376705746684,0.013838170286373247,0.038960119005454416,0.1072914781979374,16,0.001133385280158674,high,low
62295,78654.0,0.25177304964539005,2.46,1547,0.25177304964539005,0.05673758865248227,0.003232062055591467,0.12113821138211382,7,0.004524886877828055,high,low
62298,74794.0,0.30285285285285285,2.185,16608,0.30285285285285285,0.015915915915915915,0.014029383429672446,0.08847305389221558,38,0.002288053949903661,med,low
62301,40634.0,0.31091407151095735,2.185,32078,0.31091407151095735,0.03784602076124567,0.08981233243967829,0.1291371501567762,21,0.000654654280192032,low,med
62305,69700.0,0.35881353717496406,2.29,19357,0.35881353717496406,0.044819025218868415,0.03290799194089993,0.0876705243421478,15,0.0007749134679960738,med,low
62353,57721.0,0.27122015915119363,2.1799999999999997,5346,0.27122015915119363,0.003978779840848806,0.2680508791619903,0.06394084384515007,6,0.001122334455667789,med,high
62441,55951.0,0.31137724550898205,2.375,6786,0.31137724550898205,0.023952095808383235,0.02490421455938697,0.07856612184249628,6,0.0008841732979664014,med,low
62448,50754.0,0.3267372296364473,2.4050000000000002,5565,0.3267372296364473,0.03681546249424758,0.01940700808625337,0.11611588954277954,36,0.00646900269541779,low,low
62454,50383.0,0.31893448524118073,2.085,11088,0.31893448524118073,0.0314374850011999,0.11553030303030302,0.11372422680412371,8,0.0007215007215007215,low,med
62471,45754.0,0.3274871484729362,2.54,10363,0.3274871484729362,0.06652555185969157,0.11241918363408279,0.09682264586943963,17,0.001640451606677603,low,med
62521,54888.0,0.32954698212125283,2.385,35529,0.32954698212125283,0.04543621454496572,0.18370908272115735,0.11979774406845585,92,0.002589433983506431,med,med
62522,44993.0,0.26869495596477183,2.245,15261,0.26869495596477183,0.03410728582866293,0.22541117882183342,0.1174657256428977,26,0.0017036891422580434,low,med
62526,39683.0,0.336710116180221,2.15,32303,0.336710116180221,0.04987248512326438,0.19570937683806458,0.11214247981284431,30,0.0009287063121072347,low,med
62560,53816.0,0.33771929824561403,2.45,1196,0.33771929824561403,0.08114035087719298,0.010033444816053512,0.06535947712418301,6,0.005016722408026756,low,low
62565,46795.0,0.37720403022670024,2.08,7024,0.37720403022670024,0.05069269521410579,0.029043280182232345,0.14454126089185032,10,0.0014236902050113896,low,low
62568,48085.0,0.33034765447092757,2.09,15787,0.33034765447092757,0.01867314407165629,0.032938493697345916,0.09932976880789215,26,0.0016469246848672958,low,low
62618,44838.0,0.28205128205128205,2.54,7398,0.28205128205128205,0.07657182999648753,0.1380102730467694,0.10673965104344851,55,0.007434441741011084,low,med
62629,87754.0,0.20982658959537573,2.51,13736,0.20982658959537573,0.02042389210019268,0.029557367501456027,0.10421072870601808,12,0.0008736167734420501,high,low
62650,46662.0,0.3088832247710752,2.1399999999999997,26749,0.3088832247710752,0.025677334088549043,0.10217204381472204,0.10577654481184841,27,0.0010093835283562001,low,med
62656,54834.0,0.32720162224797217,2.19,19535,0.32720162224797217,0.0395422943221321,0.12311236242641413,0.09190332326283988,10,0.0005119017148707448,med,med
62664,42472.0,0.3554891710231516,2.065,3061,0.3554891710231516,0.0268857356235997,0.03299575302188827,0.11415168100078187,10,0.003266906239790918,low,low
62675,67188.0,0.34837962962962965,2.1399999999999997,5869,0.34837962962962965,0.04050925925925926,0.018912932356449138,0.08067465962202805,6,0.0010223206679161698,med,low
62681,45849.0,0.33881578947368424,2.15,5552,0.33881578947368424,0.04887218045112782,0.09456051873198847,0.11487964989059081,6,0.001080691642651297,low,med
62684,101989.0,0.2982620948802255,2.265,5861,0.2982620948802255,0.0624706434945984,0.0,0.06611025697342411,69,0.011772735028152192,high,low
62702,39233.0,0.2903081447385245,2.145,34051,0.2903081447385245,0.03196522183863956,0.20287216234471822,0.1396623386177217,61,0.0017914305013068633,low,med
62703,38382.0,0.25312753858651504,2.38,30910,0.25312753858651504,0.06173842404549147,0.3835975412487868,0.13217612540522794,48,0.001552895503073439,low,high
62704,54764.0,0.28362619386839744,2.1100000000000003,40828,0.28362619386839744,0.031396760065431906,0.20650044087391006,0.11070654790563313,37,0.0009062408151268738,low,med
62707,69313.0,0.28811369509043927,2.025,6924,0.28811369509043927,0.01937984496124031,0.043471981513575966,0.09596305165925419,16,0.002310803004043905,med,low
62711,105539.0,0.3566102667049039,2.02,16752,0.3566102667049039,0.023946085460281045,0.08357211079274117,0.06223222714399826,19,0.0011341929321872016,high,low
62801,41736.0,0.3297316551887913,2.3,21444,0.3297316551887913,0.05165043932557587,0.11453087110613691,0.12337291619091116,50,0.002331654542063048,low,med
62832,43385.0,0.31363520081862367,2.145,8848,0.31363520081862367,0.020209772320286517,0.05391048824593128,0.121975101412785,16,0.0018083182640144665,low,low
62837,49788.0,0.34579905260533533,2.215,8960,0.34579905260533533,0.031413612565445025,0.03046875,0.09585062240663901,7,0.00078125,low,low
62864,44120.0,0.3156362224594778,2.1799999999999997,23586,0.3156362224594778,0.039697175579928176,0.12282710082252184,0.10295057520238603,82,0.003476638683965064,low,med
62882,41944.0,0.2842323651452282,2.385,2387,0.2842323651452282,0.12655601659751037,0.020108923334729786,0.16125541125541126,9,0.003770423125261835,low,low
62901,24646.0,0.1720850414720183,2.165,26217,0.1720850414720183,0.015540089617694727,0.32036464889194033,0.09550561797752809,96,0.003661746195216844,low,high
62902,54216.0,0.2205,2.25,4568,0.2205,0.027,0.1339754816112084,0.10060256746135708,13,0.0028458844133099825,low,med
62906,46667.0,0.3623244929797192,2.3,6585,0.3623244929797192,0.0187207488299532,0.04510250569476082,0.1293213828425096,48,0.007289293849658315,low,low
62907,44617.0,0.3572327044025157,2.4699999999999998,1995,0.3572327044025157,0.0389937106918239,0.08771929824561403,0.08436080467229072,12,0.006015037593984963,low,low
62912,41458.0,0.2542372881355932,2.59,1338,0.2542372881355932,0.030131826741996232,0.009715994020926755,0.10766246362754607,6,0.004484304932735426,low,low
62918,51884.0,0.282877209978203,2.36,10155,0.282877209978203,0.02712521191571809,0.07296898079763663,0.12830043578569597,13,0.0012801575578532743,low,low
62920,47557.0,0.33979885057471265,2.3899999999999997,3354,0.33979885057471265,0.03017241379310345,0.06320810971973763,0.12433581296493093,54,0.016100178890876567,low,low
62948,42575.0,0.3126053568083911,2.415,13183,0.3126053568083911,0.03614909159018543,0.06432526738982022,0.13320117058434816,8,0.0006068421451869832,low,low
62959,51532.0,0.33089099954771595,2.32,28201,0.33089099954771595,0.032202623247399365,0.08091911634339208,0.10935239180953216,24,0.0008510336512889614,low,low
62966,43865.0,0.3273207899238066,2.275,15260,0.3273207899238066,0.025345980407401648,0.11028833551769332,0.08553326293558607,48,0.003145478374836173,low,med
62992,25000.0,0.3881118881118881,2.25,690,0.3881118881118881,0.08041958041958042,0.3159420289855073,0.25380710659898476,32,0.0463768115942029,low,high
