ZIP Code,Week Number,Week Start,Week End,Cases - Weekly,Cases - Cumulative,Case Rate - Weekly,Case Rate - Cumulative,Tests - Weekly,Tests - Cumulative,Test Rate - Weekly,Test Rate - Cumulative,Percent Tested Positive - Weekly,Percent Tested Positive - Cumulative,Deaths - Weekly,Deaths - Cumulative,Death Rate - Weekly,Death Rate - Cumulative,Population,Row ID,ZIP Code Location
60616,10,03/01/2020,03/07/2020,,,,,3,3,6,5.5,,,0,0,0.0,0.0,54464,60616-10,POINT (-87.629531 41.844869)
60641,10,03/01/2020,03/07/2020,,,,,0,0,0,0,,,0,0,0.0,0.0,71023,60641-10,POINT (-87.746791 41.946682)
60660,10,03/01/2020,03/07/2020,,,,,0,0,0,0,,,0,0,0.0,0.0,43242,60660-10,POINT (-87.666362 41.991062)
60657,19,05/03/2020,05/09/2020,27,251,38,358.3,264,1590,377,2269.7,0.1,0.2,2,17,2.9,24.3,70052,60657-19,POINT (-87.658216 41.939715)
60605,19,05/03/2020,05/09/2020,12,141,44,512.4,142,858,516,3117.8,0.1,0.2,0,1,0.0,3.6,27519,60605-19,POINT (-87.623449 41.867824)
60656,15,04/05/2020,04/11/2020,29,64,105,232.1,179,490,649,1776.7,0.1,0.1,0,2,0.0,7.3,27579,60656-15,POINT (-87.817934 41.974566)
60631,15,04/05/2020,04/11/2020,39,77,132,260.8,186,559,630,1893.1,0.1,0.1,0,1,0.0,3.4,29529,60631-15,POINT (-87.813371 41.995019)
60611,16,04/12/2020,04/18/2020,10,74,31,228.2,103,460,318,1418.6,0.1,0.2,0,0,0.0,0.0,32426,60611-16,POINT (-87.620291 41.894734)
60608,15,04/05/2020,04/11/2020,123,280,155,353.5,324,815,409,1029,0.4,0.4,3,4,3.8,5.1,79205,60608-15,POINT (-87.670366 41.849879)
60641,21,05/17/2020,05/23/2020,191,1250,269,1760,750,4563,1056,6424.7,0.2,0.3,2,38,2.8,53.5,71023,60641-21,POINT (-87.746791 41.946682)
60629,21,05/17/2020,05/23/2020,359,2750,321,2458.6,1252,7583,1119,6779.6,0.3,0.4,9,57,8.0,51.0,111850,60629-21,POINT (-87.711565 41.777061)
60628,19,05/03/2020,05/09/2020,114,781,171,1170.5,550,2803,824,4200.9,0.2,0.3,12,65,18.0,97.4,66724,60628-19,POINT (-87.621537 41.694192)
60656,14,03/29/2020,04/04/2020,23,35,83,126.9,137,311,497,1127.7,0.2,0.2,2,2,7.3,7.3,27579,60656-14,POINT (-87.817934 41.974566)
60620,19,05/03/2020,05/09/2020,97,833,142,1223.3,607,3224,891,4734.5,0.2,0.3,6,57,8.8,83.7,68096,60620-19,POINT (-87.651656 41.740873)
60645,12,03/15/2020,03/21/2020,19,19,40,39.8,77,81,161,169.7,0.3,0.3,0,0,0.0,0.0,47732,60645-12,POINT (-87.695049 42.008927)
60619,16,04/12/2020,04/18/2020,94,416,153,679.1,352,1216,575,1985,0.3,0.3,6,25,9.8,40.8,61258,60619-16,POINT (-87.60569 41.744737)
Unknown,10,03/01/2020,03/07/2020,,,,,60,60,0,0,,,1,1,0.0,0.0,0,Unknown-10,
60649,13,03/22/2020,03/28/2020,38,59,83,128.2,153,278,332,604,0.3,0.3,3,3,6.5,6.5,46024,60649-13,POINT (-87.571522 41.762202)
60660,16,04/12/2020,04/18/2020,66,172,153,397.8,196,577,453,1334.4,0.3,0.3,7,9,16.2,20.8,43242,60660-16,POINT (-87.666362 41.991062)
60607,14,03/29/2020,04/04/2020,35,70,118,236.6,90,292,304,986.8,0.3,0.3,0,0,0.0,0.0,29591,60607-14,POINT (-87.652727 41.876104)
60642,11,03/08/2020,03/14/2020,,,,,3,4,15,19.8,,,0,0,0.0,0.0,20201,60642-11,POINT (-87.657821 41.899935)
60630,14,03/29/2020,04/04/2020,32,62,56,108.1,192,415,335,723.7,0.2,0.2,0,2,0.0,3.5,57344,60630-14,POINT (-87.759611 41.971261)
60636,10,03/01/2020,03/07/2020,,,,,0,0,0,0,,,0,0,0.0,0.0,32203,60636-10,POINT (-87.668597 41.77599)
60614,12,03/15/2020,03/21/2020,18,24,25,33.7,125,160,175,224.4,0.2,0.2,1,1,1.4,1.4,71308,60614-12,POINT (-87.652064 41.922605)
60645,17,04/19/2020,04/25/2020,125,583,262,1221.4,311,1500,652,3142.5,0.4,0.4,11,28,23.0,58.7,47732,60645-17,POINT (-87.695049 42.008927)
60652,16,04/12/2020,04/18/2020,61,224,139,510.2,223,658,508,1498.6,0.3,0.4,3,9,6.8,20.5,43907,60652-16,POINT (-87.714238 41.745398)
60609,17,04/19/2020,04/25/2020,211,528,343,858.6,521,1371,847,2229.4,0.4,0.4,9,19,14.6,30.9,61495,60609-17,POINT (-87.653382 41.812017)
60661,21,05/17/2020,05/23/2020,5,37,50,372.8,54,339,544,3415.3,0.0,0.1,0,0,0.0,0.0,9926,60661-21,POINT (-87.644283 41.882786)
60618,11,03/08/2020,03/14/2020,,,,,18,19,19,20.1,0.3,0.3,0,0,0.0,0.0,94395,60618-11,POINT (-87.703343 41.946699)
60623,10,03/01/2020,03/07/2020,,,,,3,3,4,3.5,,,0,0,0.0,0.0,85979,60623-10,POINT (-87.717446 41.850321)
60625,18,04/26/2020,05/02/2020,216,692,273,873.3,812,2303,1025,2906.3,0.3,0.3,15,40,18.9,50.5,79243,60625-18,POINT (-87.701816 41.971155)
Unknown,15,04/05/2020,04/11/2020,21,45,0,0,556,2186,0,0,0.0,0.0,1,6,0.0,0.0,0,Unknown-15,
60639,15,04/05/2020,04/11/2020,163,281,180,310.4,348,775,384,856.2,0.5,0.4,5,8,5.5,8.8,90517,60639-15,POINT (-87.75531 41.920609)
60610,10,03/01/2020,03/07/2020,,,,,4,4,10,10.3,,,0,0,0.0,0.0,39019,60610-10,POINT (-87.63581 41.90455)
60620,17,04/19/2020,04/25/2020,168,652,247,957.5,842,2098,1236,3080.9,0.2,0.3,5,45,7.3,66.1,68096,60620-17,POINT (-87.651656 41.740873)
60632,17,04/19/2020,04/25/2020,368,810,404,889.7,765,1829,840,2009,0.6,0.5,7,17,7.7,18.7,91039,60632-17,POINT (-87.711251 41.810038)
60638,18,04/26/2020,05/02/2020,176,555,299,943.9,573,2041,974,3471.3,0.3,0.3,10,17,17.0,28.9,58797,60638-18,POINT (-87.771902 41.787032)
60659,17,04/19/2020,04/25/2020,95,340,231,827.9,253,963,616,2344.9,0.3,0.4,6,19,14.6,46.3,41068,60659-17,POINT (-87.703266 41.99080300000001)
60644,17,04/19/2020,04/25/2020,177,543,371,1138.1,495,1421,1038,2978.3,0.4,0.4,13,28,27.2,58.7,47712,60644-17,POINT (-87.756863 41.881113)
60655,12,03/15/2020,03/21/2020,,,,,30,35,104,121.5,,,0,0,0.0,0.0,28804,60655-12,POINT (-87.701434 41.696456)
60622,15,04/05/2020,04/11/2020,74,165,140,312.5,197,556,373,1053.2,0.3,0.3,2,3,3.8,5.7,52793,60622-15,POINT (-87.681818 41.902762)
60661,15,04/05/2020,04/11/2020,2,17,20,171.3,14,80,141,806,0.1,0.2,0,0,0.0,0.0,9926,60661-15,POINT (-87.644283 41.882786)
60616,20,05/10/2020,05/16/2020,50,356,92,653.6,559,2047,1026,3758.4,0.1,0.2,3,33,5.5,60.6,54464,60616-20,POINT (-87.629531 41.844869)
60653,19,05/03/2020,05/09/2020,47,362,147,1132.2,317,1530,992,4785.4,0.2,0.2,3,25,9.4,78.2,31972,60653-19,POINT (-87.611244 41.819261)
Unknown,20,05/10/2020,05/16/2020,83,400,0,0,1584,8101,0,0,0.0,0.0,2,12,0.0,0.0,0,Unknown-20,
60633,11,03/08/2020,03/14/2020,,,,,0,0,0,0,,,0,0,0.0,0.0,12871,60633-11,POINT (-87.556037 41.653147)
60633,10,03/01/2020,03/07/2020,,,,,0,0,0,0,,,0,0,0.0,0.0,12871,60633-10,POINT (-87.556037 41.653147)
60604,18,04/26/2020,05/02/2020,3,9,384,1150.9,15,40,1918,5115.1,0.3,0.3,0,0,0.0,0.0,782,60604-18,POINT (-87.62902900000002 41.878153)
60646,15,04/05/2020,04/11/2020,22,58,79,207.2,133,412,475,1472.1,0.1,0.1,1,3,3.6,10.7,27987,60646-15,POINT (-87.761826 41.993931)
60647,20,05/10/2020,05/16/2020,190,1014,217,1158.7,721,3706,824,4235,0.2,0.3,12,58,13.7,66.3,87509,60647-20,POINT (-87.701101 41.921058)
60611,20,05/10/2020,05/16/2020,10,112,31,345.4,251,1300,774,4009.1,0.1,0.1,0,2,0.0,6.2,32426,60611-20,POINT (-87.620291 41.894734)
60643,18,04/26/2020,05/02/2020,75,523,150,1048.7,404,2270,810,4551.8,0.1,0.2,11,34,22.1,68.2,49870,60643-18,POINT (-87.662381 41.700445)
60827,17,04/19/2020,04/25/2020,5,21,18,73.5,32,92,112,321.9,0.2,0.2,1,2,3.5,7.0,28577,60827-17,POINT (-87.633087 41.650765)
60641,14,03/29/2020,04/04/2020,33,59,46,83.1,185,388,260,546.3,0.3,0.2,2,2,2.8,2.8,71023,60641-14,POINT (-87.746791 41.946682)
60707,12,03/15/2020,03/21/2020,,,,,12,15,28,34.9,,,0,0,0.0,0.0,43019,60707-12,POINT (-87.808283 41.921777)
60629,14,03/29/2020,04/04/2020,87,139,78,124.3,213,449,190,401.4,0.4,0.4,6,6,5.4,5.4,111850,60629-14,POINT (-87.711565 41.777061)
60646,20,05/10/2020,05/16/2020,26,297,93,1061.2,219,1514,782,5409.7,0.2,0.2,7,31,25.0,110.8,27987,60646-20,POINT (-87.761826 41.993931)
60612,19,05/03/2020,05/09/2020,82,490,239,1428.1,363,1943,1058,5662.9,0.2,0.3,5,18,14.6,52.5,34311,60612-19,POINT (-87.687011 41.88004)
60660,20,05/10/2020,05/16/2020,30,328,69,758.5,255,1472,590,3404.1,0.1,0.2,5,34,11.6,78.6,43242,60660-20,POINT (-87.666362 41.991062)
60614,16,04/12/2020,04/18/2020,33,192,46,269.3,211,834,296,1169.6,0.1,0.2,15,24,21.0,33.7,71308,60614-16,POINT (-87.652064 41.922605)
60634,18,04/26/2020,05/02/2020,221,730,291,960.6,785,3253,1033,4280.5,0.3,0.2,6,22,7.9,28.9,75995,60634-18,POINT (-87.797373 41.944967000000005)
60615,15,04/05/2020,04/11/2020,48,135,116,324.8,164,582,395,1400.3,0.2,0.2,0,4,0.0,9.6,41563,60615-15,POINT (-87.602725 41.80199300000001)
60603,16,04/12/2020,04/18/2020,,,,,3,16,256,1362.9,,,0,0,0.0,0.0,1174,60603-16,POINT (-87.625473 41.880112000000004)
60827,11,03/08/2020,03/14/2020,,,,,0,0,0,0,,,0,0,0.0,0.0,28577,60827-11,POINT (-87.633087 41.650765)
60636,19,05/03/2020,05/09/2020,89,483,276,1499.9,318,1372,988,4260.5,0.2,0.4,5,38,15.5,118.0,32203,60636-19,POINT (-87.668597 41.77599)
60602,10,03/01/2020,03/07/2020,,,,,0,0,0,0,,,0,0,0.0,0.0,1244,60602-10,POINT (-87.628309 41.883136)
60624,10,03/01/2020,03/07/2020,,,,,2,2,6,5.5,,,0,0,0.0,0.0,36158,60624-10,POINT (-87.722735 41.879417)
60625,11,03/08/2020,03/14/2020,,,,,11,13,14,16.4,,,0,0,0.0,0.0,79243,60625-11,POINT (-87.701816 41.971155)
60626,18,04/26/2020,05/02/2020,167,588,336,1182.4,410,1723,824,3464.7,0.3,0.4,12,38,24.1,76.4,49730,60626-18,POINT (-87.669834 42.009469)
60651,11,03/08/2020,03/14/2020,,,,,8,8,13,12.7,,,0,0,0.0,0.0,63218,60651-11,POINT (-87.741017 41.901964)
60638,14,03/29/2020,04/04/2020,39,67,66,114,205,414,349,704.1,0.2,0.2,1,1,1.7,1.7,58797,60638-14,POINT (-87.771902 41.787032)
60603,11,03/08/2020,03/14/2020,,,,,0,0,0,0,,,0,0,0.0,0.0,1174,60603-11,POINT (-87.625473 41.880112000000004)
60602,11,03/08/2020,03/14/2020,,,,,0,0,0,0,,,0,0,0.0,0.0,1244,60602-11,POINT (-87.628309 41.883136)
60659,13,03/22/2020,03/28/2020,36,51,88,124.2,130,197,316,479.7,0.3,0.3,1,1,2.4,2.4,41068,60659-13,POINT (-87.703266 41.99080300000001)
60621,15,04/05/2020,04/11/2020,64,137,220,471.7,127,374,437,1287.8,0.4,0.4,2,6,6.9,20.7,29042,60621-15,POINT (-87.638812 41.776931)
60633,15,04/05/2020,04/11/2020,6,12,47,93.2,14,66,109,512.8,0.4,0.2,0,0,0.0,0.0,12871,60633-15,POINT (-87.556037 41.653147)
60604,14,03/29/2020,04/04/2020,,,,,4,11,512,1406.6,,,0,0,0.0,0.0,782,60604-14,POINT (-87.62902900000002 41.878153)
60601,12,03/15/2020,03/21/2020,8,11,54,75,32,39,218,265.8,0.3,0.4,0,0,0.0,0.0,14675,60601-12,POINT (-87.622844 41.886262)
60651,16,04/12/2020,04/18/2020,128,387,202,612.2,358,1040,566,1645.1,0.3,0.4,5,18,7.9,28.5,63218,60651-16,POINT (-87.741017 41.901964)
60615,14,03/29/2020,04/04/2020,43,87,104,209.3,158,418,380,1005.7,0.3,0.2,3,4,7.2,9.6,41563,60615-14,POINT (-87.602725 41.80199300000001)
60827,21,05/17/2020,05/23/2020,6,43,21,150.5,43,243,150,850.3,0.1,0.2,0,3,0.0,10.5,28577,60827-21,POINT (-87.633087 41.650765)
60632,10,03/01/2020,03/07/2020,,,,,1,1,1,1.1,,,0,0,0.0,0.0,91039,60632-10,POINT (-87.711251 41.810038)
60644,10,03/01/2020,03/07/2020,,,,,5,5,10,10.5,,,0,0,0.0,0.0,47712,60644-10,POINT (-87.756863 41.881113)
60609,12,03/15/2020,03/21/2020,11,12,18,19.5,61,68,99,110.6,0.2,0.2,0,0,0.0,0.0,61495,60609-12,POINT (-87.653382 41.812017)
60652,21,05/17/2020,05/23/2020,116,792,264,1803.8,504,2856,1148,6504.7,0.2,0.3,2,23,4.6,52.4,43907,60652-21,POINT (-87.714238 41.745398)
60655,17,04/19/2020,04/25/2020,25,163,87,565.9,216,994,750,3450.9,0.1,0.2,2,6,6.9,20.8,28804,60655-17,POINT (-87.701434 41.696456)
60707,16,04/12/2020,04/18/2020,5,36,12,83.7,101,289,235,671.8,0.0,0.1,1,2,2.3,4.6,43019,60707-16,POINT (-87.808283 41.921777)
60610,15,04/05/2020,04/11/2020,21,97,54,248.6,103,392,264,1004.6,0.1,0.2,1,1,2.6,2.6,39019,60610-15,POINT (-87.63581 41.90455)
60629,18,04/26/2020,05/02/2020,511,1439,457,1286.5,1326,3524,1186,3150.6,0.4,0.4,7,30,6.3,26.8,111850,60629-18,POINT (-87.711565 41.777061)
60630,19,05/03/2020,05/09/2020,99,494,173,861.5,448,2150,781,3749.3,0.2,0.2,6,24,10.5,41.9,57344,60630-19,POINT (-87.759611 41.971261)
60616,14,03/29/2020,04/04/2020,46,78,84,143.2,130,353,239,648.1,0.4,0.3,4,6,7.3,11.0,54464,60616-14,POINT (-87.629531 41.844869)
60647,12,03/15/2020,03/21/2020,11,13,13,14.9,106,131,121,149.7,0.1,0.2,0,0,0.0,0.0,87509,60647-12,POINT (-87.701101 41.921058)
60640,14,03/29/2020,04/04/2020,46,86,66,123.4,163,395,234,566.6,0.3,0.3,2,4,2.9,5.7,69715,60640-14,POINT (-87.662232 41.971888)
60613,11,03/08/2020,03/14/2020,,,,,14,16,28,31.9,,,0,0,0.0,0.0,50113,60613-11,POINT (-87.661343 41.953742)
60649,17,04/19/2020,04/25/2020,133,419,289,910.4,440,1353,956,2939.8,0.3,0.3,10,43,21.7,93.4,46024,60649-17,POINT (-87.571522 41.762202)
60657,12,03/15/2020,03/21/2020,19,26,27,37.1,143,185,204,264.1,0.2,0.2,0,0,0.0,0.0,70052,60657-12,POINT (-87.658216 41.939715)
60615,19,05/03/2020,05/09/2020,34,278,82,668.9,285,1492,686,3589.7,0.1,0.2,1,11,2.4,26.5,41563,60615-19,POINT (-87.602725 41.80199300000001)
60601,18,04/26/2020,05/02/2020,12,54,82,368,65,273,443,1860.3,0.2,0.2,0,3,0.0,20.4,14675,60601-18,POINT (-87.622844 41.886262)
60637,11,03/08/2020,03/14/2020,,,,,6,7,13,14.8,,,0,0,0.0,0.0,47454,60637-11,POINT (-87.604053 41.780991)
60603,20,05/10/2020,05/16/2020,1,6,85,511.1,6,40,511,3407.2,0.3,0.2,0,0,0.0,0.0,1174,60603-20,POINT (-87.625473 41.880112000000004)
60607,19,05/03/2020,05/09/2020,17,379,57,1280.8,166,1232,561,4163.4,0.1,0.3,1,5,3.4,16.9,29591,60607-19,POINT (-87.652727 41.876104)
60654,16,04/12/2020,04/18/2020,18,99,94,517.4,60,291,314,1520.8,0.3,0.3,0,0,0.0,0.0,19135,60654-16,POINT (-87.63635400000001 41.892485)
60623,18,04/26/2020,05/02/2020,628,1535,730,1785.3,1327,3421,1543,3978.9,0.5,0.5,16,52,18.6,60.5,85979,60623-18,POINT (-87.717446 41.850321)
60636,18,04/26/2020,05/02/2020,76,394,236,1223.5,267,1054,829,3273,0.3,0.4,5,33,15.5,102.5,32203,60636-18,POINT (-87.668597 41.77599)
60628,11,03/08/2020,03/14/2020,,,,,5,6,8,9,,,0,0,0.0,0.0,66724,60628-11,POINT (-87.621537 41.694192)
60612,18,04/26/2020,05/02/2020,68,408,198,1189.1,347,1580,1011,4604.9,0.2,0.3,2,13,5.8,37.9,34311,60612-18,POINT (-87.687011 41.88004)
60619,10,03/01/2020,03/07/2020,,,,,1,1,2,1.6,,,0,0,0.0,0.0,61258,60619-10,POINT (-87.60569 41.744737)
60624,11,03/08/2020,03/14/2020,,,,,8,10,22,27.7,,,0,0,0.0,0.0,36158,60624-11,POINT (-87.722735 41.879417)
60639,14,03/29/2020,04/04/2020,76,118,84,130.4,212,427,234,471.7,0.4,0.4,2,3,2.2,3.3,90517,60639-14,POINT (-87.75531 41.920609)
60604,19,05/03/2020,05/09/2020,5,14,639,1790.3,12,52,1534,6649.6,0.2,0.3,0,0,0.0,0.0,782,60604-19,POINT (-87.62902900000002 41.878153)
60626,14,03/29/2020,04/04/2020,39,73,78,146.8,131,355,263,713.9,0.3,0.2,2,2,4.0,4.0,49730,60626-14,POINT (-87.669834 42.009469)
60606,16,04/12/2020,04/18/2020,10,17,322,548.2,31,102,1000,3289.3,0.4,0.2,0,0,0.0,0.0,3101,60606-16,POINT (-87.63676 41.882634)
60621,19,05/03/2020,05/09/2020,56,378,193,1301.6,287,1298,988,4469.4,0.2,0.3,7,31,24.1,106.7,29042,60621-19,POINT (-87.638812 41.776931)
60602,15,04/05/2020,04/11/2020,,,,,3,13,241,1045,,,0,0,0.0,0.0,1244,60602-15,POINT (-87.628309 41.883136)
60618,10,03/01/2020,03/07/2020,,,,,1,1,1,1.1,,,0,0,0.0,0.0,94395,60618-10,POINT (-87.703343 41.946699)
60641,17,04/19/2020,04/25/2020,174,461,245,649.1,563,1611,793,2268.3,0.3,0.3,5,16,7.0,22.5,71023,60641-17,POINT (-87.746791 41.946682)
60643,10,03/01/2020,03/07/2020,,,,,1,1,2,2,,,0,0,0.0,0.0,49870,60643-10,POINT (-87.662381 41.700445)
60613,18,04/26/2020,05/02/2020,37,243,74,484.9,272,1097,543,2189.1,0.2,0.3,1,12,2.0,23.9,50113,60613-18,POINT (-87.661343 41.953742)
60614,21,05/17/2020,05/23/2020,18,452,25,633.9,453,2938,635,4120.2,0.0,0.2,3,55,4.2,77.1,71308,60614-21,POINT (-87.652064 41.922605)
60653,13,03/22/2020,03/28/2020,32,49,100,153.3,121,208,378,650.6,0.4,0.3,0,1,0.0,3.1,31972,60653-13,POINT (-87.611244 41.819261)
60638,21,05/17/2020,05/23/2020,103,964,175,1639.5,547,3720,930,6326.9,0.2,0.3,2,27,3.4,45.9,58797,60638-21,POINT (-87.771902 41.787032)
60626,19,05/03/2020,05/09/2020,109,697,219,1401.6,544,2267,1094,4558.6,0.2,0.3,21,59,42.2,118.6,49730,60626-19,POINT (-87.669834 42.009469)
60632,14,03/29/2020,04/04/2020,51,72,56,79.1,131,312,144,342.7,0.4,0.3,2,3,2.2,3.3,91039,60632-14,POINT (-87.711251 41.810038)
60655,21,05/17/2020,05/23/2020,15,237,52,822.8,265,1904,920,6610.2,0.1,0.1,0,7,0.0,24.3,28804,60655-21,POINT (-87.701434 41.696456)
60617,17,04/19/2020,04/25/2020,88,446,107,540.4,455,1681,551,2036.7,0.2,0.3,5,26,6.1,31.5,82534,60617-17,POINT (-87.556897 41.721257)
60657,20,05/10/2020,05/16/2020,23,274,33,391.1,423,2013,604,2873.6,0.1,0.1,3,20,4.3,28.6,70052,60657-20,POINT (-87.658216 41.939715)
60621,11,03/08/2020,03/14/2020,,,,,3,3,10,10.3,,,0,0,0.0,0.0,29042,60621-11,POINT (-87.638812 41.776931)
60642,15,04/05/2020,04/11/2020,15,37,74,183.2,49,194,243,960.3,0.2,0.2,0,0,0.0,0.0,20201,60642-15,POINT (-87.657821 41.899935)
60608,20,05/10/2020,05/16/2020,194,1336,245,1686.8,680,4073,858,5142.4,0.3,0.3,4,38,5.1,48.0,79205,60608-20,POINT (-87.670366 41.849879)
60619,20,05/10/2020,05/16/2020,61,750,100,1224.3,726,3609,1185,5891.5,0.1,0.2,7,49,11.4,80.0,61258,60619-20,POINT (-87.60569 41.744737)
60610,11,03/08/2020,03/14/2020,,,,,15,19,38,48.7,0.3,0.3,0,0,0.0,0.0,39019,60610-11,POINT (-87.63581 41.90455)
60644,20,05/10/2020,05/16/2020,110,922,230,1932.4,493,3303,1033,6922.8,0.2,0.3,7,55,14.7,115.3,47712,60644-20,POINT (-87.756863 41.881113)
60630,10,03/01/2020,03/07/2020,,,,,0,0,0,0,,,0,0,0.0,0.0,57344,60630-10,POINT (-87.759611 41.971261)
60651,20,05/10/2020,05/16/2020,214,1261,338,1994.7,726,3889,1148,6151.7,0.3,0.3,11,51,17.4,80.7,63218,60651-20,POINT (-87.741017 41.901964)
60607,10,03/01/2020,03/07/2020,,,,,0,0,0,0,,,0,0,0.0,0.0,29591,60607-10,POINT (-87.652727 41.876104)
60630,15,04/05/2020,04/11/2020,66,128,115,223.2,229,644,399,1123,0.2,0.2,4,6,7.0,10.5,57344,60630-15,POINT (-87.759611 41.971261)
60642,10,03/01/2020,03/07/2020,,,,,1,1,5,5,,,0,0,0.0,0.0,20201,60642-10,POINT (-87.657821 41.899935)
60654,12,03/15/2020,03/21/2020,8,9,42,47,52,62,272,324,0.3,0.3,0,0,0.0,0.0,19135,60654-12,POINT (-87.63635400000001 41.892485)
60612,13,03/22/2020,03/28/2020,42,54,122,157.4,185,294,539,856.9,0.3,0.3,1,1,2.9,2.9,34311,60612-13,POINT (-87.687011 41.88004)
60634,11,03/08/2020,03/14/2020,,,,,4,7,5,9.2,,,0,0,0.0,0.0,75995,60634-11,POINT (-87.797373 41.944967000000005)
60666,13,03/22/2020,03/28/2020,,,,,0,0,0,0,,,0,0,0.0,0.0,0,60666-13,POINT (-87.896371 41.979511)
60623,14,03/29/2020,04/04/2020,83,132,96,153.5,206,432,240,502.4,0.5,0.4,5,8,5.8,9.3,85979,60623-14,POINT (-87.717446 41.850321)
60605,11,03/08/2020,03/14/2020,,,,,18,18,65,65.4,,,0,0,0.0,0.0,27519,60605-11,POINT (-87.623449 41.867824)
60656,20,05/10/2020,05/16/2020,30,208,109,754.2,190,1346,689,4880.5,0.1,0.2,0,5,0.0,18.1,27579,60656-20,POINT (-87.817934 41.974566)
60666,18,04/26/2020,05/02/2020,,,,,0,0,0,0,,,0,0,0.0,0.0,0,60666-18,POINT (-87.896371 41.979511)
60618,15,04/05/2020,04/11/2020,92,199,98,210.8,258,752,273,796.7,0.4,0.3,2,2,2.1,2.1,94395,60618-15,POINT (-87.703343 41.946699)
60624,15,04/05/2020,04/11/2020,108,238,299,658.2,192,593,531,1640,0.4,0.4,4,9,11.1,24.9,36158,60624-15,POINT (-87.722735 41.879417)
60639,19,05/03/2020,05/09/2020,566,2066,625,2282.4,1446,5218,1598,5764.7,0.4,0.4,17,61,18.8,67.4,90517,60639-19,POINT (-87.75531 41.920609)
60611,10,03/01/2020,03/07/2020,,,,,3,3,9,9.3,,,0,0,0.0,0.0,32426,60611-10,POINT (-87.620291 41.894734)
60634,10,03/01/2020,03/07/2020,,,,,3,3,4,3.9,,,0,0,0.0,0.0,75995,60634-10,POINT (-87.797373 41.944967000000005)
60607,15,04/05/2020,04/11/2020,202,272,683,919.2,284,576,960,1946.5,0.7,0.5,1,1,3.4,3.4,29591,60607-15,POINT (-87.652727 41.876104)
60611,11,03/08/2020,03/14/2020,,,,,10,13,31,40.1,,,0,0,0.0,0.0,32426,60611-11,POINT (-87.620291 41.894734)
60636,13,03/22/2020,03/28/2020,34,43,106,133.5,98,155,304,481.3,0.4,0.4,1,2,3.1,6.2,32203,60636-13,POINT (-87.668597 41.77599)
60609,18,04/26/2020,05/02/2020,272,800,442,1300.9,708,2079,1151,3380.8,0.4,0.4,6,25,9.8,40.7,61495,60609-18,POINT (-87.653382 41.812017)
60620,13,03/22/2020,03/28/2020,79,105,116,154.2,216,329,317,483.1,0.5,0.4,4,6,5.9,8.8,68096,60620-13,POINT (-87.651656 41.740873)
60637,18,04/26/2020,05/02/2020,45,351,95,739.7,375,1778,790,3746.8,0.1,0.2,1,14,2.1,29.5,47454,60637-18,POINT (-87.604053 41.780991)
Unknown,11,03/08/2020,03/14/2020,,,,,183,243,0,0,,,0,1,0.0,0.0,0,Unknown-11,
60622,11,03/08/2020,03/14/2020,5,5,10,9.5,11,13,21,24.6,0.5,0.5,0,0,0.0,0.0,52793,60622-11,POINT (-87.681818 41.902762)
60644,13,03/22/2020,03/28/2020,48,63,101,132,134,230,281,482.1,0.5,0.4,0,0,0.0,0.0,47712,60644-13,POINT (-87.756863 41.881113)
60645,21,05/17/2020,05/23/2020,84,967,176,2025.9,354,3228,742,6762.8,0.2,0.3,5,61,10.5,127.8,47732,60645-21,POINT (-87.695049 42.008927)
60626,10,03/01/2020,03/07/2020,,,,,1,1,2,2,,,0,0,0.0,0.0,49730,60626-10,POINT (-87.669834 42.009469)
60606,12,03/15/2020,03/21/2020,,,,,15,18,484,580.5,,,0,0,0.0,0.0,3101,60606-12,POINT (-87.63676 41.882634)
60617,12,03/15/2020,03/21/2020,14,15,17,18.2,125,136,152,164.8,0.2,0.2,0,0,0.0,0.0,82534,60617-12,POINT (-87.556897 41.721257)
60625,17,04/19/2020,04/25/2020,154,476,194,600.7,456,1491,575,1881.6,0.4,0.3,12,25,15.1,31.5,79243,60625-17,POINT (-87.701816 41.971155)
60624,14,03/29/2020,04/04/2020,85,130,235,359.5,177,401,490,1109,0.5,0.4,5,5,13.8,13.8,36158,60624-14,POINT (-87.722735 41.879417)
60619,15,04/05/2020,04/11/2020,118,322,193,525.6,245,864,400,1410.4,0.4,0.4,9,19,14.7,31.0,61258,60619-15,POINT (-87.60569 41.744737)
60639,18,04/26/2020,05/02/2020,566,1500,625,1657.1,1409,3772,1557,4167.2,0.4,0.4,13,44,14.4,48.6,90517,60639-18,POINT (-87.75531 41.920609)
Unknown,16,04/12/2020,04/18/2020,18,63,0,0,803,2989,0,0,0.0,0.0,1,7,0.0,0.0,0,Unknown-16,
60620,18,04/26/2020,05/02/2020,84,736,123,1080.8,519,2617,762,3843.1,0.2,0.3,6,51,8.8,74.9,68096,60620-18,POINT (-87.651656 41.740873)
60605,10,03/01/2020,03/07/2020,,,,,0,0,0,0,,,0,0,0.0,0.0,27519,60605-10,POINT (-87.623449 41.867824)
60632,18,04/26/2020,05/02/2020,526,1336,578,1467.5,1180,3009,1296,3305.2,0.5,0.5,10,27,11.0,29.7,91039,60632-18,POINT (-87.711251 41.810038)
60609,19,05/03/2020,05/09/2020,252,1052,410,1710.7,594,2673,966,4346.7,0.4,0.4,6,31,9.8,50.4,61495,60609-19,POINT (-87.653382 41.812017)
60644,18,04/26/2020,05/02/2020,137,680,287,1425.2,715,2136,1499,4476.9,0.2,0.3,15,43,31.4,90.1,47712,60644-18,POINT (-87.756863 41.881113)
60638,17,04/19/2020,04/25/2020,147,379,250,644.6,495,1468,842,2496.7,0.3,0.3,1,7,1.7,11.9,58797,60638-17,POINT (-87.771902 41.787032)
60661,16,04/12/2020,04/18/2020,3,20,30,201.5,27,107,272,1078,0.1,0.2,0,0,0.0,0.0,9926,60661-16,POINT (-87.644283 41.882786)
60622,16,04/12/2020,04/18/2020,49,214,93,405.4,231,787,438,1490.7,0.2,0.3,9,12,17.0,22.7,52793,60622-16,POINT (-87.681818 41.902762)
60646,11,03/08/2020,03/14/2020,,,,,4,7,14,25,,,0,0,0.0,0.0,27987,60646-11,POINT (-87.761826 41.993931)
60660,11,03/08/2020,03/14/2020,,,,,12,12,28,27.8,,,0,0,0.0,0.0,43242,60660-11,POINT (-87.666362 41.991062)
60647,16,04/12/2020,04/18/2020,115,259,131,296,373,1093,426,1249,0.3,0.3,7,8,8.0,9.1,87509,60647-16,POINT (-87.701101 41.921058)
60607,11,03/08/2020,03/14/2020,,,,,9,9,30,30.4,,,0,0,0.0,0.0,29591,60607-11,POINT (-87.652727 41.876104)
60616,19,05/03/2020,05/09/2020,39,306,72,561.8,312,1488,573,2732.1,0.1,0.2,3,30,5.5,55.1,54464,60616-19,POINT (-87.629531 41.844869)
60632,19,05/03/2020,05/09/2020,547,1883,601,2068.3,1142,4151,1254,4559.6,0.4,0.5,13,40,14.3,43.9,91039,60632-19,POINT (-87.711251 41.810038)
60618,14,03/29/2020,04/04/2020,67,107,71,113.4,195,494,207,523.3,0.3,0.2,0,0,0.0,0.0,94395,60618-14,POINT (-87.703343 41.946699)
60631,16,04/12/2020,04/18/2020,21,98,71,331.9,210,769,711,2604.2,0.1,0.1,1,2,3.4,6.8,29529,60631-16,POINT (-87.813371 41.995019)
60646,16,04/12/2020,04/18/2020,19,77,68,275.1,140,552,500,1972.3,0.1,0.1,0,3,0.0,10.7,27987,60646-16,POINT (-87.761826 41.993931)
60608,16,04/12/2020,04/18/2020,121,401,153,506.3,365,1180,461,1489.8,0.3,0.4,6,10,7.6,12.6,79205,60608-16,POINT (-87.670366 41.849879)
60827,16,04/12/2020,04/18/2020,4,16,14,56,16,60,56,210,0.1,0.3,0,1,0.0,3.5,28577,60827-16,POINT (-87.633087 41.650765)
60628,20,05/10/2020,05/16/2020,76,857,114,1284.4,561,3364,841,5041.7,0.1,0.3,5,70,7.5,104.9,66724,60628-20,POINT (-87.621537 41.694192)
60625,12,03/15/2020,03/21/2020,19,20,24,25.2,88,101,111,127.5,0.3,0.3,1,1,1.3,1.3,79243,60625-12,POINT (-87.701816 41.971155)
60621,18,04/26/2020,05/02/2020,56,322,193,1108.7,247,1011,850,3481.2,0.3,0.3,9,24,31.0,82.6,29042,60621-18,POINT (-87.638812 41.776931)
60630,11,03/08/2020,03/14/2020,,,,,6,6,10,10.5,,,0,0,0.0,0.0,57344,60630-11,POINT (-87.759611 41.971261)
60602,14,03/29/2020,04/04/2020,,,,,4,10,322,803.9,,,0,0,0.0,0.0,1244,60602-14,POINT (-87.628309 41.883136)
60603,12,03/15/2020,03/21/2020,,,,,1,1,85,85.2,,,0,0,0.0,0.0,1174,60603-12,POINT (-87.625473 41.880112000000004)
60653,20,05/10/2020,05/16/2020,56,418,175,1307.4,417,1947,1304,6089.7,0.1,0.2,2,27,6.3,84.4,31972,60653-20,POINT (-87.611244 41.819261)
60613,14,03/29/2020,04/04/2020,48,92,96,183.6,132,350,263,698.4,0.4,0.3,1,1,2.0,2.0,50113,60613-14,POINT (-87.661343 41.953742)
60649,19,05/03/2020,05/09/2020,74,574,161,1247.2,453,2164,984,4701.9,0.1,0.3,11,77,23.9,167.3,46024,60649-19,POINT (-87.571522 41.762202)
60633,18,04/26/2020,05/02/2020,17,64,132,497.2,80,265,622,2058.9,0.2,0.2,1,1,7.8,7.8,12871,60633-18,POINT (-87.556037 41.653147)
60624,19,05/03/2020,05/09/2020,92,574,254,1587.5,368,1890,1018,5227.1,0.2,0.3,3,21,8.3,58.1,36158,60624-19,POINT (-87.722735 41.879417)
60605,20,05/10/2020,05/16/2020,9,150,33,545.1,145,1003,527,3644.8,0.0,0.2,0,1,0.0,3.6,27519,60605-20,POINT (-87.623449 41.867824)
60637,14,03/29/2020,04/04/2020,56,102,118,214.9,171,473,360,996.8,0.3,0.2,2,2,4.2,4.2,47454,60637-14,POINT (-87.604053 41.780991)
60634,21,05/17/2020,05/23/2020,152,1245,200,1638.3,857,5751,1128,7567.6,0.1,0.2,1,33,1.3,43.4,75995,60634-21,POINT (-87.797373 41.944967000000005)
60666,19,05/03/2020,05/09/2020,,,,,1,1,0,0,,,0,0,0.0,0.0,0,60666-19,POINT (-87.896371 41.979511)
60656,16,04/12/2020,04/18/2020,29,93,105,337.2,141,631,511,2288,0.2,0.2,2,4,7.3,14.5,27579,60656-16,POINT (-87.817934 41.974566)
60637,19,05/03/2020,05/09/2020,65,416,137,876.6,462,2240,974,4720.4,0.1,0.2,1,15,2.1,31.6,47454,60637-19,POINT (-87.604053 41.780991)
60622,21,05/17/2020,05/23/2020,63,568,119,1075.9,435,2565,824,4858.6,0.1,0.2,2,49,3.8,92.8,52793,60622-21,POINT (-87.681818 41.902762)
60601,19,05/03/2020,05/09/2020,8,62,54,422.5,70,343,477,2337.3,0.1,0.2,1,4,6.8,27.3,14675,60601-19,POINT (-87.622844 41.886262)
60611,15,04/05/2020,04/11/2020,9,64,28,197.4,61,357,188,1101,0.1,0.2,0,0,0.0,0.0,32426,60611-15,POINT (-87.620291 41.894734)
60613,19,05/03/2020,05/09/2020,63,306,126,610.6,236,1333,471,2660,0.1,0.2,7,19,14.0,37.9,50113,60613-19,POINT (-87.661343 41.953742)
60602,19,05/03/2020,05/09/2020,3,8,241,643.1,16,58,1286,4662.4,0.2,0.1,0,0,0.0,0.0,1244,60602-19,POINT (-87.628309 41.883136)
60607,18,04/26/2020,05/02/2020,39,362,132,1223.3,135,1066,456,3602.4,0.3,0.3,1,4,3.4,13.5,29591,60607-18,POINT (-87.652727 41.876104)
60640,21,05/17/2020,05/23/2020,62,713,89,1022.7,485,3273,696,4694.8,0.1,0.2,7,79,10.0,113.3,69715,60640-21,POINT (-87.662232 41.971888)
60619,11,03/08/2020,03/14/2020,,,,,11,12,18,19.6,,,0,0,0.0,0.0,61258,60619-11,POINT (-87.60569 41.744737)
60651,12,03/15/2020,03/21/2020,6,6,10,9.5,58,66,92,104.4,0.3,0.2,0,0,0.0,0.0,63218,60651-12,POINT (-87.741017 41.901964)
60642,14,03/29/2020,04/04/2020,12,22,59,108.9,41,145,203,717.8,0.3,0.2,0,0,0.0,0.0,20201,60642-14,POINT (-87.657821 41.899935)
60621,10,03/01/2020,03/07/2020,,,,,0,0,0,0,,,0,0,0.0,0.0,29042,60621-10,POINT (-87.638812 41.776931)
60616,15,04/05/2020,04/11/2020,66,144,121,264.4,171,524,314,962.1,0.3,0.3,4,10,7.3,18.4,54464,60616-15,POINT (-87.629531 41.844869)
60631,11,03/08/2020,03/14/2020,,,,,3,5,10,16.9,,,0,0,0.0,0.0,29529,60631-11,POINT (-87.813371 41.995019)
60605,15,04/05/2020,04/11/2020,12,59,44,214.4,89,340,323,1235.5,0.2,0.2,0,0,0.0,0.0,27519,60605-15,POINT (-87.623449 41.867824)
60656,11,03/08/2020,03/14/2020,,,,,4,4,14,14.5,,,0,0,0.0,0.0,27579,60656-11,POINT (-87.817934 41.974566)
60638,13,03/22/2020,03/28/2020,23,28,39,47.6,166,209,282,355.5,0.2,0.2,0,0,0.0,0.0,58797,60638-13,POINT (-87.771902 41.787032)
60608,11,03/08/2020,03/14/2020,,,,,9,11,11,13.9,,,0,0,0.0,0.0,79205,60608-11,POINT (-87.670366 41.849879)
60628,15,04/05/2020,04/11/2020,99,303,148,454.1,218,868,327,1300.9,0.3,0.4,16,25,24.0,37.5,66724,60628-15,POINT (-87.621537 41.694192)
60660,15,04/05/2020,04/11/2020,53,106,123,245.1,137,381,317,881.1,0.4,0.3,1,2,2.3,4.6,43242,60660-15,POINT (-87.666362 41.991062)
60652,17,04/19/2020,04/25/2020,82,306,187,696.9,323,981,736,2234.3,0.3,0.3,1,10,2.3,22.8,43907,60652-17,POINT (-87.714238 41.745398)
60645,16,04/12/2020,04/18/2020,123,458,258,959.5,346,1189,725,2491,0.4,0.4,8,17,16.8,35.6,47732,60645-16,POINT (-87.695049 42.008927)
60640,15,04/05/2020,04/11/2020,72,158,103,226.6,191,586,274,840.6,0.4,0.3,5,9,7.2,12.9,69715,60640-15,POINT (-87.662232 41.971888)
60643,11,03/08/2020,03/14/2020,,,,,5,6,10,12,,,0,0,0.0,0.0,49870,60643-11,POINT (-87.662381 41.700445)
60661,20,05/10/2020,05/16/2020,3,32,30,322.4,71,285,715,2871.2,0.1,0.1,0,0,0.0,0.0,9926,60661-20,POINT (-87.644283 41.882786)
60647,21,05/17/2020,05/23/2020,151,1165,173,1331.3,722,4428,825,5060.1,0.2,0.3,9,67,10.3,76.6,87509,60647-21,POINT (-87.701101 41.921058)
60827,12,03/15/2020,03/21/2020,,,,,8,8,28,28,,,0,0,0.0,0.0,28577,60827-12,POINT (-87.633087 41.650765)
60640,10,03/01/2020,03/07/2020,,,,,4,4,6,5.7,,,0,0,0.0,0.0,69715,60640-10,POINT (-87.662232 41.971888)
60628,10,03/01/2020,03/07/2020,,,,,1,1,2,1.5,,,0,0,0.0,0.0,66724,60628-10,POINT (-87.621537 41.694192)
60623,19,05/03/2020,05/09/2020,565,2100,657,2442.5,1255,4676,1460,5438.5,0.4,0.5,17,69,19.8,80.3,85979,60623-19,POINT (-87.717446 41.850321)
60618,18,04/26/2020,05/02/2020,139,629,147,666.3,621,2391,658,2533,0.2,0.3,6,18,6.4,19.1,94395,60618-18,POINT (-87.703343 41.946699)
60645,13,03/22/2020,03/28/2020,103,122,216,255.6,260,341,545,714.4,0.4,0.4,1,1,2.1,2.1,47732,60645-13,POINT (-87.695049 42.008927)
60652,12,03/15/2020,03/21/2020,6,6,14,13.7,33,38,75,86.5,0.4,0.3,0,0,0.0,0.0,43907,60652-12,POINT (-87.714238 41.745398)
60707,11,03/08/2020,03/14/2020,,,,,2,3,5,7,,,0,0,0.0,0.0,43019,60707-11,POINT (-87.808283 41.921777)
60626,15,04/05/2020,04/11/2020,81,154,163,309.7,192,547,386,1099.9,0.4,0.3,5,7,10.1,14.1,49730,60626-15,POINT (-87.669834 42.009469)
60659,12,03/15/2020,03/21/2020,14,15,34,36.5,61,67,148,163.1,0.3,0.3,0,0,0.0,0.0,41068,60659-12,POINT (-87.703266 41.99080300000001)
60613,10,03/01/2020,03/07/2020,,,,,2,2,4,4,,,0,0,0.0,0.0,50113,60613-10,POINT (-87.661343 41.953742)
60655,13,03/22/2020,03/28/2020,19,20,66,69.4,139,174,483,604.1,0.2,0.2,0,0,0.0,0.0,28804,60655-13,POINT (-87.701434 41.696456)
60634,17,04/19/2020,04/25/2020,155,509,204,669.8,681,2468,896,3247.6,0.3,0.2,5,16,6.6,21.1,75995,60634-17,POINT (-87.797373 41.944967000000005)
Unknown,19,05/03/2020,05/09/2020,84,317,0,0,1506,6517,0,0,0.1,0.1,1,10,0.0,0.0,0,Unknown-19,
60615,18,04/26/2020,05/02/2020,25,244,60,587.1,235,1207,565,2904,0.1,0.2,3,10,7.2,24.1,41563,60615-18,POINT (-87.602725 41.80199300000001)
60633,14,03/29/2020,04/04/2020,4,6,31,46.6,27,52,210,404,0.2,0.2,0,0,0.0,0.0,12871,60633-14,POINT (-87.556037 41.653147)
60604,15,04/05/2020,04/11/2020,,,,,1,12,128,1534.5,,,0,0,0.0,0.0,782,60604-15,POINT (-87.62902900000002 41.878153)
60630,18,04/26/2020,05/02/2020,101,395,176,688.8,376,1702,656,2968.1,0.3,0.2,4,18,7.0,31.4,57344,60630-18,POINT (-87.759611 41.971261)
60614,11,03/08/2020,03/14/2020,6,6,8,8.4,33,35,46,49.1,0.4,0.4,0,0,0.0,0.0,71308,60614-11,POINT (-87.652064 41.922605)
60653,15,04/05/2020,04/11/2020,75,171,235,534.8,175,525,547,1642.1,0.4,0.3,7,11,21.9,34.4,31972,60653-15,POINT (-87.611244 41.819261)
60611,19,05/03/2020,05/09/2020,9,102,28,314.6,228,1049,703,3235.1,0.0,0.1,1,2,3.1,6.2,32426,60611-19,POINT (-87.620291 41.894734)
60654,20,05/10/2020,05/16/2020,8,124,42,648,119,636,622,3323.8,0.0,0.2,1,1,5.2,5.2,19135,60654-20,POINT (-87.63635400000001 41.892485)
60637,10,03/01/2020,03/07/2020,,,,,1,1,2,2.1,,,0,0,0.0,0.0,47454,60637-10,POINT (-87.604053 41.780991)
60643,17,04/19/2020,04/25/2020,113,448,227,898.3,868,1866,1740,3741.7,0.2,0.3,3,23,6.0,46.1,49870,60643-17,POINT (-87.662381 41.700445)
60609,11,03/08/2020,03/14/2020,,,,,5,7,8,11.4,,,0,0,0.0,0.0,61495,60609-11,POINT (-87.653382 41.812017)
60628,14,03/29/2020,04/04/2020,110,204,165,305.7,311,650,466,974.2,0.4,0.4,8,9,12.0,13.5,66724,60628-14,POINT (-87.621537 41.694192)
60641,13,03/22/2020,03/28/2020,19,26,27,36.6,134,203,189,285.8,0.2,0.2,0,0,0.0,0.0,71023,60641-13,POINT (-87.746791 41.946682)
60621,14,03/29/2020,04/04/2020,44,73,152,251.4,120,247,413,850.5,0.5,0.4,3,4,10.3,13.8,29042,60621-14,POINT (-87.638812 41.776931)
60642,18,04/26/2020,05/02/2020,31,93,154,460.4,114,489,564,2420.7,0.2,0.2,0,1,0.0,5.0,20201,60642-18,POINT (-87.657821 41.899935)
60610,14,03/29/2020,04/04/2020,32,76,82,194.8,82,289,210,740.7,0.3,0.3,0,0,0.0,0.0,39019,60610-14,POINT (-87.63581 41.90455)
60618,19,05/03/2020,05/09/2020,160,789,170,835.8,660,3051,699,3232.2,0.3,0.3,8,26,8.5,27.5,94395,60618-19,POINT (-87.703343 41.946699)
60629,13,03/22/2020,03/28/2020,43,52,38,46.5,153,236,137,211,0.5,0.4,0,0,0.0,0.0,111850,60629-13,POINT (-87.711565 41.777061)
60606,15,04/05/2020,04/11/2020,2,7,64,225.7,28,71,903,2289.6,0.1,0.1,0,0,0.0,0.0,3101,60606-15,POINT (-87.63676 41.882634)
60649,12,03/15/2020,03/21/2020,21,21,46,45.6,122,125,265,271.6,0.2,0.2,0,0,0.0,0.0,46024,60649-12,POINT (-87.571522 41.762202)
60616,11,03/08/2020,03/14/2020,,,,,11,14,20,25.7,,,1,1,1.8,1.8,54464,60616-11,POINT (-87.629531 41.844869)
60646,19,05/03/2020,05/09/2020,56,271,200,968.3,197,1295,704,4627.1,0.2,0.2,15,24,53.6,85.8,27987,60646-19,POINT (-87.761826 41.993931)
60660,19,05/03/2020,05/09/2020,38,298,88,689.1,191,1217,442,2814.4,0.2,0.3,8,29,18.5,67.1,43242,60660-19,POINT (-87.666362 41.991062)
60666,12,03/15/2020,03/21/2020,,,,,0,0,0,0,,,0,0,0.0,0.0,0,60666-12,POINT (-87.896371 41.979511)
60641,18,04/26/2020,05/02/2020,225,686,317,965.9,668,2279,940,3208.8,0.3,0.3,6,22,8.4,31.0,71023,60641-18,POINT (-87.746791 41.946682)
60657,16,04/12/2020,04/18/2020,20,168,29,239.8,173,849,247,1212,0.1,0.2,4,6,5.7,8.6,70052,60657-16,POINT (-87.658216 41.939715)
60645,20,05/10/2020,05/16/2020,119,883,249,1849.9,520,2874,1089,6021.1,0.2,0.3,11,56,23.0,117.3,47732,60645-20,POINT (-87.695049 42.008927)
60657,11,03/08/2020,03/14/2020,7,7,10,10,38,42,54,60,0.4,0.4,0,0,0.0,0.0,70052,60657-11,POINT (-87.658216 41.939715)
60642,19,05/03/2020,05/09/2020,14,107,69,529.7,118,607,584,3004.8,0.1,0.2,3,4,14.9,19.8,20201,60642-19,POINT (-87.657821 41.899935)
60653,12,03/15/2020,03/21/2020,17,17,53,53.2,81,87,253,272.1,0.3,0.3,1,1,3.1,3.1,31972,60653-12,POINT (-87.611244 41.819261)
60661,17,04/19/2020,04/25/2020,2,22,20,221.6,29,136,292,1370.1,0.1,0.2,0,0,0.0,0.0,9926,60661-17,POINT (-87.644283 41.882786)
60647,17,04/19/2020,04/25/2020,212,471,242,538.2,579,1672,662,1910.7,0.4,0.3,9,17,10.3,19.4,87509,60647-17,POINT (-87.701101 41.921058)
60617,18,04/26/2020,05/02/2020,132,578,160,700.3,845,2526,1024,3060.6,0.2,0.2,3,29,3.6,35.1,82534,60617-18,POINT (-87.556897 41.721257)
60707,20,05/10/2020,05/16/2020,40,130,93,302.2,203,1026,472,2385,0.2,0.1,0,7,0.0,16.3,43019,60707-20,POINT (-87.808283 41.921777)
60608,10,03/01/2020,03/07/2020,,,,,2,2,2,2.5,,,0,0,0.0,0.0,79205,60608-10,POINT (-87.670366 41.849879)
60655,20,05/10/2020,05/16/2020,18,222,62,770.7,196,1639,680,5690.2,0.1,0.1,0,7,0.0,24.3,28804,60655-20,POINT (-87.701434 41.696456)
60633,19,05/03/2020,05/09/2020,13,77,101,598.2,88,353,684,2742.6,0.2,0.2,1,2,7.8,15.5,12871,60633-19,POINT (-87.556037 41.653147)
60657,21,05/17/2020,05/23/2020,32,306,46,436.8,787,2800,1124,3997,0.0,0.1,4,24,5.7,34.3,70052,60657-21,POINT (-87.658216 41.939715)
60707,15,04/05/2020,04/11/2020,9,31,21,72.1,73,188,170,437,0.1,0.2,0,1,0.0,2.3,43019,60707-15,POINT (-87.808283 41.921777)
60644,21,05/17/2020,05/23/2020,101,1023,212,2144.1,473,3776,991,7914.2,0.2,0.3,11,66,23.1,138.3,47712,60644-21,POINT (-87.756863 41.881113)
60659,16,04/12/2020,04/18/2020,66,245,161,596.6,211,710,514,1728.8,0.4,0.4,6,13,14.6,31.7,41068,60659-16,POINT (-87.703266 41.99080300000001)
60640,11,03/08/2020,03/14/2020,,,,,15,19,22,27.3,,,0,0,0.0,0.0,69715,60640-11,POINT (-87.662232 41.971888)
60614,15,04/05/2020,04/11/2020,55,159,77,223,178,623,250,873.7,0.3,0.3,8,9,11.2,12.6,71308,60614-15,POINT (-87.652064 41.922605)
60601,11,03/08/2020,03/14/2020,,,,,6,7,41,47.7,,,0,0,0.0,0.0,14675,60601-11,POINT (-87.622844 41.886262)
60610,19,05/03/2020,05/09/2020,22,173,56,443.4,219,1051,561,2693.6,0.1,0.2,1,5,2.6,12.8,39019,60610-19,POINT (-87.63581 41.90455)
60651,15,04/05/2020,04/11/2020,132,259,209,409.7,266,682,421,1078.8,0.4,0.4,6,13,9.5,20.6,63218,60651-15,POINT (-87.741017 41.901964)
60603,15,04/05/2020,04/11/2020,,,,,5,13,426,1107.3,,,0,0,0.0,0.0,1174,60603-15,POINT (-87.625473 41.880112000000004)
60631,21,05/17/2020,05/23/2020,41,267,139,904.2,373,2094,1263,7091.3,0.1,0.1,9,18,30.5,61.0,29529,60631-21,POINT (-87.813371 41.995019)
60643,21,05/17/2020,05/23/2020,39,643,78,1289.4,518,3550,1039,7118.5,0.1,0.2,5,47,10.0,94.2,49870,60643-21,POINT (-87.662381 41.700445)
60654,15,04/05/2020,04/11/2020,43,81,225,423.3,81,231,423,1207.2,0.5,0.4,0,0,0.0,0.0,19135,60654-15,POINT (-87.63635400000001 41.892485)
60611,12,03/15/2020,03/21/2020,13,13,40,40.1,86,99,265,305.3,0.2,0.2,0,0,0.0,0.0,32426,60611-12,POINT (-87.620291 41.894734)
60606,11,03/08/2020,03/14/2020,,,,,3,3,97,96.7,,,0,0,0.0,0.0,3101,60606-11,POINT (-87.63676 41.882634)
60610,18,04/26/2020,05/02/2020,22,151,56,387,173,832,443,2132.3,0.1,0.2,0,4,0.0,10.3,39019,60610-18,POINT (-87.63581 41.90455)
60629,17,04/19/2020,04/25/2020,391,928,350,829.7,923,2198,825,1965.1,0.5,0.4,7,23,6.3,20.6,111850,60629-17,POINT (-87.711565 41.777061)
60619,19,05/03/2020,05/09/2020,75,689,122,1124.8,602,2883,983,4706.3,0.1,0.2,6,42,9.8,68.6,61258,60619-19,POINT (-87.60569 41.744737)
60608,19,05/03/2020,05/09/2020,266,1142,336,1441.8,755,3393,953,4283.8,0.3,0.3,8,34,10.1,42.9,79205,60608-19,POINT (-87.670366 41.849879)
60620,14,03/29/2020,04/04/2020,136,241,200,353.9,302,631,444,926.6,0.4,0.4,10,16,14.7,23.5,68096,60620-14,POINT (-87.651656 41.740873)
Unknown,12,03/15/2020,03/21/2020,,,,,335,578,0,0,,,2,3,0.0,0.0,0,Unknown-12,
60622,12,03/15/2020,03/21/2020,18,23,34,43.6,92,105,174,198.9,0.2,0.3,0,0,0.0,0.0,52793,60622-12,POINT (-87.681818 41.902762)
60656,19,05/03/2020,05/09/2020,26,178,94,645.4,186,1156,674,4191.6,0.2,0.2,0,5,0.0,18.1,27579,60656-19,POINT (-87.817934 41.974566)
60631,10,03/01/2020,03/07/2020,,,,,2,2,7,6.8,,,0,0,0.0,0.0,29529,60631-10,POINT (-87.813371 41.995019)
60617,11,03/08/2020,03/14/2020,,,,,10,11,12,13.3,,,0,0,0.0,0.0,82534,60617-11,POINT (-87.556897 41.721257)
60644,14,03/29/2020,04/04/2020,82,145,172,303.9,172,402,360,842.6,0.5,0.4,6,6,12.6,12.6,47712,60644-14,POINT (-87.756863 41.881113)
60625,21,05/17/2020,05/23/2020,138,1184,174,1494.1,747,4331,943,5465.5,0.2,0.3,6,78,7.6,98.4,79243,60625-21,POINT (-87.701816 41.971155)
60647,11,03/08/2020,03/14/2020,,,,,25,25,29,28.6,0.3,0.3,0,0,0.0,0.0,87509,60647-11,POINT (-87.701101 41.921058)
60659,19,05/03/2020,05/09/2020,88,507,214,1234.5,302,1578,735,3842.4,0.3,0.3,5,26,12.2,63.3,41068,60659-19,POINT (-87.703266 41.99080300000001)
60634,12,03/15/2020,03/21/2020,9,9,12,11.8,67,74,88,97.4,0.3,0.2,0,0,0.0,0.0,75995,60634-12,POINT (-87.797373 41.944967000000005)
60649,16,04/12/2020,04/18/2020,79,286,172,621.4,269,913,584,1983.7,0.3,0.3,11,33,23.9,71.7,46024,60649-16,POINT (-87.571522 41.762202)
60661,12,03/15/2020,03/21/2020,,,,,22,22,222,221.6,,,0,0,0.0,0.0,9926,60661-12,POINT (-87.644283 41.882786)
60646,12,03/15/2020,03/21/2020,9,9,32,32.2,35,42,125,150.1,0.2,0.2,0,0,0.0,0.0,27987,60646-12,POINT (-87.761826 41.993931)
60652,20,05/10/2020,05/16/2020,99,676,226,1539.6,440,2352,1002,5356.8,0.2,0.3,9,21,20.5,47.8,43907,60652-20,POINT (-87.714238 41.745398)
60660,12,03/15/2020,03/21/2020,7,8,16,18.5,52,64,120,148,0.2,0.2,0,0,0.0,0.0,43242,60660-12,POINT (-87.666362 41.991062)
60827,20,05/10/2020,05/16/2020,6,37,21,129.5,38,200,133,699.9,0.2,0.2,0,3,0.0,10.5,28577,60827-20,POINT (-87.633087 41.650765)
60624,20,05/10/2020,05/16/2020,73,647,202,1789.4,332,2222,918,6145.3,0.2,0.3,1,22,2.8,60.8,36158,60624-20,POINT (-87.722735 41.879417)
60636,14,03/29/2020,04/04/2020,59,102,183,316.7,136,291,422,903.6,0.6,0.5,6,8,18.6,24.8,32203,60636-14,POINT (-87.668597 41.77599)
60655,16,04/12/2020,04/18/2020,33,138,115,479.1,246,778,854,2701,0.1,0.2,1,4,3.5,13.9,28804,60655-16,POINT (-87.701434 41.696456)
60637,15,04/05/2020,04/11/2020,69,171,145,360.3,187,660,394,1390.8,0.3,0.3,2,4,4.2,8.4,47454,60637-15,POINT (-87.604053 41.780991)
60644,19,05/03/2020,05/09/2020,132,812,277,1701.9,674,2810,1413,5889.5,0.2,0.3,5,48,10.5,100.6,47712,60644-19,POINT (-87.756863 41.881113)
60637,20,05/10/2020,05/16/2020,78,494,164,1041,499,2739,1052,5771.9,0.2,0.2,1,16,2.1,33.7,47454,60637-20,POINT (-87.604053 41.780991)
60613,20,05/10/2020,05/16/2020,16,322,32,642.5,248,1581,495,3154.9,0.1,0.2,3,22,6.0,43.9,50113,60613-20,POINT (-87.661343 41.953742)
60602,18,04/26/2020,05/02/2020,0,5,0,401.9,5,42,402,3376.2,0.0,0.1,0,0,0.0,0.0,1244,60602-18,POINT (-87.628309 41.883136)
60602,20,05/10/2020,05/16/2020,1,9,80,723.5,13,71,1045,5707.4,0.1,0.1,0,0,0.0,0.0,1244,60602-20,POINT (-87.628309 41.883136)
60612,14,03/29/2020,04/04/2020,65,119,189,346.8,169,463,493,1349.4,0.3,0.3,3,4,8.7,11.7,34311,60612-14,POINT (-87.687011 41.88004)
60622,10,03/01/2020,03/07/2020,,,,,2,2,4,3.8,,,0,0,0.0,0.0,52793,60622-10,POINT (-87.681818 41.902762)
60603,19,05/03/2020,05/09/2020,0,5,0,425.9,5,34,426,2896.1,0.0,0.1,0,0,0.0,0.0,1174,60603-19,POINT (-87.625473 41.880112000000004)
60613,15,04/05/2020,04/11/2020,48,140,96,279.4,125,475,249,947.9,0.2,0.3,4,5,8.0,10.0,50113,60613-15,POINT (-87.661343 41.953742)
60623,13,03/22/2020,03/28/2020,40,49,46,57,146,226,170,262.9,0.4,0.3,3,3,3.5,3.5,85979,60623-13,POINT (-87.717446 41.850321)
60605,14,03/29/2020,04/04/2020,16,47,58,170.8,66,251,240,912.1,0.2,0.2,0,0,0.0,0.0,27519,60605-14,POINT (-87.623449 41.867824)
60651,19,05/03/2020,05/09/2020,246,1047,389,1656.2,805,3163,1273,5003.3,0.3,0.3,5,40,7.9,63.3,63218,60651-19,POINT (-87.741017 41.901964)
60615,10,03/01/2020,03/07/2020,,,,,3,3,7,7.2,,,0,0,0.0,0.0,41563,60615-10,POINT (-87.602725 41.80199300000001)
60666,15,04/05/2020,04/11/2020,,,,,0,0,0,0,,,0,0,0.0,0.0,0,60666-15,POINT (-87.896371 41.979511)
60624,18,04/26/2020,05/02/2020,75,482,207,1333,384,1522,1062,4209.3,0.2,0.3,0,18,0.0,49.8,36158,60624-18,POINT (-87.722735 41.879417)
60601,15,04/05/2020,04/11/2020,6,33,41,224.9,39,136,266,926.7,0.2,0.2,1,1,6.8,6.8,14675,60601-15,POINT (-87.622844 41.886262)
60639,10,03/01/2020,03/07/2020,,,,,1,1,1,1.1,,,0,0,0.0,0.0,90517,60639-10,POINT (-87.75531 41.920609)
60612,15,04/05/2020,04/11/2020,85,204,248,594.6,250,713,729,2078.1,0.3,0.3,3,7,8.7,20.4,34311,60612-15,POINT (-87.687011 41.88004)
60632,13,03/22/2020,03/28/2020,16,21,18,23.1,114,181,125,198.8,0.2,0.2,1,1,1.1,1.1,91039,60632-13,POINT (-87.711251 41.810038)
60654,11,03/08/2020,03/14/2020,,,,,9,10,47,52.3,,,0,0,0.0,0.0,19135,60654-11,POINT (-87.63635400000001 41.892485)
60652,18,04/26/2020,05/02/2020,125,431,285,981.6,522,1503,1189,3423.1,0.3,0.3,2,12,4.6,27.3,43907,60652-18,POINT (-87.714238 41.745398)
60649,20,05/10/2020,05/16/2020,52,626,113,1360.2,474,2638,1030,5731.8,0.1,0.2,9,86,19.6,186.9,46024,60649-20,POINT (-87.571522 41.762202)
60614,18,04/26/2020,05/02/2020,57,292,80,409.5,489,1619,686,2270.4,0.2,0.2,6,36,8.4,50.5,71308,60614-18,POINT (-87.652064 41.922605)
60637,13,03/22/2020,03/28/2020,27,46,57,96.9,149,302,314,636.4,0.2,0.2,0,0,0.0,0.0,47454,60637-13,POINT (-87.604053 41.780991)
60666,20,05/10/2020,05/16/2020,,,,,0,1,0,0,,,0,0,0.0,0.0,0,60666-20,POINT (-87.896371 41.979511)
60615,21,05/17/2020,05/23/2020,30,345,72,830.1,403,2216,970,5331.7,0.1,0.2,0,13,0.0,31.3,41563,60615-21,POINT (-87.602725 41.80199300000001)
60634,16,04/12/2020,04/18/2020,113,354,149,465.8,567,1787,746,2351.5,0.2,0.2,4,11,5.3,14.5,75995,60634-16,POINT (-87.797373 41.944967000000005)
60601,20,05/10/2020,05/16/2020,4,66,27,449.7,70,413,477,2814.3,0.0,0.2,0,4,0.0,27.3,14675,60601-20,POINT (-87.622844 41.886262)
60603,18,04/26/2020,05/02/2020,2,5,170,425.9,10,29,852,2470.2,0.1,0.2,0,0,0.0,0.0,1174,60603-18,POINT (-87.625473 41.880112000000004)
60623,20,05/10/2020,05/16/2020,428,2528,498,2940.3,1165,5841,1355,6793.5,0.3,0.4,21,90,24.4,104.7,85979,60623-20,POINT (-87.717446 41.850321)
60652,11,03/08/2020,03/14/2020,,,,,5,5,11,11.4,,,0,0,0.0,0.0,43907,60652-11,POINT (-87.714238 41.745398)
60827,13,03/22/2020,03/28/2020,4,6,14,21,15,23,52,80.5,0.5,0.5,0,0,0.0,0.0,28577,60827-13,POINT (-87.633087 41.650765)
60652,13,03/22/2020,03/28/2020,33,39,75,88.8,111,149,253,339.4,0.4,0.4,1,1,2.3,2.3,43907,60652-13,POINT (-87.714238 41.745398)
60624,13,03/22/2020,03/28/2020,37,45,102,124.5,133,224,368,619.5,0.4,0.3,0,0,0.0,0.0,36158,60624-13,POINT (-87.722735 41.879417)
60604,21,05/17/2020,05/23/2020,1,18,128,2301.8,11,76,1407,9718.7,0.2,0.2,0,0,0.0,0.0,782,60604-21,POINT (-87.62902900000002 41.878153)
60609,20,05/10/2020,05/16/2020,228,1280,371,2081.5,810,3483,1317,5663.9,0.3,0.4,11,42,17.9,68.3,61495,60609-20,POINT (-87.653382 41.812017)
60623,15,04/05/2020,04/11/2020,171,303,199,352.4,300,732,349,851.4,0.5,0.4,6,14,7.0,16.3,85979,60623-15,POINT (-87.717446 41.850321)
60617,10,03/01/2020,03/07/2020,,,,,1,1,1,1.2,,,0,0,0.0,0.0,82534,60617-10,POINT (-87.556897 41.721257)
60647,15,04/05/2020,04/11/2020,71,144,81,164.6,242,720,276,822.8,0.3,0.2,0,1,0.0,1.1,87509,60647-15,POINT (-87.701101 41.921058)
60621,17,04/19/2020,04/25/2020,63,266,217,915.9,219,764,754,2630.7,0.2,0.4,5,15,17.2,51.6,29042,60621-17,POINT (-87.638812 41.776931)
60602,13,03/22/2020,03/28/2020,,,,,3,6,241,482.3,,,0,0,0.0,0.0,1244,60602-13,POINT (-87.628309 41.883136)
60636,15,04/05/2020,04/11/2020,76,178,236,552.7,107,398,332,1235.9,0.5,0.5,9,17,27.9,52.8,32203,60636-15,POINT (-87.668597 41.77599)
60657,15,04/05/2020,04/11/2020,43,148,61,211.3,176,676,251,965,0.2,0.2,2,2,2.9,2.9,70052,60657-15,POINT (-87.658216 41.939715)
60605,21,05/17/2020,05/23/2020,11,161,40,585.1,175,1178,636,4280.7,0.1,0.1,0,1,0.0,3.6,27519,60605-21,POINT (-87.623449 41.867824)
60633,17,04/19/2020,04/25/2020,23,47,179,365.2,64,185,497,1437.3,0.3,0.2,0,0,0.0,0.0,12871,60633-17,POINT (-87.556037 41.653147)
60601,10,03/01/2020,03/07/2020,,,,,1,1,7,6.8,,,0,0,0.0,0.0,14675,60601-10,POINT (-87.622844 41.886262)
60639,11,03/08/2020,03/14/2020,,,,,8,9,9,9.9,,,0,0,0.0,0.0,90517,60639-11,POINT (-87.75531 41.920609)
60632,20,05/10/2020,05/16/2020,417,2300,458,2526.4,1123,5274,1234,5793.1,0.4,0.4,9,49,9.9,53.8,91039,60632-20,POINT (-87.711251 41.810038)
60604,16,04/12/2020,04/18/2020,,,,,3,15,384,1918.2,,,0,0,0.0,0.0,782,60604-16,POINT (-87.62902900000002 41.878153)
60651,18,04/26/2020,05/02/2020,224,801,354,1267,773,2358,1223,3730,0.3,0.4,6,35,9.5,55.4,63218,60651-18,POINT (-87.741017 41.901964)
60626,11,03/08/2020,03/14/2020,,,,,5,6,10,12.1,,,0,0,0.0,0.0,49730,60626-11,POINT (-87.669834 42.009469)
60654,21,05/17/2020,05/23/2020,9,133,47,695.1,130,766,679,4003.1,0.1,0.2,0,1,0.0,5.2,19135,60654-21,POINT (-87.63635400000001 41.892485)
60612,10,03/01/2020,03/07/2020,,,,,1,1,3,2.9,,,0,0,0.0,0.0,34311,60612-10,POINT (-87.687011 41.88004)
60827,15,04/05/2020,04/11/2020,1,12,4,42,10,44,35,154,0.2,0.3,0,1,0.0,3.5,28577,60827-15,POINT (-87.633087 41.650765)
60643,16,04/12/2020,04/18/2020,74,335,148,671.7,275,998,551,2001.2,0.2,0.3,10,20,20.1,40.1,49870,60643-16,POINT (-87.662381 41.700445)
60604,11,03/08/2020,03/14/2020,,,,,0,0,0,0,,,0,0,0.0,0.0,782,60604-11,POINT (-87.62902900000002 41.878153)
60640,20,05/10/2020,05/16/2020,56,651,80,933.8,463,2788,664,3999.1,0.1,0.2,10,72,14.3,103.3,69715,60640-20,POINT (-87.662232 41.971888)
60628,21,05/17/2020,05/23/2020,72,929,108,1392.3,788,4152,1181,6222.6,0.1,0.2,5,75,7.5,112.4,66724,60628-21,POINT (-87.621537 41.694192)
60619,18,04/26/2020,05/02/2020,82,614,134,1002.3,531,2281,867,3723.6,0.1,0.3,5,36,8.2,58.8,61258,60619-18,POINT (-87.60569 41.744737)
60615,11,03/08/2020,03/14/2020,,,,,6,9,14,21.7,,,0,0,0.0,0.0,41563,60615-11,POINT (-87.602725 41.80199300000001)
60707,18,04/26/2020,05/02/2020,16,57,37,132.5,134,548,312,1273.9,0.1,0.1,0,2,0.0,4.6,43019,60707-18,POINT (-87.808283 41.921777)
60630,12,03/15/2020,03/21/2020,6,6,10,10.5,42,48,73,83.7,0.3,0.3,1,1,1.7,1.7,57344,60630-12,POINT (-87.759611 41.971261)
60647,10,03/01/2020,03/07/2020,,,,,0,0,0,0,,,0,0,0.0,0.0,87509,60647-10,POINT (-87.701101 41.921058)
60607,12,03/15/2020,03/21/2020,11,11,37,37.2,73,82,247,277.1,0.2,0.2,0,0,0.0,0.0,29591,60607-12,POINT (-87.652727 41.876104)
60613,13,03/22/2020,03/28/2020,28,44,56,87.8,121,218,242,435,0.3,0.3,0,0,0.0,0.0,50113,60613-13,POINT (-87.661343 41.953742)
60661,10,03/01/2020,03/07/2020,,,,,0,0,0,0,,,0,0,0.0,0.0,9926,60661-10,POINT (-87.644283 41.882786)
60654,14,03/29/2020,04/04/2020,14,38,73,198.6,37,150,193,783.9,0.3,0.3,0,0,0.0,0.0,19135,60654-14,POINT (-87.63635400000001 41.892485)
60615,17,04/19/2020,04/25/2020,41,219,99,526.9,201,972,484,2338.6,0.2,0.2,2,7,4.8,16.8,41563,60615-17,POINT (-87.602725 41.80199300000001)
60634,20,05/10/2020,05/16/2020,168,1093,221,1438.3,827,4894,1088,6439.9,0.2,0.2,6,32,7.9,42.1,75995,60634-20,POINT (-87.797373 41.944967000000005)
60614,14,03/29/2020,04/04/2020,52,104,73,145.8,143,445,200,624.1,0.3,0.3,0,1,0.0,1.4,71308,60614-14,POINT (-87.652064 41.922605)
60609,15,04/05/2020,04/11/2020,93,183,151,297.6,195,545,317,886.3,0.4,0.4,2,5,3.3,8.1,61495,60609-15,POINT (-87.653382 41.812017)
60661,19,05/03/2020,05/09/2020,3,29,30,292.2,47,214,474,2156,0.1,0.1,0,0,0.0,0.0,9926,60661-19,POINT (-87.644283 41.882786)
60618,13,03/22/2020,03/28/2020,20,40,21,42.4,182,299,193,316.8,0.2,0.2,0,0,0.0,0.0,94395,60618-13,POINT (-87.703343 41.946699)
60622,20,05/10/2020,05/16/2020,75,505,142,956.6,420,2130,796,4034.6,0.2,0.2,5,47,9.5,89.0,52793,60622-20,POINT (-87.681818 41.902762)
60636,21,05/17/2020,05/23/2020,58,616,180,1912.9,385,2106,1196,6539.8,0.1,0.3,0,41,0.0,127.3,32203,60636-21,POINT (-87.668597 41.77599)
60606,19,05/03/2020,05/09/2020,5,33,161,1064.2,45,222,1451,7159,0.1,0.1,0,2,0.0,64.5,3101,60606-19,POINT (-87.63676 41.882634)
60632,15,04/05/2020,04/11/2020,125,197,137,216.4,281,593,309,651.4,0.4,0.3,6,9,6.6,9.9,91039,60632-15,POINT (-87.711251 41.810038)
60619,12,03/15/2020,03/21/2020,26,27,42,44.1,117,129,191,210.6,0.2,0.2,0,0,0.0,0.0,61258,60619-12,POINT (-87.60569 41.744737)
60631,12,03/15/2020,03/21/2020,7,9,24,30.5,23,28,78,94.8,0.3,0.4,0,0,0.0,0.0,29529,60631-12,POINT (-87.813371 41.995019)
60639,17,04/19/2020,04/25/2020,400,934,442,1031.9,969,2363,1070,2610.6,0.4,0.4,9,31,9.9,34.2,90517,60639-17,POINT (-87.75531 41.920609)
60606,14,03/29/2020,04/04/2020,2,5,64,161.2,10,43,322,1386.6,0.1,0.1,0,0,0.0,0.0,3101,60606-14,POINT (-87.63676 41.882634)
60651,13,03/22/2020,03/28/2020,49,55,78,87,149,215,236,340.1,0.4,0.4,0,0,0.0,0.0,63218,60651-13,POINT (-87.741017 41.901964)
Unknown,17,04/19/2020,04/25/2020,100,163,0,0,1000,3989,0,0,0.1,0.0,1,8,0.0,0.0,0,Unknown-17,
60620,15,04/05/2020,04/11/2020,142,383,208,562.4,280,911,411,1337.8,0.4,0.4,16,32,23.5,47.0,68096,60620-15,POINT (-87.651656 41.740873)
60626,16,04/12/2020,04/18/2020,121,275,243,553,315,862,633,1733.4,0.4,0.3,10,17,20.1,34.2,49730,60626-16,POINT (-87.669834 42.009469)
60644,15,04/05/2020,04/11/2020,138,283,289,593.1,250,652,524,1366.5,0.5,0.5,3,9,6.3,18.9,47712,60644-15,POINT (-87.756863 41.881113)
60603,13,03/22/2020,03/28/2020,,,,,3,4,256,340.7,,,0,0,0.0,0.0,1174,60603-13,POINT (-87.625473 41.880112000000004)
60659,11,03/08/2020,03/14/2020,,,,,5,6,12,14.6,,,0,0,0.0,0.0,41068,60659-11,POINT (-87.703266 41.99080300000001)
60638,12,03/15/2020,03/21/2020,5,5,8,8.5,41,43,70,73.1,0.2,0.2,0,0,0.0,0.0,58797,60638-12,POINT (-87.771902 41.787032)
60608,12,03/15/2020,03/21/2020,5,6,6,7.6,86,97,109,122.5,0.2,0.2,0,0,0.0,0.0,79205,60608-12,POINT (-87.670366 41.849879)
60655,14,03/29/2020,04/04/2020,28,48,97,166.6,167,341,580,1183.9,0.3,0.2,1,1,3.5,3.5,28804,60655-14,POINT (-87.701434 41.696456)
60625,13,03/22/2020,03/28/2020,23,43,29,54.3,147,248,186,313,0.2,0.2,0,1,0.0,1.3,79243,60625-13,POINT (-87.701816 41.971155)
60622,17,04/19/2020,04/25/2020,65,279,123,528.5,246,1033,466,1956.7,0.2,0.3,10,22,18.9,41.7,52793,60622-17,POINT (-87.681818 41.902762)
60617,14,03/29/2020,04/04/2020,101,183,122,221.7,252,601,305,728.2,0.4,0.3,7,10,8.5,12.1,82534,60617-14,POINT (-87.556897 41.721257)
60653,21,05/17/2020,05/23/2020,55,473,172,1479.4,629,2576,1967,8057,0.1,0.2,2,29,6.3,90.7,31972,60653-21,POINT (-87.611244 41.819261)
60641,19,05/03/2020,05/09/2020,198,884,279,1244.7,763,3042,1074,4283.1,0.2,0.3,8,30,11.3,42.2,71023,60641-19,POINT (-87.746791 41.946682)
60633,13,03/22/2020,03/28/2020,,,,,13,25,101,194.2,,,0,0,0.0,0.0,12871,60633-13,POINT (-87.556037 41.653147)
60643,12,03/15/2020,03/21/2020,8,9,16,18,77,83,154,166.4,0.3,0.3,0,0,0.0,0.0,49870,60643-12,POINT (-87.662381 41.700445)
60656,17,04/19/2020,04/25/2020,29,122,105,442.4,162,793,587,2875.4,0.2,0.2,0,4,0.0,14.5,27579,60656-17,POINT (-87.817934 41.974566)
60629,19,05/03/2020,05/09/2020,520,1959,465,1751.5,1401,4925,1253,4403.2,0.3,0.4,8,38,7.2,34.0,111850,60629-19,POINT (-87.711565 41.777061)
60631,17,04/19/2020,04/25/2020,26,124,88,419.9,193,962,654,3257.8,0.2,0.1,0,2,0.0,6.8,29529,60631-17,POINT (-87.813371 41.995019)
60649,10,03/01/2020,03/07/2020,,,,,1,1,2,2.2,,,0,0,0.0,0.0,46024,60649-10,POINT (-87.571522 41.762202)
60646,17,04/19/2020,04/25/2020,28,105,100,375.2,337,889,1204,3176.5,0.3,0.2,2,5,7.1,17.9,27987,60646-17,POINT (-87.761826 41.993931)
60608,17,04/19/2020,04/25/2020,183,584,231,737.3,495,1675,625,2114.8,0.4,0.4,6,16,7.6,20.2,79205,60608-17,POINT (-87.670366 41.849879)
60654,19,05/03/2020,05/09/2020,6,116,31,606.2,97,517,507,2701.9,0.1,0.2,0,0,0.0,0.0,19135,60654-19,POINT (-87.63635400000001 41.892485)
60626,21,05/17/2020,05/23/2020,91,869,183,1747.4,420,3113,845,6259.8,0.2,0.3,7,85,14.1,170.9,49730,60626-21,POINT (-87.669834 42.009469)
60653,16,04/12/2020,04/18/2020,61,232,191,725.6,200,725,626,2267.6,0.3,0.3,2,13,6.3,40.7,31972,60653-16,POINT (-87.611244 41.819261)
60611,18,04/26/2020,05/02/2020,11,93,34,286.8,226,821,697,2531.9,0.1,0.1,0,1,0.0,3.1,32426,60611-18,POINT (-87.620291 41.894734)
60617,19,05/03/2020,05/09/2020,135,713,164,863.9,725,3251,878,3939,0.2,0.2,8,37,9.7,44.8,82534,60617-19,POINT (-87.556897 41.721257)
60655,19,05/03/2020,05/09/2020,19,204,66,708.2,206,1443,715,5009.7,0.1,0.1,0,7,0.0,24.3,28804,60655-19,POINT (-87.701434 41.696456)
60607,17,04/19/2020,04/25/2020,17,323,57,1091.5,232,931,784,3146.2,0.1,0.3,2,3,6.8,10.1,29591,60607-17,POINT (-87.652727 41.876104)
60642,13,03/22/2020,03/28/2020,7,10,35,49.5,65,104,322,514.8,0.2,0.2,0,0,0.0,0.0,20201,60642-13,POINT (-87.657821 41.899935)
60707,14,03/29/2020,04/04/2020,10,22,23,51.1,51,115,119,267.3,0.2,0.2,0,1,0.0,2.3,43019,60707-14,POINT (-87.808283 41.921777)
60645,14,03/29/2020,04/04/2020,101,223,212,467.2,241,582,505,1219.3,0.4,0.4,2,3,4.2,6.3,47732,60645-14,POINT (-87.695049 42.008927)
60605,16,04/12/2020,04/18/2020,26,85,94,308.9,107,447,389,1624.3,0.3,0.2,0,0,0.0,0.0,27519,60605-16,POINT (-87.623449 41.867824)
60620,10,03/01/2020,03/07/2020,,,,,3,3,4,4.4,,,0,0,0.0,0.0,68096,60620-10,POINT (-87.651656 41.740873)
60620,21,05/17/2020,05/23/2020,82,998,120,1465.6,997,4877,1464,7161.9,0.1,0.2,7,68,10.3,99.9,68096,60620-21,POINT (-87.651656 41.740873)
60656,12,03/15/2020,03/21/2020,,,,,24,28,87,101.5,0.2,0.2,0,0,0.0,0.0,27579,60656-12,POINT (-87.817934 41.974566)
60660,18,04/26/2020,05/02/2020,52,260,120,601.3,254,1026,587,2372.7,0.2,0.3,3,21,6.9,48.6,43242,60660-18,POINT (-87.666362 41.991062)
60612,21,05/17/2020,05/23/2020,70,617,204,1798.3,327,2676,953,7799.2,0.2,0.2,2,22,5.8,64.1,34311,60612-21,POINT (-87.687011 41.88004)
60616,16,04/12/2020,04/18/2020,49,193,90,354.4,191,715,351,1312.8,0.2,0.3,7,17,12.9,31.2,54464,60616-16,POINT (-87.629531 41.844869)
60609,10,03/01/2020,03/07/2020,,,,,2,2,3,3.3,,,0,0,0.0,0.0,61495,60609-10,POINT (-87.653382 41.812017)
60628,16,04/12/2020,04/18/2020,96,399,144,598,323,1191,484,1785,0.3,0.3,5,30,7.5,45.0,66724,60628-16,POINT (-87.621537 41.694192)
60640,16,04/12/2020,04/18/2020,135,293,194,420.3,337,923,483,1324,0.4,0.3,8,17,11.5,24.4,69715,60640-16,POINT (-87.662232 41.971888)
60666,11,03/08/2020,03/14/2020,,,,,0,0,0,0,,,0,0,0.0,0.0,0,60666-11,POINT (-87.896371 41.979511)
60645,15,04/05/2020,04/11/2020,112,335,235,701.8,261,843,547,1766.1,0.4,0.4,6,9,12.6,18.9,47732,60645-15,POINT (-87.695049 42.008927)
60610,20,05/10/2020,05/16/2020,29,202,74,517.7,349,1400,894,3588,0.1,0.1,0,5,0.0,12.8,39019,60610-20,POINT (-87.63581 41.90455)
60634,13,03/22/2020,03/28/2020,40,49,53,64.5,340,414,447,544.8,0.2,0.2,0,0,0.0,0.0,75995,60634-13,POINT (-87.797373 41.944967000000005)
60657,10,03/01/2020,03/07/2020,,,,,4,4,6,5.7,,,0,0,0.0,0.0,70052,60657-10,POINT (-87.658216 41.939715)
60666,21,05/17/2020,05/23/2020,,,,,0,1,0,0,,,0,0,0.0,0.0,0,60666-21,POINT (-87.896371 41.979511)
60623,12,03/15/2020,03/21/2020,9,9,10,10.5,73,80,85,93,0.2,0.2,0,0,0.0,0.0,85979,60623-12,POINT (-87.717446 41.850321)
60639,21,05/17/2020,05/23/2020,353,2816,390,3111,1060,7524,1171,8312.3,0.3,0.4,12,81,13.3,89.5,90517,60639-21,POINT (-87.75531 41.920609)
60618,17,04/19/2020,04/25/2020,168,490,178,519.1,513,1770,544,1875.1,0.3,0.3,6,12,6.4,12.7,94395,60618-17,POINT (-87.703343 41.946699)
60654,18,04/26/2020,05/02/2020,6,110,31,574.9,70,420,366,2194.9,0.1,0.3,0,0,0.0,0.0,19135,60654-18,POINT (-87.63635400000001 41.892485)
60633,20,05/10/2020,05/16/2020,19,96,148,745.9,83,436,645,3387.5,0.2,0.2,1,3,7.8,23.3,12871,60633-20,POINT (-87.556037 41.653147)
60625,16,04/12/2020,04/18/2020,114,322,144,406.3,333,1035,420,1306.1,0.3,0.3,8,13,10.1,16.4,79243,60625-16,POINT (-87.701816 41.971155)
60611,13,03/22/2020,03/28/2020,24,37,74,114.1,123,222,379,684.6,0.2,0.2,0,0,0.0,0.0,32426,60611-13,POINT (-87.620291 41.894734)
60649,21,05/17/2020,05/23/2020,46,672,100,1460.1,588,3226,1278,7009.4,0.1,0.2,5,91,10.9,197.7,46024,60649-21,POINT (-87.571522 41.762202)
60624,21,05/17/2020,05/23/2020,104,751,288,2077,424,2646,1173,7317.9,0.2,0.3,2,24,5.5,66.4,36158,60624-21,POINT (-87.722735 41.879417)
60618,20,05/10/2020,05/16/2020,138,927,146,982,788,3839,835,4067,0.2,0.3,5,31,5.3,32.8,94395,60618-20,POINT (-87.703343 41.946699)
Unknown,13,03/22/2020,03/28/2020,7,9,0,0,492,1070,0,0,0.0,0.0,2,5,0.0,0.0,0,Unknown-13,
60622,13,03/22/2020,03/28/2020,24,47,46,89,136,241,258,456.5,0.3,0.3,0,0,0.0,0.0,52793,60622-13,POINT (-87.681818 41.902762)
60644,11,03/08/2020,03/14/2020,,,,,13,18,27,37.7,0.2,0.3,0,0,0.0,0.0,47712,60644-11,POINT (-87.756863 41.881113)
60638,16,04/12/2020,04/18/2020,82,232,140,394.6,324,973,551,1654.8,0.3,0.3,3,6,5.1,10.2,58797,60638-16,POINT (-87.771902 41.787032)
60637,21,05/17/2020,05/23/2020,60,554,126,1167.4,509,3248,1073,6844.5,0.1,0.2,0,16,0.0,33.7,47454,60637-21,POINT (-87.604053 41.780991)
60620,11,03/08/2020,03/14/2020,,,,,11,14,16,20.6,0.4,0.4,0,0,0.0,0.0,68096,60620-11,POINT (-87.651656 41.740873)
60606,18,04/26/2020,05/02/2020,3,28,97,902.9,36,177,1161,5707.8,0.1,0.2,2,2,64.5,64.5,3101,60606-18,POINT (-87.63676 41.882634)
60659,15,04/05/2020,04/11/2020,68,179,166,435.9,146,499,356,1215.1,0.4,0.4,3,7,7.3,17.0,41068,60659-15,POINT (-87.703266 41.99080300000001)
60613,21,05/17/2020,05/23/2020,19,341,38,680.5,295,1876,589,3743.5,0.1,0.2,1,23,2.0,45.9,50113,60613-21,POINT (-87.661343 41.953742)
60602,21,05/17/2020,05/23/2020,2,11,161,884.2,17,88,1367,7074,0.2,0.1,0,0,0.0,0.0,1244,60602-21,POINT (-87.628309 41.883136)
60659,20,05/10/2020,05/16/2020,64,571,156,1390.4,299,1877,728,4570.5,0.2,0.3,6,32,14.6,77.9,41068,60659-20,POINT (-87.703266 41.99080300000001)
60641,15,04/05/2020,04/11/2020,116,175,163,246.4,304,692,428,974.3,0.4,0.3,4,6,5.6,8.4,71023,60641-15,POINT (-87.746791 41.946682)
60642,20,05/10/2020,05/16/2020,15,122,74,603.9,144,751,713,3717.6,0.1,0.2,0,4,0.0,19.8,20201,60642-20,POINT (-87.657821 41.899935)
60661,13,03/22/2020,03/28/2020,7,8,70,80.6,30,52,302,523.9,0.3,0.2,0,0,0.0,0.0,9926,60661-13,POINT (-87.644283 41.882786)
60637,16,04/12/2020,04/18/2020,63,234,133,493.1,221,881,466,1856.5,0.3,0.3,4,8,8.4,16.9,47454,60637-16,POINT (-87.604053 41.780991)
60653,11,03/08/2020,03/14/2020,,,,,5,6,16,18.8,,,0,0,0.0,0.0,31972,60653-11,POINT (-87.611244 41.819261)
60613,16,04/12/2020,04/18/2020,31,171,62,341.2,150,625,299,1247.2,0.2,0.3,3,8,6.0,16.0,50113,60613-16,POINT (-87.661343 41.953742)
60646,13,03/22/2020,03/28/2020,13,22,46,78.6,115,157,411,561,0.1,0.2,2,2,7.1,7.1,27987,60646-13,POINT (-87.761826 41.993931)
60661,18,04/26/2020,05/02/2020,4,26,40,261.9,31,167,312,1682.5,0.1,0.2,0,0,0.0,0.0,9926,60661-18,POINT (-87.644283 41.882786)
60660,13,03/22/2020,03/28/2020,22,30,51,69.4,93,157,215,363.1,0.2,0.2,0,0,0.0,0.0,43242,60660-13,POINT (-87.666362 41.991062)
60647,18,04/26/2020,05/02/2020,167,638,191,729.1,620,2292,708,2619.2,0.3,0.3,13,30,14.9,34.3,87509,60647-18,POINT (-87.701101 41.921058)
60632,12,03/15/2020,03/21/2020,4,5,4,5.5,60,67,66,73.6,0.1,0.1,0,0,0.0,0.0,91039,60632-12,POINT (-87.711251 41.810038)
60621,13,03/22/2020,03/28/2020,20,29,69,99.9,70,127,241,437.3,0.3,0.3,1,1,3.4,3.4,29042,60621-13,POINT (-87.638812 41.776931)
60659,10,03/01/2020,03/07/2020,,,,,1,1,2,2.4,,,0,0,0.0,0.0,41068,60659-10,POINT (-87.703266 41.99080300000001)
60617,15,04/05/2020,04/11/2020,106,289,128,350.2,272,873,330,1057.7,0.3,0.3,6,16,7.3,19.4,82534,60617-15,POINT (-87.556897 41.721257)
60642,17,04/19/2020,04/25/2020,24,62,119,306.9,108,375,535,1856.3,0.3,0.2,0,1,0.0,5.0,20201,60642-17,POINT (-87.657821 41.899935)
60609,14,03/29/2020,04/04/2020,50,90,81,146.4,151,350,246,569.2,0.4,0.3,3,3,4.9,4.9,61495,60609-14,POINT (-87.653382 41.812017)
60655,15,04/05/2020,04/11/2020,57,105,198,364.5,191,532,663,1847,0.2,0.2,2,3,6.9,10.4,28804,60655-15,POINT (-87.701434 41.696456)
60645,10,03/01/2020,03/07/2020,,,,,0,0,0,0,,,0,0,0.0,0.0,47732,60645-10,POINT (-87.695049 42.008927)
60629,16,04/12/2020,04/18/2020,246,537,220,480.1,519,1275,464,1139.9,0.5,0.4,4,16,3.6,14.3,111850,60629-16,POINT (-87.711565 41.777061)
60610,13,03/22/2020,03/28/2020,29,44,74,112.8,109,207,279,530.5,0.3,0.3,0,0,0.0,0.0,39019,60610-13,POINT (-87.63581 41.90455)
60630,17,04/19/2020,04/25/2020,108,294,188,512.7,352,1326,614,2312.4,0.3,0.2,4,14,7.0,24.4,57344,60630-17,POINT (-87.759611 41.971261)
60649,11,03/08/2020,03/14/2020,,,,,2,3,4,6.5,,,0,0,0.0,0.0,46024,60649-11,POINT (-87.571522 41.762202)
60640,12,03/15/2020,03/21/2020,12,15,17,21.5,96,115,138,165,0.2,0.2,0,0,0.0,0.0,69715,60640-12,POINT (-87.662232 41.971888)
60616,12,03/15/2020,03/21/2020,9,10,16,18.4,71,85,130,156.1,0.2,0.2,0,1,0.0,1.8,54464,60616-12,POINT (-87.629531 41.844869)
60612,11,03/08/2020,03/14/2020,,,,,10,11,29,32.1,,,0,0,0.0,0.0,34311,60612-11,POINT (-87.687011 41.88004)
60604,10,03/01/2020,03/07/2020,,,,,0,0,0,0,,,0,0,0.0,0.0,782,60604-10,POINT (-87.62902900000002 41.878153)
60645,19,05/03/2020,05/09/2020,89,764,186,1600.6,381,2354,798,4931.7,0.2,0.3,6,45,12.6,94.3,47732,60645-19,POINT (-87.695049 42.008927)
60827,14,03/29/2020,04/04/2020,5,11,18,38.5,11,34,38,119,0.1,0.4,1,1,3.5,3.5,28577,60827-14,POINT (-87.633087 41.650765)
60649,15,04/05/2020,04/11/2020,90,207,196,449.8,171,644,372,1399.3,0.4,0.3,12,22,26.1,47.8,46024,60649-15,POINT (-87.571522 41.762202)
60652,14,03/29/2020,04/04/2020,48,87,109,198.1,151,300,344,683.3,0.4,0.4,2,3,4.6,6.8,43907,60652-14,POINT (-87.714238 41.745398)
60666,16,04/12/2020,04/18/2020,,,,,0,0,0,0,,,0,0,0.0,0.0,0,60666-16,POINT (-87.896371 41.979511)
60605,13,03/22/2020,03/28/2020,15,31,54,112.6,84,185,305,672.3,0.2,0.2,0,0,0.0,0.0,27519,60605-13,POINT (-87.623449 41.867824)
60657,14,03/29/2020,04/04/2020,43,105,61,149.9,160,500,228,713.8,0.2,0.2,0,0,0.0,0.0,70052,60657-14,POINT (-87.658216 41.939715)
60624,17,04/19/2020,04/25/2020,88,407,243,1125.6,295,1138,816,3147.3,0.3,0.4,7,18,19.4,49.8,36158,60624-17,POINT (-87.722735 41.879417)
60601,16,04/12/2020,04/18/2020,4,37,27,252.1,33,169,225,1151.6,0.1,0.2,1,2,6.8,13.6,14675,60601-16,POINT (-87.622844 41.886262)
60707,19,05/03/2020,05/09/2020,33,90,77,209.2,275,823,639,1913.1,0.2,0.1,5,7,11.6,16.3,43019,60707-19,POINT (-87.808283 41.921777)
60623,16,04/12/2020,04/18/2020,212,515,247,599,465,1197,541,1392.2,0.5,0.5,9,23,10.5,26.8,85979,60623-16,POINT (-87.717446 41.850321)
60612,16,04/12/2020,04/18/2020,64,268,186,781.1,233,946,679,2757.1,0.3,0.3,3,10,8.7,29.1,34311,60612-16,POINT (-87.687011 41.88004)
60707,21,05/17/2020,05/23/2020,49,179,114,416.1,198,1224,460,2845.3,0.2,0.1,2,9,4.6,20.9,43019,60707-21,POINT (-87.808283 41.921777)
60636,16,04/12/2020,04/18/2020,65,243,202,754.6,153,551,475,1711,0.4,0.4,6,23,18.6,71.4,32203,60636-16,POINT (-87.668597 41.77599)
60607,21,05/17/2020,05/23/2020,16,408,54,1378.8,185,1597,625,5396.9,0.1,0.3,0,5,0.0,16.9,29591,60607-21,POINT (-87.652727 41.876104)
60628,13,03/22/2020,03/28/2020,78,94,117,140.9,223,339,334,508.1,0.4,0.4,1,1,1.5,1.5,66724,60628-13,POINT (-87.621537 41.694192)
60636,11,03/08/2020,03/14/2020,,,,,6,6,19,18.6,,,0,0,0.0,0.0,32203,60636-11,POINT (-87.668597 41.77599)
60621,21,05/17/2020,05/23/2020,53,488,182,1680.3,376,1998,1295,6879.7,0.1,0.2,6,43,20.7,148.1,29042,60621-21,POINT (-87.638812 41.776931)
60625,20,05/10/2020,05/16/2020,145,1046,183,1320,674,3584,850,4522.8,0.2,0.3,17,72,21.5,90.9,79243,60625-20,POINT (-87.701816 41.971155)
60604,12,03/15/2020,03/21/2020,,,,,0,0,0,0,,,0,0,0.0,0.0,782,60604-12,POINT (-87.62902900000002 41.878153)
60605,17,04/19/2020,04/25/2020,27,112,98,407,109,556,396,2020.4,0.2,0.2,0,0,0.0,0.0,27519,60605-17,POINT (-87.623449 41.867824)
60616,17,04/19/2020,04/25/2020,29,222,53,407.6,220,935,404,1716.7,0.2,0.3,8,25,14.7,45.9,54464,60616-17,POINT (-87.629531 41.844869)
60661,11,03/08/2020,03/14/2020,,,,,0,0,0,0,,,0,0,0.0,0.0,9926,60661-11,POINT (-87.644283 41.882786)
60614,19,05/03/2020,05/09/2020,107,399,150,559.5,386,2005,541,2811.7,0.1,0.2,10,46,14.0,64.5,71308,60614-19,POINT (-87.652064 41.922605)
60615,12,03/15/2020,03/21/2020,20,20,48,48.1,141,150,339,360.9,0.2,0.2,0,0,0.0,0.0,41563,60615-12,POINT (-87.602725 41.80199300000001)
60628,17,04/19/2020,04/25/2020,118,517,177,774.8,549,1740,823,2607.8,0.3,0.3,10,40,15.0,59.9,66724,60628-17,POINT (-87.621537 41.694192)
60638,19,05/03/2020,05/09/2020,172,727,292,1236.5,580,2621,986,4457.7,0.3,0.3,3,20,5.1,34.0,58797,60638-19,POINT (-87.771902 41.787032)
60601,14,03/29/2020,04/04/2020,7,27,48,184,21,97,143,661,0.2,0.3,0,0,0.0,0.0,14675,60601-14,POINT (-87.622844 41.886262)
60652,19,05/03/2020,05/09/2020,146,577,332,1314.1,409,1912,932,4354.7,0.3,0.3,0,12,0.0,27.3,43907,60652-19,POINT (-87.714238 41.745398)
60631,20,05/10/2020,05/16/2020,38,226,129,765.3,289,1721,979,5828.2,0.1,0.1,3,9,10.2,30.5,29529,60631-20,POINT (-87.813371 41.995019)
60827,19,05/03/2020,05/09/2020,7,31,24,108.5,27,162,94,566.9,0.2,0.2,1,3,3.5,10.5,28577,60827-19,POINT (-87.633087 41.650765)
60643,20,05/10/2020,05/16/2020,37,604,74,1211.1,397,3032,796,6079.8,0.1,0.2,3,42,6.0,84.2,49870,60643-20,POINT (-87.662381 41.700445)
60640,17,04/19/2020,04/25/2020,129,422,185,605.3,496,1419,712,2035.4,0.3,0.3,14,31,20.1,44.5,69715,60640-17,POINT (-87.662232 41.971888)
60610,17,04/19/2020,04/25/2020,16,129,41,330.6,152,659,390,1688.9,0.1,0.2,3,4,7.7,10.3,39019,60610-17,POINT (-87.63581 41.90455)
60629,12,03/15/2020,03/21/2020,9,9,8,8,78,83,70,74.2,0.2,0.2,0,0,0.0,0.0,111850,60629-12,POINT (-87.711565 41.777061)
60641,12,03/15/2020,03/21/2020,7,7,10,9.9,63,69,89,97.2,0.2,0.2,0,0,0.0,0.0,71023,60641-12,POINT (-87.746791 41.946682)
60652,10,03/01/2020,03/07/2020,,,,,0,0,0,0,,,0,0,0.0,0.0,43907,60652-10,POINT (-87.714238 41.745398)
60630,21,05/17/2020,05/23/2020,84,692,146,1206.8,461,3094,804,5395.5,0.2,0.2,11,40,19.2,69.8,57344,60630-21,POINT (-87.759611 41.971261)
60657,17,04/19/2020,04/25/2020,25,193,36,275.5,218,1067,311,1523.2,0.1,0.2,4,10,5.7,14.3,70052,60657-17,POINT (-87.658216 41.939715)
60647,14,03/29/2020,04/04/2020,35,73,40,83.4,179,478,205,546.2,0.2,0.2,1,1,1.1,1.1,87509,60647-14,POINT (-87.701101 41.921058)
60602,17,04/19/2020,04/25/2020,2,5,161,401.9,14,37,1125,2974.3,0.0,0.1,0,0,0.0,0.0,1244,60602-17,POINT (-87.628309 41.883136)
60629,10,03/01/2020,03/07/2020,,,,,1,1,1,0.9,,,0,0,0.0,0.0,111850,60629-10,POINT (-87.711565 41.777061)
60707,17,04/19/2020,04/25/2020,5,41,12,95.3,125,414,291,962.4,0.1,0.1,0,2,0.0,4.6,43019,60707-17,POINT (-87.808283 41.921777)
60659,18,04/26/2020,05/02/2020,79,419,192,1020.3,313,1276,762,3107,0.3,0.3,2,21,4.9,51.1,41068,60659-18,POINT (-87.703266 41.99080300000001)
60655,11,03/08/2020,03/14/2020,,,,,5,5,17,17.4,,,0,0,0.0,0.0,28804,60655-11,POINT (-87.701434 41.696456)
60612,20,05/10/2020,05/16/2020,57,547,166,1594.2,406,2349,1183,6846.2,0.2,0.2,2,20,5.8,58.3,34311,60612-20,POINT (-87.687011 41.88004)
60654,10,03/01/2020,03/07/2020,,,,,1,1,5,5.2,,,0,0,0.0,0.0,19135,60654-10,POINT (-87.63635400000001 41.892485)
Unknown,21,05/17/2020,05/23/2020,108,508,0,0,1867,9968,0,0,0.1,0.1,2,14,0.0,0.0,0,Unknown-21,
60606,10,03/01/2020,03/07/2020,,,,,0,0,0,0,,,0,0,0.0,0.0,3101,60606-10,POINT (-87.63676 41.882634)
60614,17,04/19/2020,04/25/2020,43,235,60,329.6,296,1130,415,1584.7,0.2,0.2,6,30,8.4,42.1,71308,60614-17,POINT (-87.652064 41.922605)
60633,12,03/15/2020,03/21/2020,,,,,12,12,93,93.2,,,0,0,0.0,0.0,12871,60633-12,POINT (-87.556037 41.653147)
60626,12,03/15/2020,03/21/2020,12,12,24,24.1,89,95,179,191,0.2,0.2,0,0,0.0,0.0,49730,60626-12,POINT (-87.669834 42.009469)
60639,12,03/15/2020,03/21/2020,6,6,7,6.6,61,70,67,77.3,0.2,0.2,1,1,1.1,1.1,90517,60639-12,POINT (-87.75531 41.920609)
60651,17,04/19/2020,04/25/2020,190,577,300,912.7,545,1585,862,2507.2,0.4,0.4,11,29,17.4,45.9,63218,60651-17,POINT (-87.741017 41.901964)
60653,17,04/19/2020,04/25/2020,46,278,144,869.5,255,980,798,3065.2,0.2,0.3,6,19,18.8,59.4,31972,60653-17,POINT (-87.611244 41.819261)
60655,10,03/01/2020,03/07/2020,,,,,0,0,0,0,,,0,0,0.0,0.0,28804,60655-10,POINT (-87.701434 41.696456)
60611,21,05/17/2020,05/23/2020,11,123,34,379.3,242,1542,746,4755.4,0.0,0.1,0,2,0.0,6.2,32426,60611-21,POINT (-87.620291 41.894734)
60643,15,04/05/2020,04/11/2020,122,261,245,523.4,215,723,431,1449.8,0.4,0.4,7,10,14.0,20.1,49870,60643-15,POINT (-87.662381 41.700445)
60603,17,04/19/2020,04/25/2020,,,,,3,19,256,1618.4,,,0,0,0.0,0.0,1174,60603-17,POINT (-87.625473 41.880112000000004)
60620,20,05/10/2020,05/16/2020,83,916,122,1345.2,656,3880,963,5697.8,0.1,0.2,4,61,5.9,89.6,68096,60620-20,POINT (-87.651656 41.740873)
60640,19,05/03/2020,05/09/2020,79,595,113,853.5,450,2325,646,3335,0.1,0.3,16,62,23.0,88.9,69715,60640-19,POINT (-87.662232 41.971888)
60619,13,03/22/2020,03/28/2020,69,96,113,156.7,217,346,354,564.8,0.4,0.4,0,0,0.0,0.0,61258,60619-13,POINT (-87.60569 41.744737)
60656,13,03/22/2020,03/28/2020,10,12,36,43.5,146,174,529,630.9,0.1,0.1,0,0,0.0,0.0,27579,60656-13,POINT (-87.817934 41.974566)
60639,16,04/12/2020,04/18/2020,253,534,280,589.9,619,1394,684,1540,0.4,0.4,14,22,15.5,24.3,90517,60639-16,POINT (-87.75531 41.920609)
60608,13,03/22/2020,03/28/2020,60,66,76,83.3,201,298,254,376.2,0.4,0.3,0,0,0.0,0.0,79205,60608-13,POINT (-87.670366 41.849879)
60631,13,03/22/2020,03/28/2020,10,19,34,64.3,186,214,630,724.7,0.1,0.2,0,0,0.0,0.0,29529,60631-13,POINT (-87.813371 41.995019)
60649,14,03/29/2020,04/04/2020,58,117,126,254.2,195,473,424,1027.7,0.4,0.3,7,10,15.2,21.7,46024,60649-14,POINT (-87.571522 41.762202)
60646,21,05/17/2020,05/23/2020,38,335,136,1197,211,1725,754,6163.6,0.2,0.2,3,34,10.7,121.5,27987,60646-21,POINT (-87.761826 41.993931)
60607,13,03/22/2020,03/28/2020,24,35,81,118.3,120,202,406,682.6,0.2,0.2,0,0,0.0,0.0,29591,60607-13,POINT (-87.652727 41.876104)
60642,12,03/15/2020,03/21/2020,,,,,35,39,173,193.1,,,0,0,0.0,0.0,20201,60642-12,POINT (-87.657821 41.899935)
60616,21,05/17/2020,05/23/2020,30,386,55,708.7,465,2512,854,4612.2,0.1,0.2,1,34,1.8,62.4,54464,60616-21,POINT (-87.629531 41.844869)
60660,21,05/17/2020,05/23/2020,34,362,79,837.1,247,1719,571,3975.3,0.2,0.2,2,36,4.6,83.3,43242,60660-21,POINT (-87.666362 41.991062)
60666,14,03/29/2020,04/04/2020,,,,,0,0,0,0,,,0,0,0.0,0.0,0,60666-14,POINT (-87.896371 41.979511)
60645,18,04/26/2020,05/02/2020,92,675,193,1414.1,473,1973,991,4133.5,0.2,0.4,11,39,23.0,81.7,47732,60645-18,POINT (-87.695049 42.008927)
60652,15,04/05/2020,04/11/2020,76,163,173,371.2,135,435,308,990.7,0.4,0.4,3,6,6.8,13.7,43907,60652-15,POINT (-87.714238 41.745398)
60643,13,03/22/2020,03/28/2020,41,50,82,100.3,186,269,373,539.4,0.4,0.3,0,0,0.0,0.0,49870,60643-13,POINT (-87.662381 41.700445)
60618,12,03/15/2020,03/21/2020,18,20,19,21.2,98,117,104,123.9,0.2,0.2,0,0,0.0,0.0,94395,60618-12,POINT (-87.703343 41.946699)
60608,18,04/26/2020,05/02/2020,292,876,369,1106,963,2638,1216,3330.6,0.4,0.4,10,26,12.6,32.8,79205,60608-18,POINT (-87.670366 41.849879)
60631,18,04/26/2020,05/02/2020,22,146,74,494.4,200,1162,677,3935.1,0.1,0.1,0,2,0.0,6.8,29529,60631-18,POINT (-87.813371 41.995019)
60653,10,03/01/2020,03/07/2020,,,,,1,1,3,3.1,,,0,0,0.0,0.0,31972,60653-10,POINT (-87.611244 41.819261)
60707,13,03/22/2020,03/28/2020,11,12,26,27.9,49,64,114,148.8,0.3,0.2,1,1,2.3,2.3,43019,60707-13,POINT (-87.808283 41.921777)
60645,11,03/08/2020,03/14/2020,,,,,4,4,8,8.4,,,0,0,0.0,0.0,47732,60645-11,POINT (-87.695049 42.008927)
60626,17,04/19/2020,04/25/2020,146,421,294,846.6,451,1313,907,2640.3,0.4,0.4,9,26,18.1,52.3,49730,60626-17,POINT (-87.669834 42.009469)
60603,14,03/29/2020,04/04/2020,,,,,4,8,341,681.4,,,0,0,0.0,0.0,1174,60603-14,POINT (-87.625473 41.880112000000004)
60625,14,03/29/2020,04/04/2020,60,103,76,130,181,429,228,541.4,0.3,0.3,2,3,2.5,3.8,79243,60625-14,POINT (-87.701816 41.971155)
60602,12,03/15/2020,03/21/2020,,,,,3,3,241,241.2,,,0,0,0.0,0.0,1244,60602-12,POINT (-87.628309 41.883136)
60621,16,04/12/2020,04/18/2020,66,203,227,699,171,545,589,1876.6,0.4,0.4,4,10,13.8,34.4,29042,60621-16,POINT (-87.638812 41.776931)
60613,12,03/15/2020,03/21/2020,16,16,32,31.9,81,97,162,193.6,0.3,0.3,0,0,0.0,0.0,50113,60613-12,POINT (-87.661343 41.953742)
60659,14,03/29/2020,04/04/2020,60,111,146,270.3,156,353,380,859.6,0.4,0.4,3,4,7.3,9.7,41068,60659-14,POINT (-87.703266 41.99080300000001)
60630,13,03/22/2020,03/28/2020,24,30,42,52.3,175,223,305,388.9,0.1,0.2,1,2,1.7,3.5,57344,60630-13,POINT (-87.759611 41.971261)
60633,16,04/12/2020,04/18/2020,12,24,93,186.5,55,121,427,940.1,0.3,0.2,0,0,0.0,0.0,12871,60633-16,POINT (-87.556037 41.653147)
60615,16,04/12/2020,04/18/2020,43,178,104,428.3,189,771,455,1855,0.2,0.2,1,5,2.4,12.0,41563,60615-16,POINT (-87.602725 41.80199300000001)
60604,17,04/19/2020,04/25/2020,2,6,256,767.3,10,25,1279,3196.9,0.2,0.2,0,0,0.0,0.0,782,60604-17,POINT (-87.62902900000002 41.878153)
60609,16,04/12/2020,04/18/2020,134,317,218,515.5,305,850,496,1382.2,0.5,0.4,5,10,8.1,16.3,61495,60609-16,POINT (-87.653382 41.812017)
60656,18,04/26/2020,05/02/2020,30,152,109,551.1,177,970,642,3517.2,0.2,0.2,1,5,3.6,18.1,27579,60656-18,POINT (-87.817934 41.974566)
60634,15,04/05/2020,04/11/2020,134,241,176,317.1,440,1220,579,1605.4,0.2,0.2,3,7,3.9,9.2,75995,60634-15,POINT (-87.797373 41.944967000000005)
60614,13,03/22/2020,03/28/2020,28,52,39,72.9,142,302,199,423.5,0.3,0.2,0,1,0.0,1.4,71308,60614-13,POINT (-87.652064 41.922605)
60611,17,04/19/2020,04/25/2020,8,82,25,252.9,135,595,416,1834.9,0.1,0.1,1,1,3.1,3.1,32426,60611-17,POINT (-87.620291 41.894734)
60636,20,05/10/2020,05/16/2020,75,558,233,1732.8,349,1721,1084,5344.2,0.2,0.3,3,41,9.3,127.3,32203,60636-20,POINT (-87.668597 41.77599)
60601,21,05/17/2020,05/23/2020,1,67,7,456.6,69,482,470,3284.5,0.0,0.1,0,4,0.0,27.3,14675,60601-21,POINT (-87.622844 41.886262)
Unknown,18,04/26/2020,05/02/2020,70,233,0,0,1022,5011,0,0,0.1,0.1,1,9,0.0,0.0,0,Unknown-18,
60606,13,03/22/2020,03/28/2020,,,,,15,33,484,1064.2,,,0,0,0.0,0.0,3101,60606-13,POINT (-87.63676 41.882634)
60651,14,03/29/2020,04/04/2020,72,127,114,200.9,201,416,318,658,0.4,0.4,7,7,11.1,11.1,63218,60651-14,POINT (-87.741017 41.901964)
60624,12,03/15/2020,03/21/2020,8,8,22,22.1,81,91,224,251.7,0.2,0.2,0,0,0.0,0.0,36158,60624-12,POINT (-87.722735 41.879417)
60609,21,05/17/2020,05/23/2020,237,1517,385,2466.9,777,4260,1264,6927.4,0.3,0.4,5,47,8.1,76.4,61495,60609-21,POINT (-87.653382 41.812017)
60604,20,05/10/2020,05/16/2020,3,17,384,2173.9,13,65,1662,8312,0.2,0.3,0,0,0.0,0.0,782,60604-20,POINT (-87.62902900000002 41.878153)
60632,16,04/12/2020,04/18/2020,245,442,269,485.5,471,1064,517,1168.7,0.6,0.4,1,10,1.1,11.0,91039,60632-16,POINT (-87.711251 41.810038)
60619,17,04/19/2020,04/25/2020,116,532,189,868.5,534,1750,872,2856.8,0.2,0.3,6,31,9.8,50.6,61258,60619-17,POINT (-87.60569 41.744737)
60620,16,04/12/2020,04/18/2020,101,484,148,710.8,345,1256,507,1844.5,0.3,0.4,8,40,11.7,58.7,68096,60620-16,POINT (-87.651656 41.740873)
60638,11,03/08/2020,03/14/2020,,,,,1,2,2,3.4,,,0,0,0.0,0.0,58797,60638-11,POINT (-87.771902 41.787032)
60644,16,04/12/2020,04/18/2020,83,366,174,767.1,274,926,574,1940.8,0.3,0.4,6,15,12.6,31.4,47712,60644-16,POINT (-87.756863 41.881113)
60617,13,03/22/2020,03/28/2020,67,82,81,99.4,213,349,258,422.9,0.4,0.3,3,3,3.6,3.6,82534,60617-13,POINT (-87.556897 41.721257)
60660,17,04/19/2020,04/25/2020,36,208,83,481,195,772,451,1785.3,0.2,0.3,9,18,20.8,41.6,43242,60660-17,POINT (-87.666362 41.991062)
60641,20,05/10/2020,05/16/2020,175,1059,246,1491.1,771,3813,1086,5368.7,0.2,0.3,6,36,8.4,50.7,71023,60641-20,POINT (-87.746791 41.946682)
60622,18,04/26/2020,05/02/2020,78,357,148,676.2,339,1372,642,2598.8,0.3,0.3,12,34,22.7,64.4,52793,60622-18,POINT (-87.681818 41.902762)
60632,21,05/17/2020,05/23/2020,365,2665,401,2927.3,1006,6280,1105,6898.1,0.3,0.4,7,56,7.7,61.5,91039,60632-21,POINT (-87.711251 41.810038)
60666,10,03/01/2020,03/07/2020,,,,,0,0,0,0,,,0,0,0.0,0.0,0,60666-10,POINT (-87.896371 41.979511)
60629,20,05/10/2020,05/16/2020,432,2391,386,2137.7,1406,6331,1257,5660.3,0.3,0.4,10,48,8.9,42.9,111850,60629-20,POINT (-87.711565 41.777061)
60647,19,05/03/2020,05/09/2020,186,824,212,941.6,693,2985,792,3411.1,0.3,0.3,16,46,18.3,52.6,87509,60647-19,POINT (-87.701101 41.921058)
60646,18,04/26/2020,05/02/2020,110,215,393,768.2,209,1098,747,3923.3,0.2,0.2,4,9,14.3,32.2,27987,60646-18,POINT (-87.761826 41.993931)
60606,20,05/10/2020,05/16/2020,10,43,322,1386.6,89,311,2870,10029,0.1,0.1,0,2,0.0,64.5,3101,60606-20,POINT (-87.63676 41.882634)
60827,18,04/26/2020,05/02/2020,3,24,10,84,43,135,150,472.4,0.1,0.2,0,2,0.0,7.0,28577,60827-18,POINT (-87.633087 41.650765)
60617,20,05/10/2020,05/16/2020,146,859,177,1040.8,792,4043,960,4898.6,0.2,0.2,6,43,7.3,52.1,82534,60617-20,POINT (-87.556897 41.721257)
60623,21,05/17/2020,05/23/2020,343,2871,399,3339.2,912,6753,1061,7854.2,0.3,0.4,15,105,17.4,122.1,85979,60623-21,POINT (-87.717446 41.850321)
60612,17,04/19/2020,04/25/2020,72,340,210,990.9,287,1233,836,3593.6,0.3,0.3,1,11,2.9,32.1,34311,60612-17,POINT (-87.687011 41.88004)
60625,10,03/01/2020,03/07/2020,,,,,2,2,2,2.5,,,0,0,0.0,0.0,79243,60625-10,POINT (-87.701816 41.971155)
60655,18,04/26/2020,05/02/2020,22,185,76,642.3,243,1237,844,4294.5,0.1,0.2,1,7,3.5,24.3,28804,60655-18,POINT (-87.701434 41.696456)
60639,13,03/22/2020,03/28/2020,36,42,40,46.4,145,215,160,237.5,0.4,0.3,0,1,0.0,1.1,90517,60639-13,POINT (-87.75531 41.920609)
60626,13,03/22/2020,03/28/2020,22,34,44,68.4,129,224,259,450.4,0.2,0.2,0,0,0.0,0.0,49730,60626-13,POINT (-87.669834 42.009469)
60638,10,03/01/2020,03/07/2020,,,,,1,1,2,1.7,,,0,0,0.0,0.0,58797,60638-10,POINT (-87.771902 41.787032)
60636,12,03/15/2020,03/21/2020,9,9,28,27.9,51,57,158,177,0.3,0.3,1,1,3.1,3.1,32203,60636-12,POINT (-87.668597 41.77599)
60603,10,03/01/2020,03/07/2020,,,,,0,0,0,0,,,0,0,0.0,0.0,1174,60603-10,POINT (-87.625473 41.880112000000004)
60614,10,03/01/2020,03/07/2020,,,,,2,2,3,2.8,,,0,0,0.0,0.0,71308,60614-10,POINT (-87.652064 41.922605)
60621,20,05/10/2020,05/16/2020,57,435,196,1497.8,324,1622,1116,5585,0.1,0.3,6,37,20.7,127.4,29042,60621-20,POINT (-87.638812 41.776931)
60612,12,03/15/2020,03/21/2020,12,12,35,35,98,109,286,317.7,0.2,0.2,0,0,0.0,0.0,34311,60612-12,POINT (-87.687011 41.88004)
60602,16,04/12/2020,04/18/2020,,,,,10,23,804,1848.9,0.2,0.2,0,0,0.0,0.0,1244,60602-16,POINT (-87.628309 41.883136)
60604,13,03/22/2020,03/28/2020,,,,,7,7,895,895.1,,,0,0,0.0,0.0,782,60604-13,POINT (-87.62902900000002 41.878153)
60634,19,05/03/2020,05/09/2020,195,925,257,1217.2,814,4067,1071,5351.7,0.3,0.2,4,26,5.3,34.2,75995,60634-19,POINT (-87.797373 41.944967000000005)
60615,20,05/10/2020,05/16/2020,37,315,89,757.9,321,1813,772,4362.1,0.1,0.2,2,13,4.8,31.3,41563,60615-20,POINT (-87.602725 41.80199300000001)
60615,13,03/22/2020,03/28/2020,24,44,58,105.9,110,260,265,625.6,0.3,0.2,1,1,2.4,2.4,41563,60615-13,POINT (-87.602725 41.80199300000001)
60601,17,04/19/2020,04/25/2020,5,42,34,286.2,39,208,266,1417.4,0.2,0.2,1,3,6.8,20.4,14675,60601-17,POINT (-87.622844 41.886262)
60637,12,03/15/2020,03/21/2020,19,19,40,40,146,153,308,322.4,0.2,0.1,0,0,0.0,0.0,47454,60637-12,POINT (-87.604053 41.780991)
60622,19,05/03/2020,05/09/2020,73,430,138,814.5,338,1710,640,3239.1,0.2,0.3,8,42,15.2,79.6,52793,60622-19,POINT (-87.681818 41.902762)
60632,11,03/08/2020,03/14/2020,,,,,6,7,7,7.7,,,0,0,0.0,0.0,91039,60632-11,POINT (-87.711251 41.810038)
60654,13,03/22/2020,03/28/2020,15,24,78,125.4,51,113,266,590.5,0.3,0.3,0,0,0.0,0.0,19135,60654-13,POINT (-87.63635400000001 41.892485)
60651,10,03/01/2020,03/07/2020,,,,,0,0,0,0,,,0,0,0.0,0.0,63218,60651-10,POINT (-87.741017 41.901964)
60625,15,04/05/2020,04/11/2020,105,208,132,262.5,273,702,344,885.9,0.4,0.3,2,5,2.5,6.3,79243,60625-15,POINT (-87.701816 41.971155)
60617,16,04/12/2020,04/18/2020,69,358,84,433.8,353,1226,428,1485.4,0.2,0.3,5,21,6.1,25.4,82534,60617-16,POINT (-87.556897 41.721257)
60628,12,03/15/2020,03/21/2020,15,16,22,24,110,116,165,173.9,0.2,0.2,0,0,0.0,0.0,66724,60628-12,POINT (-87.621537 41.694192)
60608,21,05/17/2020,05/23/2020,139,1475,176,1862.3,618,4691,780,5922.6,0.2,0.3,5,43,6.3,54.3,79205,60608-21,POINT (-87.670366 41.849879)
60619,21,05/17/2020,05/23/2020,66,816,108,1332.1,1173,4782,1915,7806.3,0.1,0.2,3,52,4.9,84.9,61258,60619-21,POINT (-87.60569 41.744737)
60620,12,03/15/2020,03/21/2020,23,26,34,38.2,99,113,145,165.9,0.3,0.3,2,2,2.9,2.9,68096,60620-12,POINT (-87.651656 41.740873)
Unknown,14,03/29/2020,04/04/2020,15,24,0,0,560,1630,0,0,0.0,0.0,0,5,0.0,0.0,0,Unknown-14,
60624,16,04/12/2020,04/18/2020,81,319,224,882.2,250,843,691,2331.4,0.4,0.4,2,11,5.5,30.4,36158,60624-16,POINT (-87.722735 41.879417)
60610,16,04/12/2020,04/18/2020,16,113,41,289.6,115,507,295,1299.4,0.1,0.2,0,1,0.0,2.6,39019,60610-16,POINT (-87.63581 41.90455)
60611,14,03/29/2020,04/04/2020,18,55,56,169.6,74,296,228,912.8,0.2,0.2,0,0,0.0,0.0,32426,60611-14,POINT (-87.620291 41.894734)
60629,15,04/05/2020,04/11/2020,152,291,136,260.2,307,756,274,675.9,0.4,0.4,6,12,5.4,10.7,111850,60629-15,POINT (-87.711565 41.777061)
60644,12,03/15/2020,03/21/2020,11,15,23,31.4,78,96,164,201.2,0.2,0.2,0,0,0.0,0.0,47712,60644-12,POINT (-87.756863 41.881113)
60622,14,03/29/2020,04/04/2020,44,91,83,172.4,118,359,224,680,0.3,0.3,1,1,1.9,1.9,52793,60622-14,POINT (-87.681818 41.902762)
60630,20,05/10/2020,05/16/2020,114,608,199,1060.3,483,2633,842,4591.6,0.2,0.2,5,29,8.7,50.6,57344,60630-20,POINT (-87.759611 41.971261)
60606,17,04/19/2020,04/25/2020,8,25,258,806.2,39,141,1258,4546.9,0.2,0.2,0,0,0.0,0.0,3101,60606-17,POINT (-87.63676 41.882634)
60616,13,03/22/2020,03/28/2020,22,32,40,58.8,138,223,253,409.4,0.2,0.2,1,2,1.8,3.7,54464,60616-13,POINT (-87.629531 41.844869)
60638,15,04/05/2020,04/11/2020,83,150,141,255.1,235,649,400,1103.8,0.3,0.2,2,3,3.4,5.1,58797,60638-15,POINT (-87.771902 41.787032)
60641,16,04/12/2020,04/18/2020,112,287,158,404.1,356,1048,501,1475.6,0.3,0.3,5,11,7.0,15.5,71023,60641-16,POINT (-87.746791 41.946682)
60660,14,03/29/2020,04/04/2020,23,53,53,122.6,87,244,201,564.3,0.3,0.3,1,1,2.3,2.3,43242,60660-14,POINT (-87.666362 41.991062)
60634,14,03/29/2020,04/04/2020,58,107,76,140.8,366,780,482,1026.4,0.2,0.2,4,4,5.3,5.3,75995,60634-14,POINT (-87.797373 41.944967000000005)
60656,21,05/17/2020,05/23/2020,25,233,91,844.8,199,1545,722,5602.1,0.1,0.2,0,5,0.0,18.1,27579,60656-21,POINT (-87.817934 41.974566)
60646,14,03/29/2020,04/04/2020,14,36,50,128.6,122,279,436,996.9,0.1,0.2,0,2,0.0,7.1,27987,60646-14,POINT (-87.761826 41.993931)
60707,10,03/01/2020,03/07/2020,,,,,1,1,2,2.3,,,0,0,0.0,0.0,43019,60707-10,POINT (-87.808283 41.921777)
60607,20,05/10/2020,05/16/2020,13,392,44,1324.7,180,1412,608,4771.7,0.1,0.3,0,5,0.0,16.9,29591,60607-20,POINT (-87.652727 41.876104)
60623,17,04/19/2020,04/25/2020,392,907,456,1054.9,897,2094,1043,2435.5,0.5,0.5,13,36,15.1,41.9,85979,60623-17,POINT (-87.717446 41.850321)
60636,17,04/19/2020,04/25/2020,75,318,233,987.5,236,787,733,2443.9,0.3,0.4,5,28,15.5,86.9,32203,60636-17,POINT (-87.668597 41.77599)
60633,21,05/17/2020,05/23/2020,15,111,116,862.4,90,526,699,4086.7,0.1,0.2,0,3,0.0,23.3,12871,60633-21,POINT (-87.556037 41.653147)
60656,10,03/01/2020,03/07/2020,,,,,0,0,0,0,,,0,0,0.0,0.0,27579,60656-10,POINT (-87.817934 41.974566)
60640,18,04/26/2020,05/02/2020,94,516,135,740.2,456,1875,654,2689.5,0.2,0.3,15,46,21.5,66.0,69715,60640-18,POINT (-87.662232 41.971888)
60628,18,04/26/2020,05/02/2020,150,667,225,999.6,513,2253,769,3376.6,0.2,0.3,13,53,19.5,79.4,66724,60628-18,POINT (-87.621537 41.694192)
60651,21,05/17/2020,05/23/2020,202,1463,320,2314.2,736,4625,1164,7316,0.3,0.3,8,59,12.7,93.3,63218,60651-21,POINT (-87.741017 41.901964)
60637,17,04/19/2020,04/25/2020,72,306,152,644.8,522,1403,1100,2956.5,0.1,0.2,5,13,10.5,27.4,47454,60637-17,POINT (-87.604053 41.780991)
60653,18,04/26/2020,05/02/2020,37,315,116,985.2,233,1213,729,3793.9,0.2,0.3,3,22,9.4,68.8,31972,60653-18,POINT (-87.611244 41.819261)
60646,10,03/01/2020,03/07/2020,,,,,3,3,11,10.7,,,0,0,0.0,0.0,27987,60646-10,POINT (-87.761826 41.993931)
60657,18,04/26/2020,05/02/2020,31,224,44,319.8,259,1326,370,1892.9,0.1,0.2,5,15,7.1,21.4,70052,60657-18,POINT (-87.658216 41.939715)
60640,13,03/22/2020,03/28/2020,25,40,36,57.4,117,232,168,332.8,0.3,0.2,2,2,2.9,2.9,69715,60640-13,POINT (-87.662232 41.971888)
60610,21,05/17/2020,05/23/2020,25,227,64,581.8,322,1722,825,4413.2,0.1,0.1,1,6,2.6,15.4,39019,60610-21,POINT (-87.63581 41.90455)
60603,21,05/17/2020,05/23/2020,1,7,85,596.3,9,49,767,4173.8,0.1,0.2,0,0,0.0,0.0,1174,60603-21,POINT (-87.625473 41.880112000000004)
60601,13,03/22/2020,03/28/2020,9,20,61,136.3,37,76,252,517.9,0.2,0.3,0,0,0.0,0.0,14675,60601-13,POINT (-87.622844 41.886262)
60613,17,04/19/2020,04/25/2020,35,206,70,411.1,200,825,399,1646.3,0.2,0.3,3,11,6.0,22.0,50113,60613-17,POINT (-87.661343 41.953742)
60616,18,04/26/2020,05/02/2020,45,267,83,490.2,241,1176,442,2159.2,0.1,0.2,2,27,3.7,49.6,54464,60616-18,POINT (-87.629531 41.844869)
60605,18,04/26/2020,05/02/2020,17,129,62,468.8,160,716,581,2601.8,0.1,0.2,1,1,3.6,3.6,27519,60605-18,POINT (-87.623449 41.867824)
60605,12,03/15/2020,03/21/2020,14,16,51,58.1,83,101,302,367,0.2,0.2,0,0,0.0,0.0,27519,60605-12,POINT (-87.623449 41.867824)
60614,20,05/10/2020,05/16/2020,35,434,49,608.6,480,2485,673,3484.9,0.1,0.2,6,52,8.4,72.9,71308,60614-20,POINT (-87.652064 41.922605)
60623,11,03/08/2020,03/14/2020,,,,,4,7,5,8.1,,,0,0,0.0,0.0,85979,60623-11,POINT (-87.717446 41.850321)
60666,17,04/19/2020,04/25/2020,,,,,0,0,0,0,,,0,0,0.0,0.0,0,60666-17,POINT (-87.896371 41.979511)
60638,20,05/10/2020,05/16/2020,134,861,228,1464.4,552,3173,939,5396.5,0.2,0.3,5,25,8.5,42.5,58797,60638-20,POINT (-87.771902 41.787032)
60643,19,05/03/2020,05/09/2020,44,567,88,1137,365,2635,732,5283.7,0.1,0.2,5,39,10.0,78.2,49870,60643-19,POINT (-87.662381 41.700445)
60631,19,05/03/2020,05/09/2020,42,188,142,636.7,270,1432,914,4849.5,0.2,0.1,4,6,13.5,20.3,29529,60631-19,POINT (-87.813371 41.995019)
60654,17,04/19/2020,04/25/2020,5,104,26,543.5,59,350,308,1829.1,0.1,0.3,0,0,0.0,0.0,19135,60654-17,POINT (-87.63635400000001 41.892485)
60607,16,04/12/2020,04/18/2020,34,306,115,1034.1,123,699,416,2362.2,0.3,0.4,0,1,0.0,3.4,29591,60607-16,POINT (-87.652727 41.876104)
60609,13,03/22/2020,03/28/2020,28,40,46,65,131,199,213,323.6,0.4,0.3,0,0,0.0,0.0,61495,60609-13,POINT (-87.653382 41.812017)
60621,12,03/15/2020,03/21/2020,9,9,31,31,54,57,186,196.3,0.3,0.2,0,0,0.0,0.0,29042,60621-12,POINT (-87.638812 41.776931)
60618,21,05/17/2020,05/23/2020,150,1077,159,1141,760,4599,805,4872.1,0.2,0.2,4,35,4.2,37.1,94395,60618-21,POINT (-87.703343 41.946699)
60626,20,05/10/2020,05/16/2020,81,778,163,1564.4,426,2693,857,5415.2,0.2,0.3,19,78,38.2,156.8,49730,60626-20,POINT (-87.669834 42.009469)
60642,16,04/12/2020,04/18/2020,1,38,5,188.1,73,267,361,1321.7,0.1,0.2,1,1,5.0,5.0,20201,60642-16,POINT (-87.657821 41.899935)
60629,11,03/08/2020,03/14/2020,,,,,4,5,4,4.5,,,0,0,0.0,0.0,111850,60629-11,POINT (-87.711565 41.777061)
60610,12,03/15/2020,03/21/2020,14,15,36,38.4,79,98,202,251.2,0.3,0.3,0,0,0.0,0.0,39019,60610-12,POINT (-87.63581 41.90455)
60641,11,03/08/2020,03/14/2020,,,,,6,6,8,8.4,,,0,0,0.0,0.0,71023,60641-11,POINT (-87.746791 41.946682)
60630,16,04/12/2020,04/18/2020,58,186,101,324.4,330,974,576,1698.5,0.2,0.2,4,10,7.0,17.4,57344,60630-16,POINT (-87.759611 41.971261)
60606,21,05/17/2020,05/23/2020,2,45,64,1451.1,73,384,2354,12383.1,0.0,0.1,0,2,0.0,64.5,3101,60606-21,POINT (-87.63676 41.882634)
60625,19,05/03/2020,05/09/2020,209,901,264,1137,607,2910,766,3672.2,0.3,0.3,15,55,18.9,69.4,79243,60625-19,POINT (-87.701816 41.971155)
60659,21,05/17/2020,05/23/2020,64,635,156,1546.2,281,2158,684,5254.7,0.2,0.3,2,34,4.9,82.8,41068,60659-21,POINT (-87.703266 41.99080300000001)
60647,13,03/22/2020,03/28/2020,25,38,29,43.4,168,299,192,341.7,0.2,0.2,0,0,0.0,0.0,87509,60647-13,POINT (-87.701101 41.921058)
60617,21,05/17/2020,05/23/2020,128,987,155,1195.9,910,4953,1103,6001.2,0.1,0.2,2,45,2.4,54.5,82534,60617-21,POINT (-87.556897 41.721257)
60649,18,04/26/2020,05/02/2020,81,500,176,1086.4,358,1711,778,3717.6,0.2,0.3,23,66,50.0,143.4,46024,60649-18,POINT (-87.571522 41.762202)
60657,13,03/22/2020,03/28/2020,36,62,51,88.5,155,340,221,485.4,0.3,0.2,0,0,0.0,0.0,70052,60657-13,POINT (-87.658216 41.939715)
60661,14,03/29/2020,04/04/2020,7,15,70,151.1,14,66,141,664.9,0.2,0.2,0,0,0.0,0.0,9926,60661-14,POINT (-87.644283 41.882786)
60642,21,05/17/2020,05/23/2020,16,138,79,683.1,137,888,678,4395.8,0.1,0.2,3,7,14.9,34.7,20201,60642-21,POINT (-87.657821 41.899935)
60618,16,04/12/2020,04/18/2020,123,322,130,341.1,505,1257,535,1331.6,0.3,0.3,4,6,4.2,6.4,94395,60618-16,POINT (-87.703343 41.946699)
60653,14,03/29/2020,04/04/2020,47,96,147,300.3,142,350,444,1094.7,0.3,0.3,3,4,9.4,12.5,31972,60653-14,POINT (-87.611244 41.819261)
60643,14,03/29/2020,04/04/2020,89,139,178,278.7,239,508,479,1018.6,0.4,0.4,3,3,6.0,6.0,49870,60643-14,POINT (-87.662381 41.700445)
60639,20,05/10/2020,05/16/2020,397,2463,439,2721,1246,6464,1376,7141.2,0.3,0.4,8,69,8.8,76.2,90517,60639-20,POINT (-87.75531 41.920609)
60631,14,03/29/2020,04/04/2020,19,38,64,128.7,159,373,538,1263.2,0.2,0.2,1,1,3.4,3.4,29529,60631-14,POINT (-87.813371 41.995019)
60827,10,03/01/2020,03/07/2020,,,,,0,0,0,0,,,0,0,0.0,0.0,28577,60827-10,POINT (-87.633087 41.650765)
60619,14,03/29/2020,04/04/2020,108,204,176,333,273,619,446,1010.5,0.4,0.4,10,10,16.3,16.3,61258,60619-14,POINT (-87.60569 41.744737)
60608,14,03/29/2020,04/04/2020,91,157,115,198.2,193,491,244,619.9,0.4,0.3,1,1,1.3,1.3,79205,60608-14,POINT (-87.670366 41.849879)
