,zipcode,covid_cases,E1. HOUSEHOLD INCOME AND BENEFITS.Total households,"E1. HOUSEHOLD INCOME AND BENEFITS.Less than $10,000","E1. HOUSEHOLD INCOME AND BENEFITS.$10,000 to $14,999","E1. HOUSEHOLD INCOME AND BENEFITS.$15,000 to $24,999","E1. HOUSEHOLD INCOME AND BENEFITS.$25,000 to $34,999","E1. HOUSEHOLD INCOME AND BENEFITS.$35,000 to $49,999","E1. HOUSEHOLD INCOME AND BENEFITS.$50,000 to $74,999","E1. HOUSEHOLD INCOME AND BENEFITS.$75,000 to $99,999","E1. HOUSEHOLD INCOME AND BENEFITS.$100,000 to $149,999","E1. HOUSEHOLD INCOME AND BENEFITS.$150,000 to $199,999","E1. HOUSEHOLD INCOME AND BENEFITS.$200,000 or more",E1. HOUSEHOLD INCOME AND BENEFITS.With earnings,E1. HOUSEHOLD INCOME AND BENEFITS.With social security,E1. HOUSEHOLD INCOME AND BENEFITS.With retirement income,E1. HOUSEHOLD INCOME AND BENEFITS.With supplemental security income,E1. HOUSEHOLD INCOME AND BENEFITS.With cash public assistance income,E1. HOUSEHOLD INCOME AND BENEFITS.With food stamp benefits in the past 12 months,E1. HOUSEHOLD INCOME AND BENEFITS.Median household income,E1. HOUSEHOLD INCOME AND BENEFITS.Mean household income,E1. HOUSEHOLD INCOME AND BENEFITS.Mean household earnings,E1. HOUSEHOLD INCOME AND BENEFITS.Mean household social security income,E1. HOUSEHOLD INCOME AND BENEFITS.Mean household retirement income,E1. HOUSEHOLD INCOME AND BENEFITS.Mean household supplemental security income,E1. HOUSEHOLD INCOME AND BENEFITS.Mean household cash public assistance income,E2. FAMILY INCOME AND BENEFITS.Family households,"E2. FAMILY INCOME AND BENEFITS.Less than $10,000","E2. FAMILY INCOME AND BENEFITS.$10,000 to $14,999","E2. FAMILY INCOME AND BENEFITS.$15,000 to $24,999","E2. FAMILY INCOME AND BENEFITS.$25,000 to $34,999","E2. FAMILY INCOME AND BENEFITS.$35,000 to $49,999","E2. FAMILY INCOME AND BENEFITS.$50,000 to $74,999","E2. FAMILY INCOME AND BENEFITS.$75,000 to $99,999","E2. FAMILY INCOME AND BENEFITS.$100,000 to $149,999","E2. FAMILY INCOME AND BENEFITS.$150,000 to $199,999","E2. FAMILY INCOME AND BENEFITS.$200,000 or more",E2. FAMILY INCOME AND BENEFITS.Median family income,E2. FAMILY INCOME AND BENEFITS.Mean family income,E3. OTHER INCOME MEASURES.Per-capita income,E3. OTHER INCOME MEASURES.Nonfamily households,E3. OTHER INCOME MEASURES.Median nonfamily income,E3. OTHER INCOME MEASURES.Mean nonfamily income,E3. OTHER INCOME MEASURES.All full-time workers,E3. OTHER INCOME MEASURES.All male full-time workers,E3. OTHER INCOME MEASURES.All female full-time workers,E3. OTHER INCOME MEASURES.Median earnings for workers,"E3. OTHER INCOME MEASURES.Median earnings for male full-time, year-round workers","E3. OTHER INCOME MEASURES.Median earnings for female full-time, year-round workers",E4. POVERTY STATUS OVER THE LAST 12 MONTHS.Persons for whom poverty status is determined,E4. POVERTY STATUS OVER THE LAST 12 MONTHS.Persons below poverty,E4. POVERTY STATUS OVER THE LAST 12 MONTHS.Poverty ratio under 0.5,E4. POVERTY STATUS OVER THE LAST 12 MONTHS.Poverty ratio in 0.5 to 0.99,E4. POVERTY STATUS OVER THE LAST 12 MONTHS.Poverty ratio in 1 to 2,E4. POVERTY STATUS OVER THE LAST 12 MONTHS.Poverty ratio in 2 and over,E4. POVERTY STATUS OVER THE LAST 12 MONTHS.Persons under 18 for whom poverty status is determined,E4. POVERTY STATUS OVER THE LAST 12 MONTHS.Persons under 18 in poverty,E4. POVERTY STATUS OVER THE LAST 12 MONTHS.Persons aged 18 to 64 for whom poverty status is determined,E4. POVERTY STATUS OVER THE LAST 12 MONTHS.Persons aged 18 to 64 in poverty,E4. POVERTY STATUS OVER THE LAST 12 MONTHS.Persons over 65 for whom poverty status is determined,E4. POVERTY STATUS OVER THE LAST 12 MONTHS.Persons over 65 in poverty,E4. POVERTY STATUS OVER THE LAST 12 MONTHS.Persons in families for whom poverty status is determined,E4. POVERTY STATUS OVER THE LAST 12 MONTHS.Unrelated individuals for whom poverty status is determined,E4. POVERTY STATUS OVER THE LAST 12 MONTHS.Persons in families in poverty,E4. POVERTY STATUS OVER THE LAST 12 MONTHS.Family households in poverty,E4. POVERTY STATUS OVER THE LAST 12 MONTHS.Unrelated persons in poverty 15 years and over,E5. EMPLOYMENT STATUS.Population 16 years and over,E5. EMPLOYMENT STATUS.In labor force,E5. EMPLOYMENT STATUS.Civilian labor force,E5. EMPLOYMENT STATUS.Employed civilians,E5. EMPLOYMENT STATUS.Unemployed civilians,E5. EMPLOYMENT STATUS.In military,E5. EMPLOYMENT STATUS.Not in labor force,E5. EMPLOYMENT STATUS.Females 16 years and over,E5. EMPLOYMENT STATUS.Females in labor force,E5. EMPLOYMENT STATUS.Females in civilian labor force,E5. EMPLOYMENT STATUS.Employed females,E6. CHILDREN WITH ALL PARENTS WORKING.(Own) children under 6,E6. CHILDREN WITH ALL PARENTS WORKING.All parents working,E6. CHILDREN WITH ALL PARENTS WORKING.(Own) children aged 6 to 17,E6. CHILDREN WITH ALL PARENTS WORKING.All parents working,E7. COMMUTING TO WORK.Workers 16 years and over,E7. COMMUTING TO WORK.Workers 16+ who commute to work,"E7. COMMUTING TO WORK.Car, truck, or van; drove alone","E7. COMMUTING TO WORK.Car, truck, or van; carpooled",E7. COMMUTING TO WORK.Public transportation (excluding taxicab),E7. COMMUTING TO WORK.Walked to work,E7. COMMUTING TO WORK.Other means of commuting,E7. COMMUTING TO WORK.Worked at home,E7. COMMUTING TO WORK.Mean travel time to work in minutes,E8. WORKERS BY OCCUPATION.Civilian employed population 16 years and over,"E8. WORKERS BY OCCUPATION.Management, business, science, and arts occupations",E8. WORKERS BY OCCUPATION.Service occupations,E8. WORKERS BY OCCUPATION.Sales and office occupations,"E8. WORKERS BY OCCUPATION.Farming, fishing, and forestry occupations","E8. WORKERS BY OCCUPATION.Construction, extraction, installation, maintenance, and repair occupations","E8. WORKERS BY OCCUPATION.Production, transportation, and material moving occupations",E9. WORKERS BY INDUSTRY.Civilian employed population 16 years and over,"E9. WORKERS BY INDUSTRY.Agriculture, forestry, fishing and hunting, and mining",E9. WORKERS BY INDUSTRY.Construction,E9. WORKERS BY INDUSTRY.Manufacturing,E9. WORKERS BY INDUSTRY.Wholesale trade,E9. WORKERS BY INDUSTRY.Retail trade,"E9. WORKERS BY INDUSTRY.Transportation and warehousing, and utilities",E9. WORKERS BY INDUSTRY.Information,"E9. WORKERS BY INDUSTRY.Finance and insurance, and real estate and rental and leasing","E9. WORKERS BY INDUSTRY.Professional, scientific, management, and administrative","E9. WORKERS BY INDUSTRY.Educational services, and health care and social assistance","E9. WORKERS BY INDUSTRY.Arts, entertainment, and recreation, and accommodation and food services","E9. WORKERS BY INDUSTRY.Other services, except public administration",E9. WORKERS BY INDUSTRY.Public administration,E10. CLASS OF WORKER.Civilian employed population 16 years and over,E10. CLASS OF WORKER.Private wage and salary workers,E10. CLASS OF WORKER.Government workers,E10. CLASS OF WORKER.Self-employed workers in own not incorporated business,E10. CLASS OF WORKER.Unpaid family workers,E11. INSURANCE COVERAGE.Civilian noninstitutionalized persons,E11. INSURANCE COVERAGE.Under 65 years of age,E11. INSURANCE COVERAGE.Without insurance coverage,E11. INSURANCE COVERAGE.With public insurance,E11. INSURANCE COVERAGE.With private insurance,E11. INSURANCE COVERAGE.Under 19 years of age,E11. INSURANCE COVERAGE.Without insurance coverage
0,60641,1250.0,"24,773","1,288",996,"2,446","2,632","3,123","4,577","3,169","3,455","1,813","1,274","21,139","5,466","2,473","1,211",600,"2,971","$60,073","$79,606","$80,780","$17,620","$24,847","$10,127","$2,784","16,180",513,416,"1,183","1,574","1,922","2,922","2,443","2,785","1,392","1,030","$69,840","$90,739","$29,244","8,593","$39,462","$53,559","27,246","15,315","11,931","$33,548","$44,629","$41,130","70,691","8,891","3,323","5,568","13,676","48,124","15,733","2,778","47,225","5,076","7,733","1,037","57,417","13,274","6,088","1,648","2,803","57,070","39,751","39,693","37,532","2,161",58,"17,319","29,527","18,500","18,468","17,467","5,491","3,616","9,853","7,256","36,976","35,438","22,263","3,749","7,763",804,859,"1,538",37.3,"37,532","11,982","8,206","7,977",37,"2,832","6,498","37,532",65,"2,168","4,272",985,"3,887","2,452",726,"2,340","4,972","7,688","4,716","2,155","1,106","37,532","31,702","3,340","2,448",42,"70,718","62,985","10,793","14,671","38,572","16,578",783
0,60629,2750.0,"31,827","2,234","1,587","5,073","4,142","5,410","5,721","3,131","3,337",771,421,"25,151","9,207","5,057","2,323","1,315","8,912","$42,019","$56,396","$58,455","$15,638","$17,357","$10,058","$3,545","23,303","1,087",761,"2,725","3,232","4,266","4,645","2,733","2,820",726,308,"$48,036","$61,329","$17,298","8,524","$22,824","$35,567","31,327","19,096","12,231","$25,800","$34,625","$31,111","111,303","20,400","6,551","13,849","37,866","53,037","31,855","8,139","68,321","10,867","11,127","1,394","97,152","14,151","15,847","3,755","4,553","83,419","54,199","54,191","45,071","9,120",8,"29,220","42,297","24,303","24,303","19,694","9,912","6,767","20,940","13,669","43,104","42,364","26,595","6,240","7,776","1,419",334,740,36.1,"45,071","6,882","11,246","9,329",63,"4,944","12,607","45,071",108,"3,578","7,080","1,541","5,498","4,048",391,"1,976","4,627","6,777","6,071","2,051","1,325","45,071","39,258","4,265","1,502",46,"111,842","100,715","16,507","43,652","43,097","34,261","1,324"
0,60661,37.0,"5,911",568,95,137,142,157,615,926,"1,335",709,"1,227","5,438",142,134,13,16,32,"$107,245","$138,255","$142,879","$18,400","$37,963",-,-,"1,777",84,19,-,67,20,70,193,316,319,689,"$169,145","$183,566","$83,672","4,134","$95,608","$118,719","6,343","3,449","2,894","$83,571","$102,461","$82,891","9,835","1,346","1,209",137,437,"8,052",683,36,"8,935","1,292",217,18,"4,233","5,602",242,103,"1,104","9,321","7,625","7,625","7,376",249,-,"1,696","4,577","3,591","3,591","3,455",507,263,176,176,"7,288","6,992","1,531",32,"1,613","3,606",210,296,26.6,"7,376","5,777",311,"1,195",-,53,40,"7,376",-,91,673,154,390,84,294,"1,569","2,194","1,321",316,155,135,"7,376","6,766",430,180,-,"9,926","9,709",311,235,"9,178",731,17
0,60827,43.0,"10,851","2,409",559,"1,274","1,552","1,620","1,422","1,019",693,146,157,"7,467","2,442","1,519",996,682,"3,801","$31,954","$46,742","$53,859","$16,649","$21,719","$11,359","$3,304","6,616","1,163",365,571,942,"1,053",888,900,465,146,123,"$40,735","$54,422","$18,994","4,235","$24,265","$32,884","7,318","3,192","4,126","$28,593","$43,937","$35,245","28,544","9,620","5,407","4,213","6,616","12,308","8,314","3,992","17,467","5,206","2,763",422,"23,365","5,179","7,794","1,981","1,826","21,195","13,178","13,178","10,333","2,845",-,"8,017","12,184","7,323","7,323","6,095","2,933","2,344","4,652","3,518","10,169","10,011","6,873",671,"1,955",311,201,158,39.2,"10,333","2,190","2,687","2,456",26,224,"2,750","10,333",26,140,991,125,"1,418","1,781",103,671,966,"2,611",672,400,429,"10,333","8,335","1,729",209,60,"28,571","25,808","2,584","13,403","10,628","8,839",274
0,60652,792.0,"13,370",596,403,"1,173","1,046","1,333","3,002","2,125","2,294","1,043",355,"10,978","3,515","2,790",816,580,"2,161","$68,425","$77,770","$77,686","$17,343","$31,116","$11,208","$3,167","10,195",278,211,687,650,"1,108","2,313","1,678","2,112",862,296,"$73,430","$84,481","$25,062","3,175","$39,313","$49,673","13,800","7,417","6,383","$32,020","$46,458","$45,520","43,579","4,979","2,028","2,951","7,846","30,754","11,549","1,915","27,445","2,706","4,585",358,"39,047","4,532","3,962",925,"1,017","33,207","22,706","22,706","20,034","2,672",-,"10,501","17,748","11,231","11,231","9,777","3,227","2,157","8,050","5,880","19,307","18,924","13,753","2,228","2,744",41,158,383,38.7,"20,034","4,813","4,672","4,956",10,"1,774","3,809","20,034",-,"1,150","1,551",472,"2,363","2,255",541,"1,291","1,817","4,224","1,719",842,"1,809","20,034","15,220","4,289",525,-,"43,709","39,124","3,602","10,877","26,015","12,384",169
0,60614,452.0,"33,584","2,029",975,"1,215","1,320","1,963","4,442","3,614","5,958","3,596","8,472","29,678","4,022","2,199",608,231,"1,130","$107,461","$170,947","$175,562","$20,195","$50,164","$8,663","$2,509","12,018",126,98,220,164,358,840,696,"2,014","1,585","5,917","$196,970","$285,792","$82,845","21,566","$79,138","$105,797","37,811","20,971","16,840","$67,344","$86,588","$71,651","67,725","5,848","2,994","2,854","3,669","58,208","9,816",341,"52,150","4,529","5,759",978,"34,973","32,752",911,296,"4,937","61,968","48,772","48,767","47,416","1,351",5,"13,196","30,964","23,175","23,170","22,518","4,454","3,346","5,321","3,621","46,788","43,641","15,447","1,870","20,660","2,800","2,864","3,147",31.2,"47,416","32,035","3,125","10,501",-,619,"1,136","47,416",42,938,"2,128","1,302","2,599","1,466","1,690","8,127","14,501","9,575","3,060","1,280",708,"47,416","42,772","2,846","1,728",70,"70,734","64,975","1,999","2,344","61,192","11,313",182
0,60638,964.0,"20,199",774,637,"1,695","1,731","2,413","3,917","2,945","3,333","1,820",934,"16,135","6,039","3,869",948,511,"2,282","$67,984","$81,993","$84,405","$18,130","$30,398","$10,204","$3,055","14,233",399,202,682,964,"1,747","2,765","2,284","2,637","1,675",878,"$78,791","$93,488","$29,348","5,966","$40,011","$48,832","19,915","11,417","8,498","$40,043","$55,735","$42,894","58,623","4,521","2,042","2,479","10,667","43,435","14,126","1,460","36,258","2,647","8,239",414,"50,394","8,229","3,359",931,"1,162","45,853","30,084","30,084","27,727","2,357",-,"15,769","23,163","13,509","13,509","12,422","4,610","3,372","9,332","6,217","27,039","26,671","20,237","2,245","3,424",566,199,368,35.1,"27,727","7,388","6,385","6,171",11,"3,220","4,552","27,727",105,"2,094","2,753",647,"2,333","2,843",522,"1,356","3,299","5,088","2,516","1,647","2,524","27,727","21,568","5,316",796,47,"58,797","50,558","4,932","11,272","35,311","15,210",515
0,60655,237.0,"10,231",368,163,494,402,931,"1,211","1,698","2,401","1,573",990,"8,284","2,746","2,490",245,125,302,"$97,572","$109,287","$110,304","$16,917","$43,231","$10,782","$2,354","7,264",144,22,121,165,491,521,"1,310","2,082","1,450",958,"$116,955","$129,337","$40,058","2,967","$50,254","$57,330","10,383","5,882","4,501","$54,834","$83,396","$62,369","28,159","1,040",655,385,"1,871","25,248","6,993",110,"17,435",655,"3,731",275,"24,397","3,762",505,208,535,"22,573","15,163","15,163","14,519",644,-,"7,410","11,634","7,114","7,114","6,850","2,416","1,977","4,458","3,594","14,176","13,776","11,206",914,"1,159",300,197,400,34.0,"14,519","5,277","3,885","3,074",-,"1,037","1,246","14,519",10,759,645,229,"1,019",765,166,859,"1,263","4,117",961,434,"3,292","14,519","8,983","5,270",266,-,"28,804","25,073",744,"1,451","23,393","7,435",101
0,60645,967.0,"16,255","1,522",468,"1,617","1,753","2,216","3,198","1,344","2,246",994,897,"13,158","4,250","1,893","1,018",855,"3,224","$53,340","$76,812","$77,003","$17,722","$43,487","$9,178","$3,175","10,926",890,175,"1,148",948,"1,389","2,173","1,005","1,643",822,733,"$59,852","$83,863","$27,248","5,329","$41,214","$59,676","14,113","9,043","5,070","$32,089","$42,871","$46,728","47,153","9,927","4,992","4,935","10,763","26,463","12,837","3,807","28,087","5,259","6,229",861,"38,896","8,257","7,603","1,733","2,324","36,371","22,832","22,832","20,867","1,965",-,"13,539","18,432","9,984","9,984","8,863","4,769","2,432","7,822","5,280","20,505","19,592","11,116","2,243","4,457","1,247",529,913,33.9,"20,867","7,991","4,425","4,392",-,"1,037","3,022","20,867",15,707,"1,167",423,"2,322","2,114",431,"1,384","2,412","5,712","2,615","1,117",448,"20,867","17,110","1,879","1,823",55,"47,210","40,981","5,662","14,544","21,741","13,384",283
0,60634,1245.0,"26,116","1,392",742,"2,213","2,415","2,945","4,672","3,979","4,875","1,844","1,039","21,289","7,525","3,501",744,486,"2,291","$66,741","$81,533","$85,307","$18,036","$27,154","$9,358","$2,012","18,541",472,248,"1,075","1,428","2,005","3,663","3,100","4,125","1,569",856,"$77,820","$91,213","$29,521","7,575","$36,663","$50,182","27,979","16,583","11,396","$35,760","$51,691","$39,601","75,598","7,053","2,519","4,534","13,891","54,654","16,418","1,935","47,831","4,078","11,349","1,040","64,531","11,067","4,773","1,297","2,280","61,429","40,794","40,722","38,783","1,939",72,"20,635","31,642","18,715","18,715","17,899","5,856","3,777","10,266","7,097","38,347","37,510","28,593","3,402","4,014",725,776,837,38.0,"38,783","11,630","8,654","8,531",64,"4,297","5,607","38,783",37,"3,584","3,909",968,"4,672","2,865",782,"2,467","4,580","7,817","3,296","1,644","2,162","38,783","32,250","4,910","1,606",17,"75,681","64,332","8,220","15,046","42,405","17,658",661
0,60622,568.0,"23,410","1,317",876,"1,247","1,064","1,541","3,277","2,909","4,484","2,599","4,096","20,989","2,420",786,672,406,"2,153","$93,988","$129,360","$135,266","$15,766","$36,601","$9,183","$2,864","9,436",433,198,486,427,752,751,978,"1,573","1,316","2,522","$120,722","$164,186","$59,459","13,974","$81,303","$103,316","29,394","16,187","13,207","$55,989","$70,599","$59,605","52,277","6,614","3,302","3,312","5,325","40,338","7,900","1,510","41,487","4,430","2,890",674,"28,119","24,158","3,371",921,"3,243","45,411","37,325","37,320","36,173","1,147",5,"8,086","22,050","17,581","17,581","16,994","3,943","3,071","3,828","2,925","35,662","32,893","14,016","2,300","12,271","1,588","2,718","2,769",31.2,"36,173","22,002","3,978","7,153",6,"1,066","1,968","36,173",42,"1,105","2,310",935,"2,660","1,517","1,285","3,787","8,801","7,614","3,808","1,588",721,"36,173","31,514","2,840","1,773",46,"52,427","49,537","3,276","6,323","40,422","8,385",174
0,60640,713.0,"34,969","3,966","1,603","3,422","3,355","4,151","5,257","3,699","4,738","2,273","2,505","27,821","6,724","2,251","1,859","1,371","5,670","$53,831","$80,424","$89,520","$16,469","$32,790","$8,933","$2,851","12,650",607,564,"1,182","1,029","1,241","1,430","1,183","2,154","1,483","1,777","$80,842","$112,655","$41,669","22,319","$44,980","$60,986","30,191","17,022","13,169","$41,861","$58,639","$53,188","68,201","13,312","5,673","7,639","12,378","42,511","9,427","2,229","50,533","9,126","8,241","1,957","36,680","31,521","5,788","1,761","7,524","60,950","43,770","43,730","41,344","2,386",40,"17,180","29,813","19,890","19,890","18,859","3,719","2,440","5,418","3,779","40,861","38,141","14,407","1,689","18,413","1,923","1,709","2,720",37.6,"41,344","22,575","7,234","7,690",-,571,"3,274","41,344",89,642,"2,189",756,"3,403","1,938","1,272","3,479","7,545","9,968","6,012","2,890","1,161","41,344","35,058","3,301","2,951",34,"68,263","60,022","6,460","13,632","40,790","9,845",415
0,60647,1165.0,"34,714","1,971","1,289","2,966","2,260","3,842","5,450","4,311","6,042","2,772","3,811","30,655","4,973","1,514","1,658",785,"4,005","$73,443","$102,153","$107,259","$14,967","$29,032","$9,538","$2,894","17,033",730,512,"1,450","1,253","1,842","2,239","1,847","2,945","1,505","2,710","$82,308","$120,158","$42,242","17,681","$64,859","$82,399","41,882","23,354","18,528","$42,375","$54,609","$51,480","87,069","12,931","5,740","7,191","15,957","58,181","16,110","3,736","64,875","7,948","6,084","1,247","56,640","30,429","7,848","2,068","5,083","72,871","56,384","56,376","53,777","2,599",8,"16,487","36,343","26,466","26,466","25,372","6,629","4,868","9,020","6,551","52,864","49,680","23,660","2,774","17,857","1,853","3,536","3,184",33.2,"53,777","26,928","8,846","10,868",55,"1,944","5,136","53,777",149,"1,436","4,822","1,407","4,094","2,379","1,662","4,423","10,942","11,163","7,632","2,432","1,236","53,777","46,731","4,482","2,527",37,"87,248","81,164","9,155","16,350","56,289","17,059",718
0,60657,306.0,"36,624","1,771",701,"1,452","1,893","3,307","5,850","4,619","6,783","3,366","6,882","32,861","4,008","2,183",380,329,873,"$92,295","$136,939","$139,402","$19,282","$49,126","$10,059","$2,429","11,428",105,55,147,148,444,715,"1,071","2,446","1,637","4,660","$168,103","$227,597","$73,513","25,196","$69,103","$95,159","40,516","21,584","18,932","$60,543","$79,739","$61,699","69,729","5,318","2,858","2,460","4,223","60,188","8,383",109,"55,842","4,600","5,504",609,"32,161","37,568",504,193,"4,814","61,970","52,191","52,191","50,592","1,599",-,"9,779","30,911","25,343","25,343","24,679","4,222","3,086","4,150","2,789","49,879","46,468","14,242","1,922","25,703","2,396","2,205","3,411",34.4,"50,592","33,882","4,323","10,249",4,609,"1,525","50,592",63,862,"2,297","1,332","2,981","1,444","1,834","6,821","14,637","10,537","4,458","2,323","1,003","50,592","45,306","3,237","2,008",41,"69,904","64,400","2,373","2,021","60,312","8,540",49
0,60644,1023.0,"16,339","3,078","1,593","2,962","2,061","2,065","2,044","1,180",925,258,173,"10,955","4,902","1,575","2,364","1,065","6,628","$27,262","$42,543","$48,783","$14,997","$20,730","$9,554","$4,210","9,443","1,215",628,"1,491","1,322","1,340","1,281","1,029",734,258,145,"$35,461","$51,503","$15,856","6,896","$16,819","$27,461","11,770","4,849","6,921","$23,339","$32,330","$30,722","46,723","16,119","7,379","8,740","13,246","17,358","12,157","5,320","28,776","9,158","5,790","1,641","37,080","9,643","11,754","2,670","4,365","36,467","19,343","19,343","16,554","2,789",-,"17,124","20,689","11,235","11,235","9,984","3,865","2,787","7,279","5,799","16,124","15,798","7,974",969,"6,031",478,346,326,38.9,"16,554","3,165","5,379","4,011",-,479,"3,520","16,554",17,340,"1,438",134,"1,722","2,071",346,708,"1,734","4,713","1,673",814,844,"16,554","13,816","2,071",667,-,"46,902","41,112","6,431","20,997","15,100","13,016","1,079"
0,60631,267.0,"11,921",660,360,797,603,"1,008","1,609","1,559","2,359","1,358","1,608","8,926","3,659","2,346",384,112,425,"$91,034","$113,720","$124,264","$18,316","$40,254","$9,293","$5,365","7,283",181,113,123,227,449,875,889,"1,777","1,165","1,484","$121,473","$144,960","$47,400","4,638","$47,829","$62,386","11,624","6,550","5,074","$58,087","$79,417","$60,723","28,987","1,598","1,015",583,"2,155","25,234","5,911",348,"18,002",886,"5,074",364,"23,238","5,749",845,335,753,"23,969","15,802","15,802","15,390",412,-,"8,167","12,702","7,540","7,540","7,372","2,308","1,366","3,505","2,729","15,146","14,574","11,867",639,"1,626",197,245,572,30.9,"15,390","6,954","2,818","3,430",13,905,"1,270","15,390",20,"1,117",807,438,835,"1,078",324,"1,181","1,921","3,636","1,148",759,"2,126","15,390","11,256","3,693",438,3,"29,066","23,992",625,"2,302","21,398","6,148",65
0,60643,643.0,"17,934","1,401",836,"1,453","1,618","1,990","2,888","2,201","2,668","1,315","1,564","13,177","6,350","4,975","1,282",665,"2,706","$64,477","$88,321","$90,460","$18,187","$36,733","$10,494","$2,237","11,979",641,347,644,782,"1,361","1,894","1,539","2,136","1,168","1,467","$81,095","$105,291","$33,263","5,955","$34,675","$51,535","14,360","7,294","7,066","$38,808","$63,590","$50,765","49,500","8,438","4,124","4,314","6,827","34,235","11,021","2,792","29,540","5,020","8,939",626,"41,961","7,539","6,738","1,515","1,700","40,401","23,911","23,911","21,014","2,897",-,"16,490","22,112","12,588","12,588","11,203","3,357","2,643","7,023","5,408","20,476","19,441","13,166","1,414","4,320",352,189,"1,035",39.1,"21,014","8,582","4,782","4,718",22,859,"2,051","21,014",16,591,889,355,"1,684","1,941",556,"1,294","2,864","6,328","1,375",902,"2,219","21,014","14,663","5,457",881,13,"49,531","40,592","2,750","11,804","27,676","11,654",332
0,60625,1184.0,"29,527","1,762","1,048","2,391","2,618","3,677","5,218","3,902","4,521","2,083","2,307","25,912","4,960","2,522",947,561,"3,801","$64,117","$88,211","$90,003","$17,669","$26,179","$9,074","$2,313","16,883",531,458,"1,152","1,493","1,828","2,862","2,119","3,101","1,530","1,809","$76,802","$103,713","$34,242","12,644","$50,255","$64,717","32,645","18,714","13,931","$35,425","$48,457","$48,006","76,756","11,288","4,929","6,359","14,900","50,568","15,520","3,507","54,108","6,755","7,128","1,026","56,456","20,300","7,064","1,773","4,224","64,793","47,025","46,978","44,583","2,395",47,"17,768","32,576","21,873","21,835","20,574","6,828","4,097","8,209","5,679","43,681","41,209","20,294","2,777","14,402","2,268","1,468","2,472",37.1,"44,583","20,070","8,889","8,225",30,"1,836","5,533","44,583",30,"1,631","3,453",766,"3,769","2,590","1,257","3,556","6,646","10,892","6,187","2,884",922,"44,583","37,631","3,856","3,001",95,"78,361","71,233","10,537","16,455","45,373","16,872",828
0,60615,345.0,"21,122","3,406","1,303","2,501","1,934","2,189","3,144","2,292","2,006",927,"1,420","15,619","4,429","2,985","1,430",579,"3,707","$44,111","$73,010","$77,612","$17,379","$42,189","$9,160","$2,373","7,748",421,310,585,478,736,"1,085","1,027","1,313",659,"1,134","$80,934","$116,923","$38,519","13,374","$30,426","$46,757","13,094","6,155","6,939","$33,562","$56,502","$58,671","40,966","10,097","6,023","4,074","6,493","24,376","6,586","1,415","28,358","7,748","6,022",934,"22,645","18,321","3,141",948,"6,956","35,627","22,965","22,944","20,927","2,017",21,"12,662","19,491","12,514","12,514","11,499","2,388","1,699","4,011","3,296","20,397","18,986","7,508","1,015","6,252","3,121","1,090","1,411",30.2,"20,927","12,049","3,194","3,807",-,589,"1,288","20,927",83,282,773,247,"1,352",942,481,"1,156","3,421","8,523","1,530",896,"1,241","20,927","16,316","3,621",961,29,"41,542","35,520","2,882","7,700","25,861","7,178",232
0,60604,18.0,479,70,12,-,17,15,41,72,30,112,110,406,56,44,6,-,-,"$116,250","$187,582","$197,339","$30,527","$80,986",-,-,161,16,-,-,-,2,6,13,-,25,99,"$250,001","$376,124","$114,575",318,"$80,556","$92,125",399,229,170,"$92,917","$159,023","$70,278",782,174,148,26,11,597,38,-,651,174,93,-,368,414,38,16,136,751,547,547,502,45,-,204,407,269,269,224,12,12,26,21,498,444,58,17,77,274,18,54,21.4,502,399,15,82,-,-,6,502,-,-,35,-,14,13,12,137,126,144,16,5,-,502,464,17,14,7,782,689,3,-,686,54,-
0,60605,161.0,"13,865",923,432,377,471,518,"1,423","1,927","3,125","1,639","3,030","12,257","2,029","1,360",289,80,623,"$111,164","$162,660","$162,767","$20,034","$60,551","$9,986",$741,"5,789",95,59,32,191,-,257,520,"1,412","1,063","2,160","$161,920","$240,969","$83,408","8,076","$84,605","$105,907","13,723","7,251","6,472","$66,467","$103,940","$82,062","24,456","2,359","1,686",673,"1,345","20,752","2,215",314,"19,672","1,822","2,569",223,"14,171","10,285",486,154,"1,873","25,321","18,837","18,767","18,075",692,70,"6,484","13,208","9,390","9,390","9,006",879,695,"1,224","1,141","17,689","16,486","5,489",643,"5,075","3,951","1,328","1,203",29.8,"18,075","11,841","1,669","3,755",18,166,626,"18,075",34,257,928,302,868,565,378,"2,605","4,421","5,158","1,248",646,665,"18,075","15,548","1,842",685,-,"26,848","24,279",709,"1,453","22,434","3,157",132
0,60654,133.0,"12,068",659,240,425,391,418,"1,565","1,510","2,233","1,260","3,367","10,915",867,576,274,162,375,"$112,699","$165,178","$170,673","$17,984","$34,462","$7,815",$897,"3,159",-,13,69,11,75,263,85,439,410,"1,794","$214,530","$272,414","$105,224","8,909","$95,831","$127,154","11,937","6,570","5,367","$87,453","$105,665","$88,028","19,135","1,296",826,470,959,"16,880","1,611",-,"16,397","1,227","1,127",69,"7,964","11,171",25,13,"1,271","17,548","14,829","14,829","14,286",543,-,"2,719","8,673","7,195","7,195","7,052","1,328","1,205",283,205,"14,195","12,816","3,307",175,"2,078","6,183","1,073","1,379",24.5,"14,286","10,387",547,"3,052",-,26,274,"14,286",2,72,906,404,"1,100",523,519,"2,928","4,287","2,262",711,383,189,"14,286","13,119",586,566,15,"19,135","18,008",362,943,"16,771","1,621",-
0,60628,929.0,"22,996","3,023","1,558","3,239","2,444","3,453","3,665","2,383","2,245",659,327,"15,960","8,429","4,926","2,675","1,223","8,124","$40,261","$55,559","$56,757","$16,048","$31,582","$10,591","$3,020","14,556","1,504",498,"1,634","1,508","2,190","2,551","1,972","1,788",597,314,"$49,650","$66,879","$20,923","8,440","$23,398","$33,728","15,235","6,822","8,413","$25,950","$41,352","$38,153","66,133","17,576","8,606","8,970","14,043","34,514","15,354","5,927","39,708","10,174","11,071","1,475","54,633","11,500","13,193","3,065","4,383","53,235","31,291","31,291","24,223","7,068",-,"21,944","29,219","17,099","17,099","13,491","4,482","3,451","10,046","8,217","23,539","22,856","14,164","1,847","6,204",288,353,683,41.6,"24,223","5,904","6,106","6,365",46,"1,083","4,719","24,223",13,669,"1,720",367,"2,853","2,911",472,"1,435","2,742","6,696","1,695",950,"1,700","24,223","18,753","4,706",755,9,"66,458","55,387","5,788","26,543","25,213","16,313",643
0,60636,616.0,"11,062","1,473","1,050","2,571","1,395","1,633","1,487",590,580,149,134,"6,274","5,172","3,285","1,380",916,"4,772","$27,310","$41,515","$47,023","$15,103","$16,560","$9,971","$3,906","6,643",791,513,981,858,"1,166","1,108",477,496,133,120,"$37,777","$49,341","$15,839","4,419","$19,823","$26,691","5,820","2,678","3,142","$24,198","$34,977","$34,542","32,072","10,182","5,045","5,137","9,722","12,168","7,329","3,561","18,549","5,741","6,194",880,"25,770","6,302","7,892","1,977","2,290","25,505","13,323","13,323","9,394","3,929",-,"12,182","13,575","7,043","7,043","5,191","2,269","1,643","4,369","3,032","9,163","8,823","5,125",761,"2,550",200,187,340,41.2,"9,394","1,850","2,973","2,128",-,594,"1,849","9,394",-,444,598,117,972,"1,157",137,382,"1,197","2,567",926,478,419,"9,394","7,487","1,594",313,-,"32,185","25,991","3,351","15,173","8,154","7,947",156
0,60653,473.0,"14,575","3,069","1,723","1,902","1,403","1,300","1,839",994,"1,079",727,539,"9,624","3,828","1,409","2,173",715,"5,709","$29,569","$55,675","$71,803","$11,791","$20,072","$8,089","$3,243","6,918","1,059",658,834,658,682,921,540,594,537,435,"$40,724","$71,372","$26,357","7,657","$20,261","$40,353","8,307","3,457","4,850","$34,563","$55,893","$50,175","31,457","10,968","5,387","5,581","6,145","14,344","8,736","3,902","18,813","5,489","3,908","1,577","22,382","9,075","7,547","2,158","3,421","23,864","15,025","15,025","12,438","2,587",-,"8,839","14,089","9,135","9,135","7,426","2,747","2,225","5,423","4,623","11,854","11,097","6,058",741,"3,478",452,368,757,35.3,"12,438","5,375","2,884","2,535",-,326,"1,318","12,438",-,374,601,192,"1,165",923,209,"1,192","1,205","4,173","1,079",492,833,"12,438","9,352","2,505",546,35,"31,633","27,725","1,924","13,244","13,690","9,272",170
0,60626,869.0,"22,417","2,934","1,469","2,843","2,347","3,405","3,523","2,275","2,011",864,746,"17,997","3,811","1,273","1,378",821,"4,145","$40,591","$60,784","$65,678","$15,101","$20,329","$8,473","$2,572","8,515",552,408,813,731,"1,258","1,501","1,161",987,572,532,"$55,930","$81,726","$28,680","13,902","$33,966","$47,016","18,130","10,581","7,549","$30,627","$42,175","$42,765","46,413","11,505","4,792","6,713","9,522","25,386","8,159","2,671","34,109","7,647","4,145","1,187","26,786","19,627","5,581","1,598","5,924","42,031","29,469","29,442","27,579","1,863",27,"12,562","21,140","13,542","13,542","12,738","3,079","1,922","4,969","3,150","27,113","25,502","9,669","1,512","11,157","1,960","1,204","1,611",36.9,"27,579","11,723","6,232","5,369",27,948,"3,280","27,579",27,594,"1,202",346,"2,750","1,529",887,"1,835","3,634","7,494","4,730","1,963",588,"27,579","23,236","2,208","2,135",-,"47,995","43,850","6,371","10,717","27,834","9,255",423
0,60620,998.0,"25,239","3,611","2,070","3,832","2,841","3,526","4,289","2,135","2,038",536,361,"16,679","9,556","5,010","2,640","1,463","7,831","$35,890","$49,449","$53,010","$15,209","$26,495","$9,862","$2,399","15,422","1,536",810,"1,901","1,770","2,374","2,934","1,540","1,836",431,290,"$43,976","$58,872","$19,957","9,817","$21,492","$31,145","16,804","7,485","9,319","$27,119","$41,428","$36,906","67,473","17,131","7,954","9,177","16,185","34,157","14,567","5,569","41,315","9,587","11,591","1,975","55,009","12,464","12,931","3,374","4,200","55,244","30,925","30,899","24,897","6,002",26,"24,319","31,815","16,942","16,922","14,121","3,940","3,184","9,263","7,392","24,488","23,467","14,522","1,874","6,481",199,391,"1,021",40.8,"24,897","5,993","6,928","6,199",-,730,"5,047","24,897",5,492,"1,432",680,"2,689","3,642",301,"1,107","2,610","7,266","2,250",758,"1,665","24,897","18,877","5,375",619,26,"67,564","55,973","6,611","24,652","26,372","15,527",804
0,60612,617.0,"13,142","2,313","1,099","1,538",943,"1,312","1,988","1,197","1,563",556,633,"9,533","2,751",894,"1,392",703,"4,148","$41,300","$66,282","$81,738","$13,044","$18,753","$8,928","$2,483","6,301",945,298,640,600,716,"1,011",617,796,315,363,"$48,075","$72,949","$26,796","6,841","$30,649","$58,500","10,232","5,027","5,205","$33,157","$54,958","$45,060","32,834","10,715","6,424","4,291","6,761","15,358","7,742","3,318","21,973","6,335","3,119","1,062","21,974","10,860","6,501","1,649","4,214","27,213","16,759","16,759","14,774","1,985",-,"10,454","14,009","8,685","8,685","7,752","2,674","1,852","4,709","3,626","14,516","13,489","6,163",714,"4,902",877,833,"1,027",32.1,"14,774","6,799","2,996","3,063",25,470,"1,421","14,774",50,399,"1,060",334,"1,428",863,321,"1,113","2,315","4,122","1,483",767,519,"14,774","11,858","2,155",735,26,"33,647","30,528","2,710","12,307","16,392","8,419",222
0,60639,2816.0,"25,570","1,778","1,621","3,204","3,388","4,114","4,476","3,101","2,726",627,535,"21,475","6,198","2,338","1,798",876,"6,445","$44,150","$58,812","$59,661","$15,705","$25,908","$10,636","$2,241","19,404",933,890,"2,334","2,628","3,235","3,503","2,599","2,253",558,471,"$47,902","$62,874","$18,157","6,166","$27,531","$37,808","29,277","17,083","12,194","$25,611","$33,455","$29,950","89,885","19,213","6,952","12,261","24,912","45,760","24,202","8,018","57,671","9,952","8,012","1,243","78,502","11,383","15,596","3,629","3,617","68,798","45,366","45,366","41,592","3,774",-,"23,432","34,803","20,517","20,517","18,756","7,657","5,009","15,447","10,287","40,912","40,082","24,796","5,152","7,372","1,360","1,402",830,37.8,"41,592","6,730","10,471","9,189",-,"4,006","11,196","41,592",26,"2,700","7,160","1,200","4,547","2,824",374,"1,918","4,804","6,962","5,869","2,205","1,003","41,592","36,207","3,655","1,678",52,"90,256","82,244","16,292","32,036","35,801","25,743","1,014"
0,60649,672.0,"21,043","4,495","1,570","3,635","1,843","2,796","3,038","1,366","1,532",382,386,"13,941","5,261","2,973","2,139","1,119","7,543","$30,222","$49,147","$55,562","$13,742","$35,101","$10,097","$1,559","8,741","1,263",425,"1,391",941,"1,164","1,291",793,847,299,327,"$37,743","$68,395","$23,787","12,302","$21,692","$34,343","12,232","5,004","7,228","$27,140","$37,289","$40,449","45,161","15,134","8,099","7,035","9,649","20,378","10,398","5,249","28,708","8,553","6,055","1,332","30,056","15,105","9,453","2,487","5,681","36,824","21,841","21,841","18,095","3,746",-,"14,983","22,041","13,052","13,052","10,928","3,659","2,772","6,173","4,967","17,879","17,076","7,599","1,077","7,730",440,230,803,44.6,"18,095","5,419","5,009","4,463",-,380,"2,824","18,095",11,214,940,339,"1,559","2,034",298,"1,173","2,122","5,877","1,399",890,"1,239","18,095","14,079","3,142",851,23,"45,256","39,201","4,271","18,958","17,282","11,006",376
0,60624,751.0,"11,831","2,874","1,370","2,049","1,425","1,238","1,384",760,494,171,66,"7,223","3,340","1,208","2,191",539,"6,226","$22,992","$36,466","$43,570","$13,583","$23,575","$10,280","$2,272","7,495","1,353",666,"1,268","1,138",902,"1,037",618,305,166,42,"$28,632","$41,187","$13,340","4,336","$13,855","$25,293","7,188","3,256","3,932","$22,633","$32,562","$30,636","35,682","15,769","8,210","7,559","8,843","11,070","10,894","6,280","20,872","8,244","3,916","1,245","29,333","6,349","12,479","2,921","3,290","26,106","13,102","13,102","10,704","2,398",-,"13,004","14,279","7,126","7,126","6,116","3,578","2,115","6,289","4,493","10,369","10,050","4,978",529,"3,989",144,410,319,36.5,"10,704","1,860","3,287","2,762",9,412,"2,374","10,704",23,305,823,251,"1,257","1,294",143,641,"1,087","2,976","1,227",376,301,"10,704","9,132","1,354",201,17,"35,804","31,888","4,210","20,089","8,665","11,585",228
0,60637,554.0,"19,232","4,369","1,548","2,848","2,140","1,937","2,251","1,359","1,321",481,978,"12,703","4,899","2,398","2,115","1,001","7,274","$28,785","$60,302","$68,674","$14,464","$47,091","$9,402","$3,269","9,546","1,932",577,"1,336","1,146",709,"1,090",852,830,388,686,"$33,213","$72,447","$25,391","9,686","$21,848","$46,293","10,637","4,379","6,258","$25,504","$50,080","$41,634","43,918","15,974","9,407","6,567","9,384","18,560","11,312","5,726","27,210","9,014","5,396","1,234","31,434","12,484","11,168","3,079","4,806","37,352","20,205","20,205","16,794","3,411",-,"17,147","21,705","11,826","11,826","9,983","3,510","2,502","7,171","5,213","16,222","15,285","6,028",730,"5,478","2,505",544,937,34.6,"16,794","7,103","4,036","3,813",-,269,"1,573","16,794",7,198,581,155,"1,181","1,092",271,"1,219","2,053","6,893","1,724",699,721,"16,794","13,678","2,391",709,16,"47,213","41,817","3,268","19,986","20,140","13,203",440
0,60613,341.0,"26,449","1,373",766,"1,857","1,591","2,369","4,282","3,496","4,804","2,315","3,596","23,194","3,105","1,880",680,513,"1,475","$82,321","$115,630","$121,440","$18,915","$32,924","$9,383","$3,047","8,206",158,64,370,194,334,671,875,"1,733","1,195","2,612","$140,074","$191,871","$62,636","18,243","$62,275","$80,331","27,592","15,475","12,117","$57,585","$72,776","$60,853","49,858","5,599","2,627","2,972","4,089","40,170","5,757",495,"39,830","4,385","4,271",719,"22,952","26,906","1,256",409,"4,343","44,680","36,738","36,726","35,569","1,157",12,"7,942","22,196","17,374","17,362","16,600","2,898","2,179","2,829","2,125","35,276","32,642","11,162","1,238","17,030","1,775","1,437","2,634",36.4,"35,569","22,132","4,174","7,530",3,384,"1,346","35,569",32,441,"1,516",686,"2,700","1,098","1,417","4,768","9,139","7,233","3,616","1,859","1,064","35,569","30,964","2,744","1,849",12,"49,882","45,611","2,992","2,956","40,061","5,870",80
0,60602,11.0,602,19,-,47,-,-,112,20,86,84,234,589,-,-,-,-,-,"$157,125","$220,969","$220,589",-,-,-,-,420,-,-,-,-,-,112,20,59,21,208,"$197,262","$253,316","$100,507",182,"$149,167","$146,321",720,461,259,"$65,229","$120,329","$83,371","1,206",29,24,5,67,"1,110",143,-,"1,058",24,5,5,973,233,-,-,29,"1,096",931,931,930,1,-,165,495,373,373,372,56,56,87,87,930,695,80,-,233,362,20,235,28.3,930,861,46,20,-,-,3,930,-,-,156,-,3,-,56,155,202,199,36,123,-,930,825,-,105,-,"1,244","1,239",11,7,"1,221",161,3
0,60707,179.0,"15,626","1,027",780,"2,029","1,469","1,653","2,419","1,858","2,661","1,026",704,"12,245","5,052","2,002",835,299,"2,105","$57,554","$77,041","$81,548","$16,771","$22,615","$10,655","$2,554","10,348",521,161,757,873,"1,061","1,788","1,474","2,113",993,607,"$75,288","$90,506","$29,326","5,278","$27,448","$47,759","15,103","8,199","6,904","$34,333","$52,903","$42,369","42,798","4,472","2,198","2,274","8,449","29,877","9,258","1,306","26,917","2,487","6,623",679,"35,984","6,814","3,099",943,"1,373","34,840","22,987","22,959","21,315","1,644",28,"11,853","18,411","11,098","11,098","10,390","2,639","1,978","6,194","4,776","20,954","20,328","15,547","1,761","2,389",247,384,626,35.4,"21,315","6,599","4,084","5,323",7,"2,102","3,200","21,315",11,"1,761","2,151",694,"2,324","1,694",362,"1,329","2,593","4,262","1,837","1,483",814,"21,315","17,942","2,167","1,194",12,"42,797","36,174","4,012","7,864","25,120","9,884",265
0,60607,408.0,"12,823","1,411",459,496,546,586,"1,619","1,678","2,104","1,620","2,304","11,361","1,218",500,173,176,914,"$93,508","$127,681","$135,290","$15,991","$40,524","$9,086","$2,916","4,464",129,47,129,76,300,298,356,721,968,"1,440","$159,109","$185,619","$57,416","8,359","$75,934","$95,446","12,889","7,022","5,867","$59,825","$91,337","$74,505","26,744","5,816","4,503","1,313","1,991","18,937","3,307",458,"21,888","5,100","1,549",258,"12,554","14,190",837,245,"4,979","26,446","19,221","19,201","17,838","1,363",20,"7,225","13,100","9,471","9,471","8,856","1,767","1,467","1,510","1,316","17,445","16,363","5,671",651,"4,670","4,390",981,"1,082",27.7,"17,838","11,900","1,726","3,538",10,197,467,"17,838",20,236,984,331,"1,360",599,370,"2,063","3,836","5,422","1,486",497,634,"17,838","14,988","2,263",562,25,"29,273","27,724",936,"2,843","24,340","4,397",117
0,60621,488.0,"10,900","2,511","1,541","2,133","1,301","1,252","1,036",533,447,61,85,"6,216","3,862","1,538","1,814",870,"5,507","$20,991","$34,411","$40,982","$13,102","$15,849","$9,517","$4,103","5,837",993,664,"1,089",840,781,715,378,280,26,71,"$27,135","$40,608","$14,117","5,063","$15,301","$25,316","4,979","2,359","2,620","$20,966","$35,949","$30,993","28,514","12,390","6,108","6,282","7,898","8,226","7,723","4,209","17,091","7,308","3,700",873,"21,814","6,700","9,200","2,329","3,190","21,995","11,051","11,051","8,152","2,899",-,"10,944","12,223","6,046","6,046","4,605","2,723","1,972","4,356","3,021","7,808","7,550","3,601",398,"3,237",188,126,258,39.3,"8,152","1,446","2,791","1,911",-,509,"1,495","8,152",15,352,575,35,865,"1,001",130,248,932,"1,965","1,164",482,388,"8,152","6,630","1,195",318,9,"28,600","24,900","3,605","15,849","6,390","8,159",262
0,60630,692.0,"20,952",887,657,"1,782","1,444","2,080","3,978","3,038","3,653","2,037","1,396","16,949","5,712","3,550",962,601,"2,026","$72,092","$88,927","$92,236","$18,493","$28,725","$9,142","$3,217","13,682",438,248,569,639,"1,226","2,418","2,096","3,055","1,737","1,256","$89,752","$104,899","$33,715","7,270","$42,310","$54,226","20,851","11,775","9,076","$41,191","$59,772","$50,828","57,026","5,054","2,371","2,683","8,324","43,648","11,781","1,409","36,677","2,917","8,568",728,"46,764","10,262","3,368",984,"1,686","46,520","31,393","31,386","29,586","1,800",7,"15,127","24,040","14,734","14,734","14,005","3,978","2,594","7,588","5,101","28,854","28,088","18,908","2,471","5,954",363,392,766,36.1,"29,586","10,875","5,806","6,698",25,"2,418","3,764","29,586",72,"2,006","2,631",839,"2,628","2,252",738,"2,143","3,571","6,817","2,264","1,757","1,868","29,586","23,358","4,503","1,653",72,"57,144","48,576","5,672","9,257","34,848","12,443",626
0,60611,123.0,"20,726","1,695",545,841,820,"1,178","2,714","2,169","3,266","2,227","5,271","17,003","4,394","2,350",338,45,200,"$103,522","$167,990","$151,858","$27,325","$53,990","$14,575","$4,316","7,112",141,174,123,72,345,448,521,921,"1,060","3,307","$183,854","$275,666","$108,092","13,614","$78,502","$111,660","15,874","8,646","7,228","$78,323","$107,789","$80,649","31,967","3,222","2,125","1,097","1,700","27,045","1,638",72,"23,250","2,777","7,079",373,"16,106","15,861",705,315,"2,517","30,848","21,219","21,219","20,684",535,-,"9,629","16,541","10,398","10,398","9,993",927,698,711,412,"20,266","18,709","4,936",424,"4,210","7,451","1,688","1,557",24.7,"20,684","14,981","1,040","4,066",55,134,408,"20,684",116,334,"1,014",391,"1,108",577,642,"3,539","5,986","4,651","1,213",643,470,"20,684","18,196","1,255","1,227",6,"32,426","25,347",614,517,"24,452","1,763",-
0,60646,335.0,"10,904",668,368,861,504,990,"1,248","1,281","1,911","1,397","1,676","8,152","3,719","1,838",372,219,713,"$89,480","$119,777","$129,410","$20,651","$42,192","$10,837","$4,389","7,183",103,90,320,263,443,752,806,"1,586","1,276","1,544","$122,872","$152,821","$47,770","3,721","$41,473","$53,089","10,028","5,643","4,385","$53,561","$77,545","$63,514","27,799","1,929",820,"1,109","3,019","22,851","6,000",412,"16,227",912,"5,572",605,"23,260","4,539",919,266,"1,010","22,544","14,456","14,456","13,694",762,-,"8,088","11,930","6,997","6,997","6,546","2,245","1,684","3,692","3,105","13,372","12,786","9,743","1,083","1,577",236,147,586,32.1,"13,694","7,015","1,969","2,558",-,"1,078","1,074","13,694",31,909,845,593,"1,200",743,204,"1,279","1,629","3,580",747,708,"1,226","13,694","10,172","2,604",918,-,"27,799","22,227","1,613","2,591","18,513","6,352",91
0,60616,386.0,"24,417","3,490","1,598","3,143","2,051","2,715","3,379","2,358","3,048","1,297","1,338","18,725","5,528","2,253","1,580",695,"4,576","$45,997","$69,607","$79,654","$14,484","$29,300","$9,183","$1,753","10,617",867,807,"1,437",954,"1,112","1,463","1,040","1,165",875,897,"$51,660","$82,787","$32,794","13,800","$41,937","$57,908","18,877","9,776","9,101","$33,503","$55,158","$52,332","51,763","13,106","6,174","6,932","10,264","28,393","8,101","2,624","35,525","7,785","8,137","2,697","33,273","18,490","7,424","2,270","5,682","47,176","29,621","29,609","27,468","2,141",12,"17,555","25,241","15,179","15,179","14,078","2,941","2,041","4,941","3,427","26,833","25,675","11,399","3,015","7,135","2,622","1,504","1,158",29.0,"27,468","12,909","6,182","5,362",-,917,"2,098","27,468",88,739,"1,487",406,"1,792","1,176",416,"2,286","3,831","7,836","4,590","1,663","1,158","27,468","22,744","3,680","1,040",4,"53,628","45,491","4,679","11,187","30,732","8,767",330
0,60660,362.0,"20,676","1,851","1,271","2,368","2,014","2,956","3,448","2,155","2,300","1,217","1,096","16,695","4,561","1,630","1,019",504,"2,544","$49,241","$72,394","$77,650","$15,066","$28,382","$9,674","$3,332","7,770",420,162,657,657,969,"1,371","1,049","1,122",730,633,"$66,580","$90,167","$36,455","12,906","$40,650","$60,982","17,564","9,858","7,706","$34,231","$49,296","$46,183","40,417","6,946","3,101","3,845","7,330","26,141","4,913","1,091","30,010","4,755","5,494","1,100","22,561","17,856","2,817",865,"4,129","38,575","26,498","26,498","25,017","1,481",-,"12,077","19,655","12,327","12,327","11,557","2,088","1,148","2,768","1,904","24,645","22,990","8,543","1,336","10,551","1,415","1,145","1,655",37.7,"25,017","12,285","4,706","4,931",7,774,"2,314","25,017",50,503,"1,617",382,"2,115","1,065",734,"1,806","4,289","6,550","3,498","1,693",715,"25,017","21,113","2,295","1,576",33,"42,703","37,209","3,945","7,769","26,332","5,762",111
0,60601,67.0,"8,864",497,133,359,239,"1,036",891,913,"1,587","1,237","1,972","7,572","1,491",843,92,34,15,"$103,243","$151,419","$152,163","$21,520","$53,124",-,-,"3,100",19,-,39,32,142,169,251,738,665,"1,045","$165,136","$186,892","$92,125","5,764","$78,834","$132,207","7,159","4,158","3,001","$70,097","$106,056","$83,741","14,045","1,183",842,341,612,"12,250",802,-,"11,168","1,064","2,075",119,"6,980","7,065",38,19,"1,145","13,969","9,828","9,804","9,212",592,24,"4,141","7,051","4,504","4,504","4,038",610,363,192,192,"9,191","8,479","2,136",267,"1,638","3,977",461,712,28.4,"9,212","6,671",268,"1,956",-,2,315,"9,212",132,-,341,276,337,357,434,"1,849","2,477","1,864",559,218,368,"9,212","8,265",780,167,-,"14,647","12,572",439,275,"11,923","1,191",18
0,60609,1517.0,"20,603","2,185","1,566","3,721","2,788","3,148","3,172","1,756","1,516",456,295,"15,281","5,756","3,225","1,600","1,207","6,994","$35,179","$48,805","$53,870","$14,298","$14,423","$9,751","$4,065","13,168","1,085",791,"1,853","1,759","2,193","2,221","1,379","1,221",404,262,"$42,366","$55,621","$17,436","7,435","$23,298","$34,021","16,739","9,961","6,778","$23,637","$34,499","$31,873","61,152","17,061","7,182","9,879","18,410","25,681","16,442","6,919","37,900","8,870","6,810","1,272","49,942","11,210","12,974","3,245","4,087","46,488","29,557","29,557","24,788","4,769",-,"16,931","23,526","13,494","13,494","10,814","5,660","3,957","10,269","6,530","24,269","23,649","12,646","3,645","5,614","1,348",396,620,33.0,"24,788","5,368","6,503","4,846",84,"2,593","5,394","24,788",78,"1,854","3,086",831,"2,512","1,510",199,"1,008","2,853","4,638","3,796","1,593",830,"24,788","21,407","2,539",830,12,"61,304","54,494","9,533","24,471","21,585","17,489",547
0,60632,2665.0,"24,918","1,345","1,022","3,814","3,447","4,674","4,953","2,328","2,251",760,324,"20,732","6,260","3,233","1,079",861,"6,109","$42,758","$56,684","$57,427","$16,030","$17,598","$10,304","$2,500","19,729",870,856,"2,487","2,737","3,784","4,144","1,812","2,093",672,274,"$45,900","$59,458","$16,648","5,189","$25,571","$36,570","27,250","17,221","10,029","$25,600","$32,017","$30,254","90,364","17,966","5,989","11,977","29,931","42,467","26,450","7,764","55,375","9,343","8,539",859,"80,546","9,818","15,234","3,615","2,732","67,125","43,078","43,060","38,701","4,359",18,"24,047","33,061","17,939","17,939","15,801","8,104","4,726","17,629","10,917","37,713","37,213","21,671","5,870","7,868","1,363",441,500,34.0,"38,701","5,818","9,562","7,896",43,"4,739","10,643","38,701",40,"3,083","6,596","1,437","4,246","2,779",410,"1,507","4,163","5,375","5,949","2,426",690,"38,701","34,423","2,749","1,467",62,"90,777","82,238","16,160","32,528","35,043","28,184",750
0,60623,2871.0,"25,005","2,795","1,964","4,944","3,873","3,897","3,600","1,854","1,613",338,127,"19,358","6,284","2,207","2,055","1,202","9,640","$31,634","$43,088","$44,792","$16,185","$18,306","$10,285","$3,511","18,393","1,714","1,224","3,432","2,983","3,039","2,981","1,317","1,302",281,120,"$34,294","$45,650","$13,678","6,612","$21,023","$29,019","21,260","12,687","8,573","$21,780","$29,700","$29,347","85,419","28,488","11,319","17,169","27,129","29,802","26,053","12,443","51,661","14,585","7,705","1,460","73,499","11,920","23,833","5,426","4,655","62,593","36,239","36,239","31,935","4,304",-,"26,354","32,623","16,396","16,396","14,205","7,945","4,702","17,264","10,014","31,506","30,514","15,842","5,757","6,892","1,584",439,992,37.2,"31,935","4,748","8,029","6,441",80,"3,406","9,231","31,935",31,"2,586","5,621","1,033","3,519","2,349",291,"1,158","3,842","5,228","3,766","1,816",695,"31,935","28,131","2,445","1,352",7,"85,753","78,048","18,133","38,183","22,913","27,881","1,125"
0,60608,1475.0,"25,627","2,566","1,488","3,280","3,148","3,501","4,616","2,356","2,767",913,992,"20,984","5,335","2,076","1,512","1,258","5,256","$44,043","$62,105","$65,963","$15,393","$24,089","$10,603","$3,015","14,647",900,709,"1,886","2,032","2,093","2,430","1,344","1,816",669,768,"$47,276","$69,400","$21,447","10,980","$36,413","$49,838","23,394","13,325","10,069","$28,581","$42,828","$38,161","69,387","15,619","6,695","8,924","17,896","35,872","14,742","5,081","47,020","9,054","7,625","1,484","51,503","17,884","10,419","2,701","5,200","65,809","37,442","37,442","34,418","3,024",-,"28,367","29,076","17,617","17,617","16,212","4,731","3,455","9,330","6,629","33,809","32,695","14,885","4,029","9,729","1,962","2,090","1,114",31.7,"34,418","12,220","8,735","6,194",19,"1,799","5,451","34,418",51,"1,141","3,608","1,063","3,138","1,531",641,"1,671","4,788","7,627","6,267","1,836","1,056","34,418","29,048","3,875","1,450",45,"69,864","62,239","10,223","20,004","33,110","15,541",439
0,60619,816.0,"26,234","4,397","2,354","3,670","3,088","2,997","4,122","2,743","2,021",465,377,"16,618","9,014","5,386","3,047","1,094","9,015","$33,454","$47,960","$52,671","$15,502","$30,353","$8,734","$2,709","12,714","1,386",653,"1,452","1,126","1,704","2,467","1,755","1,551",389,231,"$50,388","$60,557","$21,981","13,520","$22,500","$34,187","15,506","7,465","8,041","$26,685","$37,326","$41,031","61,047","15,522","7,587","7,935","12,853","32,672","12,865","4,499","37,834","9,363","10,348","1,660","44,092","16,955","9,505","2,688","6,017","49,658","28,626","28,626","23,862","4,764",-,"21,032","27,823","15,360","15,360","12,953","4,029","3,091","7,798","6,400","23,104","21,859","12,548","2,203","6,484",380,244,"1,245",39.9,"23,862","6,382","6,964","5,586",37,999,"3,894","23,862",66,719,"1,407",202,"2,209","2,539",310,"1,408","2,718","7,446","2,099","1,213","1,526","23,862","17,990","5,015",847,10,"61,181","50,833","6,182","22,950","23,897","13,532",386
0,60656,233.0,"12,088",460,615,"1,215","1,089","1,341","2,433","1,694","1,738",907,596,"9,207","3,533","1,679",486,224,"1,040","$61,599","$77,491","$84,387","$17,720","$28,580","$7,590","$1,585","7,356",143,127,423,590,595,"1,638","1,221","1,334",740,545,"$77,225","$93,770","$34,916","4,732","$37,332","$50,085","10,820","6,556","4,264","$42,309","$57,669","$47,807","27,570","2,247",891,"1,356","4,870","20,453","4,938",478,"17,995","1,228","4,637",541,"21,687","5,883","1,405",436,842,"23,059","15,440","15,440","14,692",748,-,"7,619","11,511","6,849","6,849","6,495","2,037","1,403","2,831","1,778","14,420","13,935","10,660","1,086","1,896",143,150,485,32.8,"14,692","5,029","2,960","3,007",-,"1,117","2,579","14,692",7,"1,006","1,111",359,"1,112","2,236",294,788,"1,876","2,641","1,314",692,"1,256","14,692","11,431","2,266",986,9,"27,579","22,942","2,717","4,048","17,039","5,133",140
0,60633,111.0,"4,682",461,340,579,449,638,711,476,760,204,64,"3,487","1,378",826,334,239,873,"$47,083","$61,696","$65,736","$16,435","$27,100","$9,065","$2,440","2,968",255,71,253,327,364,526,342,620,149,61,"$62,008","$72,377","$24,198","1,714","$28,333","$40,993","3,822","2,171","1,651","$30,993","$51,675","$34,358","12,508","2,676","1,300","1,376","2,270","7,562","2,738",826,"8,195","1,599","1,575",251,"10,270","2,238","2,018",506,658,"10,448","6,134","6,130","5,466",664,4,"4,314","5,056","2,735","2,735","2,469","1,020",606,"1,657","1,173","5,337","5,228","4,004",476,529,167,52,109,34.2,"5,466","1,355","1,093","1,439",-,446,"1,133","5,466",-,222,691,68,654,512,71,338,548,"1,055",617,203,487,"5,466","4,270",985,180,31,"12,584","11,009","1,544","3,466","6,235","3,094",104
0,60651,1463.0,"19,653","2,477","1,247","2,866","2,457","3,057","3,386","1,885","1,546",463,269,"15,228","5,667","2,182","2,043","1,182","6,784","$38,083","$50,872","$53,031","$15,242","$21,339","$10,406","$1,500","13,851","1,402",565,"1,974","1,685","2,201","2,597","1,494","1,286",413,234,"$42,383","$55,997","$17,334","5,802","$24,810","$34,083","18,293","9,502","8,791","$25,051","$32,408","$31,435","62,839","16,159","7,090","9,069","17,389","29,291","16,950","6,387","38,669","8,526","7,220","1,246","53,966","8,873","13,091","3,238","3,068","47,910","29,475","29,475","25,900","3,575",-,"18,435","26,378","15,428","15,428","13,500","4,980","3,357","10,774","7,780","25,453","24,497","14,821","2,742","5,699",414,821,956,38.5,"25,900","5,177","7,503","5,987",-,"1,432","5,801","25,900",52,"1,116","3,042",574,"2,580","2,483",514,"1,091","2,365","6,189","3,651","1,299",944,"25,900","21,696","3,181",996,27,"63,199","55,979","10,026","25,749","22,004","18,027",958
0,60610,227.0,"23,269","2,144",707,"1,102","1,133","1,492","3,139","3,305","3,995","2,208","4,044","18,950","4,236","2,146",595,259,"1,850","$86,803","$136,254","$140,948","$21,773","$45,200","$9,342","$3,232","6,833",275,79,297,361,372,550,469,"1,046",923,"2,461","$148,523","$226,991","$82,720","16,436","$77,033","$97,470","19,949","9,965","9,984","$68,296","$91,419","$73,413","37,422","4,383","2,116","2,267","3,537","29,502","3,487",534,"28,077","2,930","5,858",919,"16,768","20,654","1,299",479,"3,084","35,825","27,005","27,005","25,973","1,032",-,"8,820","19,621","14,179","14,179","13,712","1,896","1,512","1,528","1,056","25,562","23,538","6,749",965,"9,301","4,535","1,988","2,024",29.1,"25,973","16,447","2,186","5,858",-,552,930,"25,973",-,352,"1,692",763,"1,179",905,907,"4,228","7,493","5,049","1,958",870,577,"25,973","22,810","1,931","1,232",-,"38,716","32,858","1,462","3,551","28,114","3,925",118
0,60603,7.0,564,49,-,35,29,19,29,49,60,74,220,504,58,44,-,-,-,"$151,765","$244,614","$227,879","$34,247","$84,668",-,-,210,-,-,4,-,13,11,11,13,31,127,"$250,001","$380,101","$117,992",354,"$116,000","$164,240",462,267,195,"$52,841","$173,250","$137,417",975,138,85,53,51,786,56,-,807,138,112,-,491,484,-,-,138,"1,118",819,819,754,65,-,299,580,399,399,338,13,8,43,43,754,710,141,44,115,410,-,44,19.3,754,564,29,146,-,-,15,754,-,-,56,12,75,16,7,84,246,208,27,-,23,754,688,45,21,-,"1,174","1,062",82,-,980,140,23
0,60618,1077.0,"35,091","1,279",874,"2,885","2,900","3,912","5,905","4,407","5,712","2,938","4,279","31,199","5,959","2,304","1,158","1,123","3,234","$73,810","$107,994","$110,409","$17,360","$28,316","$9,280","$2,661","20,757",367,466,"1,473","1,736","1,990","3,130","2,332","3,737","2,052","3,474","$85,276","$126,673","$41,513","14,334","$57,382","$76,070","40,887","23,771","17,116","$40,808","$54,142","$53,620","94,021","10,686","3,421","7,265","17,944","65,391","20,341","3,106","65,281","6,734","8,399",846,"70,058","23,963","7,030","1,811","3,656","75,217","56,232","56,176","53,869","2,307",56,"18,985","36,655","25,146","25,141","24,210","7,959","5,791","12,101","8,646","53,203","49,576","25,792","4,729","15,480","1,965","1,610","3,627",35.8,"53,869","24,763","9,622","10,780",69,"2,424","6,211","53,869",79,"2,091","4,133","1,235","4,988","2,961","1,816","4,814","9,604","10,054","7,745","3,025","1,324","53,869","46,173","4,314","3,382",-,"94,069","85,670","12,885","14,715","59,372","21,351",754
0,60606,45.0,"2,084",63,50,14,32,52,198,203,585,293,594,"1,957",168,210,-,-,18,"$131,477","$195,357","$191,109","$21,354","$76,280",-,-,591,22,-,-,-,-,56,-,142,70,301,"$203,309","$278,453","$132,765","1,493","$113,594","$162,566","2,013",992,"1,021","$97,804","$106,364","$104,190","3,101",237,138,99,16,"2,848",101,23,"2,569",214,431,-,"1,294","1,807",45,22,192,"3,000","2,620","2,608","2,549",59,12,380,"1,578","1,362","1,362","1,334",57,-,44,44,"2,550","2,225",596,22,382,"1,051",174,325,26.6,"2,549","2,049",147,309,-,-,44,"2,549",-,12,191,126,92,90,126,365,824,427,103,83,110,"2,549","2,131",253,128,37,"3,089","2,658",73,77,"2,528",101,-
0,60659,635.0,"13,193",749,510,"1,599","1,594","1,910","2,185","1,599","1,739",690,618,"11,510","2,653","1,005",751,698,"3,112","$51,383","$71,390","$69,929","$18,429","$28,674","$10,418","$3,328","9,004",392,259,"1,096","1,042","1,252","1,334","1,177","1,316",578,558,"$56,346","$78,893","$24,140","4,189","$42,546","$52,075","13,399","7,658","5,741","$28,493","$40,101","$38,625","40,645","8,758","2,857","5,901","9,653","22,234","10,024","3,328","26,222","4,790","4,399",640,"33,809","6,836","7,093","1,525","1,665","32,007","21,317","21,317","19,701","1,616",-,"10,690","15,781","9,519","9,519","8,857","3,450","1,752","6,376","4,034","19,162","18,427","11,243","1,777","3,483","1,221",703,735,34.1,"19,701","6,960","4,260","3,680",-,761,"4,040","19,701",68,571,"1,435",530,"2,122","1,986",295,"1,412","1,919","4,594","2,604","1,772",393,"19,701","16,250","1,725","1,717",9,"40,766","36,367","5,401","13,962","17,846","10,599",282
0,60617,987.0,"28,188","3,031","1,775","4,058","3,532","4,339","4,626","3,053","2,630",744,400,"19,995","9,324","5,751","2,975","1,321","8,328","$40,265","$53,819","$55,332","$16,290","$26,960","$10,379","$2,814","18,795","1,605",776,"2,083","2,476","2,952","3,624","2,187","2,069",686,337,"$47,057","$59,976","$19,773","9,393","$25,806","$38,110","21,769","11,172","10,597","$27,595","$37,864","$36,266","82,285","19,210","9,238","9,972","22,361","40,714","21,115","7,336","48,379","10,212","12,791","1,662","68,307","13,978","14,300","3,564","4,910","64,229","37,679","37,644","31,346","6,298",35,"26,550","35,162","19,094","19,094","15,811","5,878","4,225","14,269","10,473","30,708","29,934","18,954","2,525","7,611",627,217,774,40.8,"31,346","6,880","8,931","6,760",21,"2,462","6,292","31,346",77,"1,789","2,947",854,"2,630","3,515",311,"1,649","3,256","7,357","3,524","1,625","1,812","31,346","24,445","5,339","1,527",35,"82,458","69,667","7,903","30,122","33,681","22,394",799
0,60642,138.0,"9,263",345,354,354,590,608,"1,208","1,112","1,851","1,367","1,474","8,323","1,238",554,78,137,782,"$101,939","$122,742","$128,938","$16,364","$20,591","$5,203","$2,009","3,427",112,28,181,224,120,373,306,764,455,864,"$127,229","$146,170","$58,933","5,836","$88,509","$107,771","12,112","6,587","5,525","$61,581","$72,746","$63,871","20,201","2,231","1,045","1,186","1,866","16,104","2,331",497,"16,548","1,554","1,322",180,"10,040","10,161","1,009",263,"1,222","18,017","15,297","15,297","14,668",629,-,"2,720","9,064","7,478","7,478","7,148","1,129","1,008","1,121",766,"14,439","13,482","5,468",637,"5,533",876,968,957,28.0,"14,668","9,388","1,168","3,175",-,278,659,"14,668",-,367,950,429,"1,117",482,531,"1,648","4,104","2,776","1,493",517,254,"14,668","13,029","1,019",620,-,"20,201","18,879","1,249","2,357","15,479","2,409",166
