,zipcode,covid_cases,S1. HOUSEHOLDS BY TYPE.Total households,S1. HOUSEHOLDS BY TYPE.Family households,S1. HOUSEHOLDS BY TYPE.With own children under 18 years,S1. HOUSEHOLDS BY TYPE.Married-couple families,S1. HOUSEHOLDS BY TYPE.With own children under 18 years,"S1. HOUSEHOLDS BY TYPE.Male householder, no wife present",S1. HOUSEHOLDS BY TYPE.With own children under 18 years,"S1. HOUSEHOLDS BY TYPE.Female householder, no husband present",S1. HOUSEHOLDS BY TYPE.With own children under 18 years,S1. HOUSEHOLDS BY TYPE.Nonfamily households,S1. HOUSEHOLDS BY TYPE.Householder living alone,S1. HOUSEHOLDS BY TYPE.65 years and over living alone,S1. HOUSEHOLDS BY TYPE.Households with one or more people under 18 years,S1. HOUSEHOLDS BY TYPE.Households with one or more people 65 years and over,S1. HOUSEHOLDS BY TYPE.Average household size,S1. HOUSEHOLDS BY TYPE.Average family size,S2. PERSONS BY HOUSEHOLD TYPE / GROUP QUARTERS.Total population,S2. PERSONS BY HOUSEHOLD TYPE / GROUP QUARTERS.Household population,S2. PERSONS BY HOUSEHOLD TYPE / GROUP QUARTERS.Living in family households,S2. PERSONS BY HOUSEHOLD TYPE / GROUP QUARTERS.Living in nonfamily households,S2. PERSONS BY HOUSEHOLD TYPE / GROUP QUARTERS.Living alone,S2. PERSONS BY HOUSEHOLD TYPE / GROUP QUARTERS.Living in group quarters,S3. RELATIONSHIP.Household population,S3. RELATIONSHIP.Householder,S3. RELATIONSHIP.Spouse,S3. RELATIONSHIP.Child,S3. RELATIONSHIP.Other relatives,S3. RELATIONSHIP.Nonrelatives,S3. RELATIONSHIP.Unmarried partner,S3. RELATIONSHIP.Unmarried-partner HHs per 1000,S4. MARITAL STATUS.Persons 15 years and over,S4. MARITAL STATUS.Never married,"S4. MARITAL STATUS.Now married, except separated",S4. MARITAL STATUS.Separated,S4. MARITAL STATUS.Widowed,"S4. MARITAL STATUS.Divorced, and not currently married",S5. FERTILITY.Women 15 to 50 years old,S5. FERTILITY.Unmarried women 15 to 50 years old,S5. FERTILITY.Women 15 to 50 years old who had a birth in the past 12 months,S5. FERTILITY.Unmarried women who gave birth,S5. FERTILITY.Women 15 to 19 years of age,S5. FERTILITY.Women 20 to 34 years of age,S5. FERTILITY.Women 35 to 50 years of age,"S5. FERTILITY.Per 1,000 unmarried women","S5. FERTILITY.Per 1,000 women 15 to 50 years old","S5. FERTILITY.Per 1,000 women 15 to 19 years old","S5. FERTILITY.Per 1,000 women 20 to 34 years old","S5. FERTILITY.Per 1,000 women 35 to 50 years old",S6. GRANDPARENTS AS CAREGIVERS.Grandparents living with own grandchildren under 18 years,S6. GRANDPARENTS AS CAREGIVERS.Grandparents responsible for grandchildren,S6. GRANDPARENTS AS CAREGIVERS.Less than 1 year,S6. GRANDPARENTS AS CAREGIVERS.1 or 2 years,S6. GRANDPARENTS AS CAREGIVERS.3 or 4 years,S6. GRANDPARENTS AS CAREGIVERS.5 or more years,S7. SCHOOL ENROLLMENT.Population 3 years and over,S7. SCHOOL ENROLLMENT.Population 3 years and over enrolled in school,"S7. SCHOOL ENROLLMENT.In nursery school, preschool",S7. SCHOOL ENROLLMENT.In kindergarten,"S7. SCHOOL ENROLLMENT.In elementary school, grades 1-8","S7. SCHOOL ENROLLMENT.In high school, grades 9-12",S7. SCHOOL ENROLLMENT.In college or graduate school,S8. EDUCATIONAL ATTAINMENT.Population 25 years and over,S8. EDUCATIONAL ATTAINMENT.Less than 9th grade,"S8. EDUCATIONAL ATTAINMENT.9th to 12th grade, no diploma",S8. EDUCATIONAL ATTAINMENT.High school graduate (includes equivalency),"S8. EDUCATIONAL ATTAINMENT.Some college, no degree",S8. EDUCATIONAL ATTAINMENT.Associates degree,S8. EDUCATIONAL ATTAINMENT.Bachelors degree,S8. EDUCATIONAL ATTAINMENT.Graduate or professional degree,S8. EDUCATIONAL ATTAINMENT.High school graduate or higher,S8. EDUCATIONAL ATTAINMENT.Bachelor degree or higher,S9. VETERAN STATUS.Civilian population 18 years and over,S9. VETERAN STATUS.Civilian veterans,S10a. DISABLED BY AGE.Civilian noninstitutionalized persons,S10a. DISABLED BY AGE.With a disability,S10a. DISABLED BY AGE.Persons 18 and under,S10a. DISABLED BY AGE.With a disability,S10a. DISABLED BY AGE.Persons 19 to 64 years,S10a. DISABLED BY AGE.With a disability,S10a. DISABLED BY AGE.Persons 65 years and over,S10a. DISABLED BY AGE.With a disability,S11. RESIDENCE 1 YEAR AGO.Population 1 year and over,S11. RESIDENCE 1 YEAR AGO.Same house,S11. RESIDENCE 1 YEAR AGO.Different house in the U.S.,S11. RESIDENCE 1 YEAR AGO.Same county,S11. RESIDENCE 1 YEAR AGO.Different county (any),S11. RESIDENCE 1 YEAR AGO.Different county (same state),S11. RESIDENCE 1 YEAR AGO.Different state,S11. RESIDENCE 1 YEAR AGO.Lived abroad 1 year ago,S12. PLACE OF BIRTH AND CITIZENSHIP STATUS.Total population,S12. PLACE OF BIRTH AND CITIZENSHIP STATUS.U.S. native,S12. PLACE OF BIRTH AND CITIZENSHIP STATUS.Born in United States,S12. PLACE OF BIRTH AND CITIZENSHIP STATUS.Born in state of current residence,S12. PLACE OF BIRTH AND CITIZENSHIP STATUS.Born in different state than current residence,"S12. PLACE OF BIRTH AND CITIZENSHIP STATUS.Born in Puerto Rico, U.S. Island areas, or born abroad to American parents",S12. PLACE OF BIRTH AND CITIZENSHIP STATUS.Foreign born,S12. PLACE OF BIRTH AND CITIZENSHIP STATUS.Naturalized U.S. citizen,S12. PLACE OF BIRTH AND CITIZENSHIP STATUS.Not a U.S. citizen,S13. YEAR OF ENTRY.Population born outside the United States,"S13. YEAR OF ENTRY.Native, born outside U.S.",S13. YEAR OF ENTRY.Entered U.S. 2000 or later,S13. YEAR OF ENTRY.Entered U.S. before 2000,S13. YEAR OF ENTRY.Foreign born,S13. YEAR OF ENTRY.Entered U.S. 2000 or later,S13. YEAR OF ENTRY.Entered U.S. before 2000,"S14. WORLD REGION OF BIRTH OF FOREIGN BORN.Foreign-born population, excluding population born at sea",S14. WORLD REGION OF BIRTH OF FOREIGN BORN.Europe,S14. WORLD REGION OF BIRTH OF FOREIGN BORN.Asia,S14. WORLD REGION OF BIRTH OF FOREIGN BORN.Africa,S14. WORLD REGION OF BIRTH OF FOREIGN BORN.Oceania,S14. WORLD REGION OF BIRTH OF FOREIGN BORN.South and Central America (includes Mexico),S14. WORLD REGION OF BIRTH OF FOREIGN BORN.Northern America,S15. LANGUAGE SPOKEN AT HOME.Population 5 years and over,S15. LANGUAGE SPOKEN AT HOME.English only,S15. LANGUAGE SPOKEN AT HOME.Language other than English,"S15. LANGUAGE SPOKEN AT HOME.Speaks English less than ""very well""",S15. LANGUAGE SPOKEN AT HOME.Speak Spanish,"S15. LANGUAGE SPOKEN AT HOME.Speaks English less than ""very well""",S16. COMPUTER OWNERSHIP AND INTERNET USE.Total households,S16. COMPUTER OWNERSHIP AND INTERNET USE.Households with no computer,S16. COMPUTER OWNERSHIP AND INTERNET USE.Households with a computer,S16. COMPUTER OWNERSHIP AND INTERNET USE.With a dial-up internet subscription alone,S16. COMPUTER OWNERSHIP AND INTERNET USE.With a broadband internet subscription,S16. COMPUTER OWNERSHIP AND INTERNET USE.No internet subscription
0,60641,1250.0,"24,773","16,180","7,382","11,473","5,171","1,381",490,"3,326","1,721","8,593","6,740","2,073","8,276","5,803",2.85,3.55,"71,023","70,704","59,402","11,302","6,740",319,"70,704","24,773","11,428","22,007","7,802","4,694","1,672",67,"57,801","22,820","26,389","1,367","2,544","4,681","18,454","10,125","1,023",276,-,630,393,27,55,-,74,50,"2,176",526,32,148,91,255,"68,235","17,549","1,421",814,"6,826","3,536","4,952","49,271","5,666","4,252","12,774","8,602","3,382","9,418","5,177","39,353","14,595","55,116","1,735","70,718","6,640","16,578",546,"46,407","3,180","7,733","2,914","70,117","61,554","8,063","7,098",965,405,560,500,"71,023","47,934","44,846","37,732","7,114","3,088","23,089","10,768","12,321","26,177","3,088","2,211","2,587","23,089","7,735","15,354","23,089","6,031","2,758",732,17,"13,523",28,-,"25,261","41,135","17,731","30,860","12,150","24,773","3,090","21,683",150,"19,017","2,516"
0,60629,2750.0,"31,827","23,303","12,170","13,846","7,511","2,859","1,325","6,598","3,334","8,524","7,269","3,288","14,668","8,461",3.51,4.17,"111,850","111,675","101,091","10,584","7,269",175,"111,675","31,827","13,596","43,698","16,555","5,999","2,390",75,"85,336","39,155","32,933","2,365","4,689","6,194","29,335","18,349","1,160",611,76,865,219,33,40,16,67,19,"5,118","1,140",261,281,273,325,"107,011","32,219","2,295","1,159","14,744","8,521","5,500","67,343","11,886","7,302","26,605","11,892","3,475","4,702","1,481","48,155","6,183","79,462","1,733","111,842","9,139","34,261","1,042","66,454","4,778","11,127","3,319","110,590","100,338","10,073","9,238",835,206,629,179,"111,850","77,470","76,301","69,309","6,992","1,169","34,380","12,670","21,710","35,549","1,169","1,438",794,"34,380","9,312","25,068","34,380","1,355",491,115,11,"32,371",37,-,"33,972","68,994","27,090","66,343","25,924","31,827","5,825","26,002",100,"21,684","4,218"
0,60661,37.0,"5,911","1,777",527,"1,597",445,56,-,124,82,"4,134","3,083",103,527,164,1.66,2.38,"9,926","9,835","4,249","5,586","3,083",91,"9,835","5,911","1,590",696,170,"1,468",619,105,"9,329","5,182","3,420",61,52,614,"4,117","2,629",210,-,-,100,110,-,51,-,34,105,-,-,-,-,-,-,"9,543","1,976",89,18,90,99,"1,680","8,137",47,-,285,290,174,"3,852","3,489","8,090","7,341","9,243",42,"9,926",230,731,36,"8,978",194,217,-,"9,694","6,184","3,209","2,341",868,218,650,301,"9,926","6,348","6,047","2,739","3,308",301,"3,578",696,"2,882","3,879",301,"2,268",98,"3,578","2,756",822,"3,578",374,"2,649",94,-,360,101,-,"5,989","3,490","1,179",293,59,"5,911",35,"5,876",18,"5,554",304
0,60827,43.0,"10,851","6,616","3,130","2,047",785,649,302,"3,920","2,043","4,235","3,986",951,"3,783","2,373",2.62,3.53,"28,577","28,479","23,850","4,629","3,986",98,"28,479","10,851","2,052","10,640","4,057",879,416,38,"21,575","11,808","4,763",693,"1,325","2,986","7,649","6,332",450,379,22,332,96,60,59,23,95,30,894,321,115,70,86,50,"27,085","7,752",825,389,"3,283","1,927","1,328","17,443",679,"1,680","5,657","5,821","1,250","1,535",821,"15,084","2,356","20,232","1,023","28,571","3,256","8,839",155,"16,969","2,168","2,763",933,"28,141","24,125","3,987","3,626",361,44,317,29,"28,577","27,951","27,889","24,145","3,744",62,626,360,266,688,62,29,50,626,211,415,626,49,73,94,-,410,-,-,"25,025",961,352,714,262,"10,851","1,835","9,016",41,"7,446","1,529"
0,60652,792.0,"13,370","10,195","4,457","6,357","2,978","1,359",480,"2,479",999,"3,175","2,817","1,053","5,761","3,543",3.27,3.83,"43,907","43,699","39,966","3,733","2,817",208,"43,699","13,370","6,353","16,611","5,888","1,477",679,51,"34,003","13,978","14,181",787,"1,975","3,082","11,162","6,926",563,340,-,450,113,49,50,-,104,22,"2,124",609,105,127,77,300,"42,253","13,349","1,006",697,"5,712","2,725","3,209","27,474","2,055","2,127","8,577","6,302","2,751","3,589","2,073","23,292","5,662","32,228","1,302","43,709","3,684","12,384",302,"26,740","1,791","4,585","1,591","43,260","39,718","3,468","3,267",201,100,101,74,"43,907","36,397","36,062","31,706","4,356",335,"7,510","3,349","4,161","7,845",335,519,173,"7,510","2,165","5,345","7,510",276,640,261,-,"6,332",1,-,"26,585","14,553","4,960","13,121","4,488","13,370","1,500","11,870",13,"10,310","1,547"
0,60614,452.0,"33,584","12,018","5,328","10,471","4,654",497,172,"1,050",502,"21,566","15,149","2,746","5,403","4,655",2.01,2.91,"71,308","67,398","35,570","31,828","15,149","3,910","67,398","33,584","10,460","11,242","1,253","10,859","2,744",82,"62,370","34,846","22,180",526,"1,008","3,810","23,972","16,318",800,22,-,484,316,1,33,-,31,49,112,-,-,-,-,-,"68,779","15,963","1,347",644,"3,993","1,448","8,531","50,765",559,454,"2,591","3,224",959,"24,449","18,529","49,752","42,978","61,379","1,155","70,734","3,205","11,313",296,"53,662","1,547","5,759","1,362","70,419","51,870","17,626","11,308","6,318","1,815","4,503",923,"71,308","62,657","61,842","32,928","28,914",815,"8,651","4,627","4,024","9,466",815,"2,236",620,"8,651","4,556","4,095","8,651","3,027","3,353",340,221,"1,203",507,-,"57,894","9,506","2,256","2,690",818,"33,584","1,734","31,850",57,"30,187","1,606"
0,60638,964.0,"20,199","14,233","6,322","10,179","4,446","1,537",700,"2,517","1,176","5,966","5,148","2,546","7,107","6,125",2.91,3.54,"58,797","58,774","51,796","6,978","5,148",23,"58,774","20,199","10,159","20,049","5,953","2,414","1,447",72,"46,564","16,012","22,623",597,"2,973","4,359","13,456","7,315","1,034",386,8,784,242,53,77,5,141,39,"2,033",234,25,87,71,51,"56,284","14,626","1,060",667,"6,674","2,963","3,262","40,191","3,274","3,088","13,915","8,729","3,294","5,428","2,463","33,829","7,891","44,497","2,080","58,797","5,828","15,210",249,"35,348","2,559","8,239","3,020","57,902","52,843","4,823","4,427",396,203,193,236,"58,797","46,969","46,081","42,711","3,370",888,"11,828","6,897","4,931","12,716",888,577,541,"11,828","2,767","9,061","11,828","3,863",334,26,5,"7,600",-,-,"29,418","25,356","8,349","19,585","5,309","20,199","3,120","17,079",178,"14,712","2,189"
0,60655,237.0,"10,231","7,264","3,209","5,894","2,692",393,167,977,350,"2,967","2,647","1,062","3,465","2,759",2.74,3.36,"28,804","28,072","24,746","3,326","2,647",732,"28,072","10,231","5,933","9,657","1,543",708,392,38,"22,940","7,494","12,349",225,"1,175","1,697","6,887","3,542",455,175,18,332,105,49,66,18,130,31,504,106,45,19,15,27,"27,625","7,831",914,322,"3,018","1,459","2,118","19,410",262,500,"3,980","4,681","1,453","5,084","3,450","18,648","8,534","21,789","1,320","28,804","2,514","7,435",163,"17,638","1,211","3,731","1,140","28,379","26,291","1,954","1,329",625,252,373,134,"28,804","27,728","27,554","25,519","2,035",174,"1,076",696,380,"1,250",174,193,128,"1,076",323,753,"1,076",522,261,50,4,232,7,-,"25,051","1,727",376,790,118,"10,231",853,"9,378",39,"8,557",782
0,60645,967.0,"16,255","10,926","5,178","8,087","3,822",892,392,"1,947",964,"5,329","4,344","1,774","5,510","4,711",2.88,3.56,"47,732","46,805","39,812","6,993","4,344",927,"46,805","16,255","7,992","16,407","3,571","2,580",689,42,"36,974","13,300","17,858",724,"2,106","2,986","10,933","5,468","1,031",151,-,699,332,28,94,-,152,69,"1,069",355,106,154,13,82,"45,074","12,467","1,134",634,"5,069","2,888","2,742","31,542","2,884","2,459","6,542","4,564","1,355","8,465","5,273","26,199","13,738","34,826",989,"47,210","5,074","13,384",136,"27,597","2,491","6,229","2,447","46,705","38,994","5,947","4,780","1,167",428,739,"1,764","47,732","29,419","28,699","22,258","6,441",720,"18,313","8,959","9,354","19,033",720,"5,522",316,"18,313","9,671","8,642","18,313","2,609","9,257","2,506",10,"3,862",69,-,"21,037","22,366","11,059","6,633","3,327","16,255","1,697","14,558",83,"12,777","1,698"
0,60634,1245.0,"26,116","18,541","7,617","13,404","5,667","1,932",658,"3,205","1,292","7,575","6,587","2,584","8,537","7,996",2.90,3.48,"75,995","75,674","66,661","9,013","6,587",321,"75,674","26,116","13,386","24,442","8,162","3,568","1,456",56,"62,210","22,938","30,588",875,"3,674","4,135","18,519","10,236",812,233,34,411,367,23,44,13,54,45,"1,795",169,15,18,18,118,"72,970","18,314","1,388",945,"6,822","3,943","5,216","53,463","3,248","3,452","17,287","11,702","4,381","8,997","4,396","46,763","13,393","59,342","2,119","75,681","6,559","17,658",499,"46,674","2,623","11,349","3,437","75,136","70,004","4,888","3,875","1,013",353,660,244,"75,995","50,545","48,333","43,873","4,460","2,212","25,450","13,837","11,613","27,662","2,212","2,136","1,646","25,450","8,235","17,215","25,450","12,989","3,014",446,43,"8,919",39,-,"28,946","42,023","16,847","21,573","6,561","26,116","3,941","22,175",350,"19,479","2,346"
0,60622,568.0,"23,410","9,436","4,264","6,683","2,879",755,298,"1,998","1,087","13,974","7,960","1,106","4,575","2,290",2.24,2.98,"52,793","52,377","29,128","23,249","7,960",416,"52,377","23,410","6,701","9,648","2,334","10,284","2,997",128,"45,748","26,355","14,361",676,"1,235","3,121","18,339","12,649",878,219,39,510,329,17,48,40,44,57,451,238,105,-,52,81,"50,413","9,007",944,559,"2,553","1,318","3,633","40,825","1,827","1,028","3,844","4,384","1,493","17,957","10,292","37,970","28,249","44,733",651,"52,427","2,608","8,385",133,"41,152","1,612","2,890",863,"51,834","39,984","11,559","8,735","2,824",793,"2,031",291,"52,793","45,569","43,300","26,561","16,739","2,269","7,224","3,681","3,543","9,493","2,269","1,158","1,913","7,224","3,104","4,120","7,224","3,273","1,083",137,43,"2,542",146,-,"36,814","12,439","4,925","7,471","3,016","23,410","1,841","21,569",21,"20,382","1,166"
0,60640,713.0,"34,969","12,650","4,919","9,122","3,291",962,282,"2,566","1,346","22,319","17,373","3,875","5,338","6,547",1.92,2.90,"69,715","67,131","37,567","29,564","17,373","2,584","67,131","34,969","9,157","11,578","3,295","8,132","2,653",76,"61,276","31,478","20,707","1,000","2,581","5,510","19,750","12,544",583,77,-,329,254,6,30,-,30,32,459,76,-,-,-,76,"67,873","13,021",959,590,"4,004","1,652","5,816","55,020","2,524","3,150","8,292","7,768","2,537","18,688","12,061","49,346","30,749","60,130","2,255","68,263","7,962","9,845",170,"50,177","4,184","8,241","3,608","69,102","53,958","14,342","11,468","2,874",763,"2,111",802,"69,715","52,496","51,209","29,917","21,292","1,287","17,219","9,242","7,977","18,506","1,287","3,089",733,"17,219","8,299","8,920","17,219","3,474","5,700","3,370",67,"4,332",276,-,"43,784","22,675","10,385","7,961","3,832","34,969","3,769","31,200",167,"26,932","4,101"
0,60647,1165.0,"34,714","17,033","7,269","11,516","4,807","1,569",553,"3,948","1,909","17,681","10,641","1,983","8,169","4,668",2.51,3.33,"87,509","86,963","58,289","28,674","10,641",546,"86,963","34,714","11,549","21,463","6,595","12,642","4,044",116,"73,671","40,842","25,598",950,"1,769","4,512","28,534","19,048","1,431",380,21,970,440,20,50,11,58,45,"1,583",455,97,94,46,218,"83,802","18,316","1,613",912,"6,243","3,420","6,128","62,961","4,801","2,767","11,975","7,744","2,786","20,968","11,920","55,393","32,888","71,203","1,217","87,248","5,110","17,059",440,"64,105","3,147","6,084","1,523","85,970","70,051","15,374","12,467","2,907",840,"2,067",545,"87,509","72,077","67,362","46,095","21,267","4,715","15,432","6,040","9,392","20,147","4,715","1,906","3,748","15,432","4,910","10,522","15,432","2,005","1,517",379,46,"11,216",269,-,"50,990","30,595","14,241","27,183","13,338","34,714","4,794","29,920",81,"27,355","2,484"
0,60657,306.0,"36,624","11,428","4,713","10,105","4,253",566,175,757,285,"25,196","17,425","2,599","4,815","4,413",1.90,2.81,"70,052","69,679","32,479","37,200","17,425",373,"69,679","36,624","10,173","9,122","1,438","12,322","3,513",96,"62,226","35,610","21,341",363,"1,221","3,691","24,853","17,056",903,32,-,586,317,2,36,-,33,48,159,6,-,-,6,-,"67,691","12,522","1,206",486,"3,143",812,"6,875","53,263",448,412,"2,451","4,319","1,809","25,441","18,383","52,403","43,824","61,614","1,304","69,904","3,651","8,540",146,"55,860","1,685","5,504","1,820","69,158","50,604","17,463","12,011","5,452","1,378","4,074","1,091","70,052","61,532","60,437","30,834","29,603","1,095","8,520","4,116","4,404","9,615","1,095","2,656",762,"8,520","4,587","3,933","8,520","2,832","3,647",162,80,"1,456",343,-,"56,600","9,644","1,932","3,258",638,"36,624","1,427","35,197",89,"33,252","1,856"
0,60644,1023.0,"16,339","9,443","4,063","2,774",933,968,409,"5,701","2,721","6,896","6,088","1,922","5,437","4,697",2.86,3.93,"47,712","46,748","38,373","8,375","6,088",964,"46,748","16,339","2,757","16,991","7,889","2,772","1,260",77,"37,130","23,231","6,803","1,158","3,006","2,932","12,500","10,680",772,670,80,627,65,63,62,48,106,13,"1,990",756,132,60,112,452,"45,814","12,937","1,106",750,"5,900","2,635","2,546","29,995","1,645","4,797","10,833","7,066","2,272","2,189","1,193","23,553","3,382","35,376","1,394","46,902","8,478","13,016",730,"28,096","4,677","5,790","3,071","47,080","38,533","8,462","7,541",921,556,365,85,"47,712","46,516","46,261","37,031","9,230",255,"1,196",408,788,"1,451",255,237,198,"1,196",582,614,"1,196",38,121,80,-,957,-,-,"41,239","2,850","1,296","2,570","1,174","16,339","5,078","11,261",53,"8,708","2,500"
0,60631,267.0,"11,921","7,283","3,024","6,147","2,595",302,84,834,345,"4,638","4,009","1,947","3,145","3,867",2.43,3.19,"29,529","29,002","23,553","5,449","4,009",527,"29,002","11,921","6,153","8,677","1,125","1,126",456,38,"24,224","7,764","12,961",216,"1,809","1,474","6,609","3,238",303,24,-,223,80,7,46,-,81,24,212,31,13,-,4,14,"28,391","6,128",496,537,"2,617",966,"1,512","22,102",473,818,"5,343","4,161","1,694","5,744","3,869","20,811","9,613","23,544","1,041","29,066","2,727","6,148",74,"17,844",964,"5,074","1,689","29,254","26,400","2,785","2,246",539,193,346,69,"29,529","25,778","25,397","22,911","2,486",381,"3,751","2,826",925,"4,132",381,329,288,"3,751",962,"2,789","3,751","2,614",654,5,16,462,-,-,"21,966","5,688","1,804","1,629",253,"11,921","1,883","10,038",54,"9,296",688
0,60643,643.0,"17,934","11,979","4,221","6,731","2,616","1,016",198,"4,232","1,407","5,955","5,471","2,479","5,365","6,766",2.76,3.50,"49,870","49,479","42,860","6,619","5,471",391,"49,479","17,934","6,705","16,614","6,663","1,563",665,37,"41,133","17,062","14,534","1,271","3,590","4,676","11,322","8,050",703,266,102,415,186,33,62,57,98,35,"1,677",587,159,27,39,362,"48,091","12,020",998,543,"4,579","3,054","2,846","34,471",820,"2,103","7,526","8,526","2,661","6,675","6,160","31,548","12,835","38,788","2,461","49,531","6,819","11,654",406,"28,938","3,339","8,939","3,074","49,304","46,384","2,802","2,530",272,54,218,118,"49,870","48,539","48,270","39,347","8,923",269,"1,331",929,402,"1,600",269,252,144,"1,331",436,895,"1,331",222,217,143,-,661,88,-,"44,665","2,071",562,"1,164",366,"17,934","2,194","15,740",39,"13,120","2,581"
0,60625,1184.0,"29,527","16,883","7,641","12,084","5,463","1,831",701,"2,968","1,477","12,644","8,909","1,861","8,394","5,120",2.60,3.34,"79,243","76,907","58,037","18,870","8,909","2,336","76,907","29,527","12,030","20,692","6,851","7,807","2,734",93,"65,410","29,304","27,989",916,"2,449","4,752","22,854","13,494","1,498",319,9,912,577,24,66,5,79,61,"1,141",257,44,32,38,143,"75,479","18,748","1,292","1,022","6,264","2,841","7,329","56,133","4,969","3,403","10,140","7,697","2,836","17,145","9,943","47,761","27,088","63,376","1,475","78,361","6,348","16,872",763,"54,361","2,937","7,128","2,648","77,762","64,760","12,111","10,060","2,051",509,"1,542",891,"79,243","52,702","51,229","35,583","15,646","1,473","26,541","12,626","13,915","28,014","1,473","4,484",978,"26,541","11,589","14,952","26,541","3,978","9,325","1,302",14,"11,870",52,-,"35,827","37,435","17,193","20,681","9,966","29,527","2,949","26,578",29,"24,104","2,445"
0,60615,345.0,"21,122","7,748","3,237","4,496","1,560",689,305,"2,563","1,372","13,374","11,227","2,966","3,651","4,986",1.93,2.92,"41,563","40,806","23,132","17,674","11,227",757,"40,806","21,122","4,506","8,258","2,133","4,787",723,34,"36,045","19,471","10,097",916,"1,741","3,820","12,522","9,173",477,215,-,349,128,23,38,-,48,30,371,94,-,7,10,77,"40,374","13,646",693,406,"2,612","1,623","8,312","28,640",357,"1,376","3,602","4,635","1,891","6,944","9,835","26,907","16,779","34,869","1,657","41,542","4,985","7,178",320,"28,342","2,594","6,022","2,071","41,152","31,400","8,733","6,680","2,053",189,"1,864","1,019","41,563","35,664","35,162","22,286","12,876",502,"5,899","1,974","3,925","6,401",502,"2,458",348,"5,899","3,962","1,937","5,899",991,"2,724",642,67,"1,177",298,-,"32,460","7,097","1,783","2,410",536,"21,122","2,304","18,818",109,"15,889","2,820"
0,60604,18.0,479,161,18,145,18,-,-,16,-,318,239,34,18,67,1.63,2.29,782,782,368,414,239,-,782,479,140,45,22,96,16,33,763,402,293,5,13,50,293,237,-,-,-,-,-,-,-,-,-,-,-,-,-,-,-,-,776,246,-,-,7,19,220,543,-,-,18,17,35,142,331,543,473,744,18,782,32,54,5,635,14,93,13,782,588,156,117,39,10,29,38,782,575,565,244,321,10,207,80,127,217,10,99,10,207,132,75,207,13,117,-,-,12,65,-,592,178,66,34,12,479,-,479,-,440,39
0,60605,161.0,"13,865","5,789","1,320","4,759","1,026",255,-,775,294,"8,076","6,380",982,"1,483","2,016",1.77,2.45,"27,519","24,491","14,242","10,249","6,380","3,028","24,491","13,865","4,738","2,723",921,"2,244","1,161",84,"25,403","12,624","10,409",386,484,"1,500","9,439","5,940",266,-,-,184,82,-,28,-,34,30,80,51,-,19,-,32,"26,892","7,280",156,152,"1,017",316,"5,639","20,949",133,367,931,"2,466",841,"7,467","8,744","20,449","16,211","25,189",955,"26,848","1,420","3,157",99,"21,122",881,"2,569",440,"27,243","18,573","8,194","5,156","3,038",834,"2,204",476,"27,519","21,910","21,578","11,474","10,104",332,"5,609","2,758","2,851","5,941",332,"1,388",195,"5,609","2,902","2,707","5,609","1,070","3,460",87,18,809,165,-,"20,694","5,988","1,183","1,067",320,"13,865",502,"13,363",-,"11,872","1,491"
0,60654,133.0,"12,068","3,159",995,"2,866",895,171,47,122,53,"8,909","7,130",453,995,865,1.57,2.52,"19,135","18,993","7,970","11,023","7,130",142,"18,993","12,068","2,853","1,741",211,"2,120","1,181",98,"17,548","10,083","6,094",31,414,926,"6,897","4,675",367,6,-,272,95,1,53,-,57,47,-,-,-,-,-,-,"18,152","1,873",239,54,219,24,"1,337","16,304",24,168,639,"1,238",316,"7,701","6,218","16,112","13,919","17,524",421,"19,135",843,"1,621",-,"16,387",702,"1,127",141,"18,710","14,068","4,355","2,525","1,830",365,"1,465",287,"19,135","16,590","16,378","8,088","8,290",212,"2,545","1,453","1,092","2,757",212,670,139,"2,545","1,510","1,035","2,545",814,"1,216",6,39,255,215,-,"15,362","2,609",571,355,60,"12,068",435,"11,633",22,"11,087",524
0,60628,929.0,"22,996","14,556","5,192","5,326","1,498","1,596",395,"7,634","3,299","8,440","7,681","3,005","7,149","8,399",2.87,3.75,"66,724","66,094","56,381","9,713","7,681",630,"66,094","22,996","5,336","23,480","11,261","3,021","1,087",47,"53,993","28,696","12,630","1,922","4,431","6,314","16,462","13,396","1,197",997,118,863,216,74,73,48,125,31,"2,778","1,030",167,82,258,523,"64,419","17,015","1,363",633,"7,040","3,874","4,105","44,306","1,584","4,990","12,424","13,562","3,382","5,073","3,291","37,732","8,364","51,211","3,074","66,458","10,540","16,313",486,"39,074","5,794","11,071","4,260","65,929","57,983","7,882","7,227",655,70,585,64,"66,724","64,998","64,774","52,337","12,437",224,"1,726",870,856,"1,950",224,231,189,"1,726",552,"1,174","1,726",98,133,279,-,"1,213",3,-,"59,491","3,080","1,238","2,203","1,020","22,996","4,263","18,733",114,"15,531","3,088"
0,60636,616.0,"11,062","6,643","2,499","2,137",725,"1,010",394,"3,496","1,380","4,419","4,051","2,398","3,405","5,003",2.88,3.88,"32,203","31,810","26,861","4,949","4,051",393,"31,810","11,062","2,128","11,159","5,840","1,621",761,69,"25,929","13,930","5,309",922,"3,450","2,318","7,213","5,901",306,237,-,239,67,40,42,-,83,21,"1,316",434,28,65,73,268,"31,197","7,550",462,450,"3,527","1,891","1,220","21,808","1,593","3,151","9,206","4,558","1,271","1,327",702,"17,064","2,029","24,761","1,069","32,185","5,095","7,947",433,"18,044","2,602","6,194","2,060","31,904","28,135","3,713","3,425",288,26,262,56,"32,203","31,050","30,960","24,012","6,948",90,"1,153",261,892,"1,243",90,74,78,"1,153",486,667,"1,153",5,-,33,-,"1,115",-,-,"28,136","2,103",945,"1,971",940,"11,062","3,641","7,421",-,"5,617","1,804"
0,60653,473.0,"14,575","6,918","3,734","2,031",927,644,266,"4,243","2,541","7,657","7,059","2,511","4,493","3,508",2.16,3.24,"31,972","31,474","22,837","8,637","7,059",498,"31,474","14,575","2,019","10,511","2,934","1,435",586,40,"24,350","13,515","4,570","1,270","1,758","3,237","9,067","7,354",403,311,87,213,103,42,44,89,56,24,733,227,30,21,45,131,"30,331","9,129",778,402,"4,179","1,776","1,994","20,564",696,"2,373","4,193","5,165","1,314","3,935","2,888","17,495","6,823","23,060","1,265","31,633","5,645","9,272",527,"18,453","2,802","3,908","2,316","31,544","26,381","5,084","4,398",686,138,548,79,"31,972","30,817","30,673","24,284","6,389",144,"1,155",627,528,"1,299",144,179,84,"1,155",524,631,"1,155",160,245,456,6,227,61,-,"27,458","1,882",379,766,185,"14,575","3,087","11,488",27,"9,887","1,574"
0,60626,869.0,"22,417","8,515","3,730","5,806","2,452",848,296,"1,861",982,"13,902","10,729","2,091","4,055","3,503",2.06,3.15,"49,730","46,255","27,356","18,899","10,729","3,475","46,255","22,417","5,809","10,185","2,277","5,567","1,682",75,"42,412","22,606","13,022",957,"1,701","4,126","14,509","9,757",470,142,-,336,134,15,32,-,44,26,389,216,40,45,-,131,"48,390","13,831",962,702,"3,611","1,699","6,857","34,419","2,162","1,905","6,419","6,230","1,621","9,428","6,654","30,352","16,082","41,401","1,481","47,995","5,199","9,255",337,"34,595","3,257","4,145","1,605","49,228","39,451","9,080","6,326","2,754",937,"1,817",697,"49,730","36,793","36,034","23,605","12,429",759,"12,937","5,342","7,595","13,696",759,"2,712",446,"12,937","7,210","5,727","12,937","2,057","2,471","2,998",21,"5,269",121,-,"30,243","16,934","6,827","8,946","3,904","22,417","2,486","19,931",69,"17,203","2,659"
0,60620,998.0,"25,239","15,422","5,044","5,099","1,421","1,759",501,"8,564","3,122","9,817","9,173","3,767","7,527","9,241",2.67,3.57,"68,096","67,432","56,608","10,824","9,173",664,"67,432","25,239","5,104","22,584","11,899","2,606",833,33,"56,138","29,141","12,068","2,217","5,638","7,074","17,073","14,111",807,763,50,633,124,54,47,21,86,17,"3,093","1,100",132,224,271,473,"66,159","16,762","1,051",862,"7,005","3,649","4,195","47,028","1,671","4,985","14,421","14,228","4,067","4,987","2,669","40,372","7,656","53,386","3,507","67,564","10,985","15,527",489,"40,446","5,535","11,591","4,961","67,387","59,211","8,110","7,404",706,166,540,66,"68,096","66,974","66,846","53,749","13,097",128,"1,122",657,465,"1,250",128,159,38,"1,122",469,653,"1,122",22,143,317,12,611,17,-,"63,051","1,482",390,915,171,"25,239","5,261","19,978",42,"14,775","5,161"
0,60612,617.0,"13,142","6,301","3,124","2,488",993,679,317,"3,134","1,814","6,841","5,310","1,570","3,646","2,693",2.45,3.49,"34,311","32,185","22,735","9,450","5,310","2,126","32,185","13,142","2,459","10,254","2,960","3,370",895,68,"27,673","17,411","5,650",761,"1,222","2,629","9,770","7,699",597,464,21,389,187,60,61,21,72,55,714,239,51,16,39,133,"32,715","10,123",640,279,"3,310","2,080","3,814","21,809",917,"2,479","5,052","4,186","1,576","4,511","3,088","18,413","7,599","26,151",789,"33,647","4,587","8,419",260,"22,109","2,578","3,119","1,749","33,838","27,152","6,356","5,058","1,298",565,733,330,"34,311","30,963","30,509","24,101","6,408",454,"3,348","1,502","1,846","3,802",454,"1,095",356,"3,348","1,846","1,502","3,348",839,"1,030",280,38,"1,112",49,-,"26,452","5,474","1,702","3,039",997,"13,142","2,362","10,780",-,"8,935","1,845"
0,60639,2816.0,"25,570","19,404","9,062","10,883","5,014","2,587","1,084","5,934","2,964","6,166","4,805","1,415","11,161","5,761",3.53,4.05,"90,517","90,204","81,818","8,386","4,805",313,"90,204","25,570","10,817","32,849","15,432","5,536","1,521",59,"69,869","31,692","27,820","2,395","2,828","5,134","23,681","14,771","1,412",756,136,"1,090",186,51,60,40,104,19,"4,215","1,219",184,273,223,539,"86,736","25,452","1,843","1,255","11,245","5,548","5,561","56,047","11,975","7,546","17,206","9,300","2,996","4,930","2,094","36,526","7,024","65,944","1,307","90,256","9,529","25,743",912,"56,501","5,651","8,012","2,966","89,404","79,569","9,249","8,458",791,254,537,586,"90,517","61,065","55,458","50,065","5,393","5,607","29,452","9,508","19,944","35,059","5,607","2,538","4,388","29,452","9,506","19,946","29,452","1,329","1,137",119,10,"26,848",9,-,"22,040","61,844","27,777","58,755","26,252","25,570","4,813","20,757",139,"17,035","3,583"
0,60649,672.0,"21,043","8,741","4,103","2,599","1,006",609,221,"5,533","2,876","12,302","11,090","2,815","5,038","5,174",2.14,3.44,"46,024","45,063","30,929","14,134","11,090",961,"45,063","21,043","2,643","14,151","4,521","2,705",826,39,"37,229","21,489","6,488","1,742","2,622","4,888","12,522","10,442",486,277,-,320,166,27,39,-,57,29,"1,196",446,52,139,154,101,"44,191","11,665",953,706,"4,396","2,501","3,109","31,405",816,"2,472","7,945","9,542","2,859","4,473","3,298","28,117","7,771","35,531","1,969","45,256","6,482","11,006",321,"28,195","3,782","6,055","2,379","45,566","37,517","7,794","6,993",801,280,521,255,"46,024","44,112","43,940","36,108","7,832",172,"1,912",943,969,"2,084",172,530,98,"1,912",949,963,"1,912",187,182,626,-,902,15,-,"40,073","2,736","1,274","1,176",647,"21,043","4,999","16,044",21,"13,272","2,751"
0,60624,751.0,"11,831","7,495","3,583","1,841",721,796,256,"4,858","2,606","4,336","3,923","1,311","4,561","3,263",2.99,3.91,"36,158","35,390","30,241","5,149","3,923",768,"35,390","11,831","1,858","13,921","6,059","1,721",487,41,"26,848","17,017","4,574","1,081","2,051","2,125","9,449","8,078",607,572,55,499,53,71,64,40,123,13,"1,402",470,37,52,67,314,"34,177","10,258",827,671,"5,033","2,234","1,493","21,220","1,433","4,114","7,267","5,304","1,261","1,263",578,"15,673","1,841","25,134",784,"35,804","6,651","11,585",725,"20,303","3,854","3,916","2,072","35,626","29,712","5,908","5,402",506,207,299,6,"36,158","35,406","35,306","29,811","5,495",100,752,100,652,852,100,104,75,752,340,412,752,21,61,-,-,670,-,-,"31,191","1,691",761,"1,547",744,"11,831","3,410","8,421",49,"6,817","1,555"
0,60637,554.0,"19,232","9,546","4,861","3,025","1,188",798,314,"5,723","3,359","9,686","8,544","2,655","5,690","4,521",2.28,3.29,"47,454","43,902","32,389","11,513","8,544","3,552","43,902","19,232","3,021","14,480","4,387","2,782","1,013",53,"37,977","23,857","7,163",992,"1,948","4,017","14,233","12,226",574,458,26,449,99,37,40,10,69,20,"1,033",505,84,113,106,202,"45,625","17,161",981,700,"4,852","2,764","7,864","27,943",877,"2,907","6,017","7,154","1,630","3,923","5,435","24,159","9,358","35,902","1,332","47,213","6,857","13,203",560,"28,614","3,817","5,396","2,480","47,023","38,055","8,198","6,015","2,183",325,"1,858",770,"47,454","44,215","44,003","33,140","10,863",212,"3,239","1,234","2,005","3,451",212,"1,487",142,"3,239","2,032","1,207","3,239",518,"1,459",494,75,627,66,-,"39,744","4,528","1,230","1,140",408,"19,232","4,024","15,208",10,"12,732","2,466"
0,60613,341.0,"26,449","8,206","3,464","6,837","2,826",688,272,681,366,"18,243","13,185","2,280","3,495","3,489",1.88,2.80,"50,113","49,811","23,476","26,335","13,185",302,"49,811","26,449","6,859","6,667","1,220","8,616","2,654",100,"44,925","25,388","14,738",523,"1,057","3,219","16,781","11,490",768,128,-,512,256,11,46,-,46,48,97,-,-,-,-,-,"48,190","8,459",628,319,"2,051",862,"4,599","38,273",607,703,"2,998","3,911","1,550","17,375","11,129","36,963","28,504","44,308","1,141","49,882","3,570","5,870",58,"39,741","1,988","4,271","1,524","49,293","37,393","11,345","8,353","2,992",935,"2,057",555,"50,113","42,728","41,612","21,768","19,844","1,116","7,385","3,969","3,416","8,501","1,116","1,594",843,"7,385","3,379","4,006","7,385","1,971","2,656",757,29,"1,763",209,-,"37,594","9,964","2,905","3,850","1,159","26,449","1,618","24,831",64,"23,175","1,592"
0,60602,11.0,602,420,101,420,101,-,-,-,-,182,150,-,101,-,1.97,2.32,"1,244","1,187",973,214,150,57,"1,187",602,410,143,-,32,32,53,"1,096",255,832,6,-,3,489,82,-,-,-,-,-,-,-,-,-,-,-,-,-,-,-,-,"1,188",305,-,-,87,-,218,987,-,-,-,51,-,578,358,987,936,"1,095",-,"1,244",2,161,1,"1,078",1,5,-,"1,244",735,491,321,170,44,126,18,"1,244","1,082","1,082",488,594,-,162,16,146,162,-,104,-,162,133,29,162,28,67,2,-,59,6,-,815,368,73,119,47,602,-,602,-,434,168
0,60707,179.0,"15,626","10,348","4,230","7,046","2,870",877,317,"2,425","1,043","5,278","4,705","2,053","4,905","5,079",2.74,3.48,"43,019","42,801","36,599","6,202","4,705",218,"42,801","15,626","7,016","13,454","5,166","1,539",636,41,"35,389","12,833","15,474",853,"2,301","3,928","10,488","6,336",211,76,-,179,32,12,20,-,44,6,"1,188",428,-,15,20,393,"41,728","10,611",637,561,"4,375","2,004","3,034","29,881","2,288","2,354","8,229","6,596","2,493","5,228","2,693","25,239","7,921","33,706","1,627","42,797","4,815","9,884",262,"26,290","2,134","6,623","2,419","42,747","38,911","3,734","3,242",492,117,375,102,"43,019","32,562","31,115","27,150","3,965","1,447","10,457","6,437","4,020","11,904","1,447",860,"1,138","10,457","3,225","7,232","10,457","4,580","1,431",34,11,"4,366",35,-,"21,173","19,554","6,753","11,988","3,397","15,626","2,208","13,418",57,"11,839","1,522"
0,60607,408.0,"12,823","4,464","1,703","3,613","1,249",320,162,531,292,"8,359","5,639",603,"1,733","1,199",2.02,2.81,"29,591","25,915","12,857","13,058","5,639","3,676","25,915","12,823","3,644","3,830",616,"5,002","1,250",97,"26,539","16,340","7,721",196,446,"1,836","11,269","8,151",352,-,-,213,139,-,31,-,31,44,138,6,-,6,-,-,"28,642","10,017",517,137,"1,091",456,"7,816","19,600",314,458,"1,472","1,643",594,"7,762","7,357","18,828","15,119","26,221",570,"29,273","1,787","4,397",104,"23,327","1,127","1,549",556,"29,267","20,451","8,083","4,786","3,297","1,201","2,096",733,"29,591","24,268","24,040","15,739","8,301",228,"5,323","1,738","3,585","5,551",228,"2,282",85,"5,323","3,888","1,435","5,323",592,"3,866",272,-,475,118,-,"21,259","6,672","1,667","1,310",309,"12,823",606,"12,217",19,"11,523",675
0,60621,488.0,"10,900","5,837","2,841","1,116",374,813,355,"3,908","2,112","5,063","4,590","1,871","3,562","3,272",2.61,3.74,"29,042","28,402","22,696","5,706","4,590",640,"28,402","10,900","1,119","10,006","4,852","1,525",681,62,"22,436","13,797","2,947",898,"2,096","2,698","7,333","6,509",483,413,47,362,74,63,66,52,98,27,879,338,12,53,84,189,"27,836","7,517",707,504,"3,141","1,685","1,480","18,283","1,079","2,973","6,381","5,078","1,143","1,166",463,"14,231","1,629","21,232",905,"28,600","5,760","8,159",456,"16,741","3,407","3,700","1,897","28,601","23,688","4,885","4,511",374,127,247,28,"29,042","28,264","28,157","23,182","4,975",107,778,273,505,885,107,108,11,778,302,476,778,4,55,226,-,493,-,-,"25,370","1,168",408,860,282,"10,900","3,210","7,690",13,"5,160","2,517"
0,60630,692.0,"20,952","13,682","5,631","10,304","4,419",972,266,"2,406",946,"7,270","6,145","2,379","6,174","6,115",2.73,3.42,"57,344","57,103","48,100","9,003","6,145",241,"57,103","20,952","10,284","16,766","6,032","3,069","1,194",57,"46,989","15,735","23,122",770,"3,093","4,269","13,222","6,942",687,208,-,392,295,30,52,-,74,44,"1,693",151,19,53,19,60,"55,308","13,231","1,032",691,"5,417","2,313","3,778","41,564","2,634","2,074","11,084","7,375","3,090","9,847","5,460","36,856","15,307","45,424","1,917","57,144","5,722","12,443",299,"36,133","2,255","8,568","3,168","56,603","51,255","5,175","4,283",892,319,573,173,"57,344","40,088","38,745","33,704","5,041","1,343","17,256","11,155","6,101","18,599","1,343","1,955",985,"17,256","5,987","11,269","17,256","6,259","5,041",638,6,"5,251",61,-,"27,504","26,313","11,080","11,408","4,022","20,952","2,328","18,624",142,"17,101","1,381"
0,60611,123.0,"20,726","7,112","1,048","6,420",875,300,90,392,83,"13,614","11,922","2,279","1,048","5,117",1.54,2.26,"32,426","31,967","16,206","15,761","11,922",459,"31,967","20,726","6,435","2,121",438,"2,247","1,029",50,"30,901","13,148","13,733",182,"1,086","2,752","9,253","6,463",290,-,-,91,199,-,31,-,15,71,11,-,-,-,-,-,"31,716","4,442",163,113,495,169,"3,502","27,995",67,115,"1,088","2,424",816,"10,546","12,939","27,813","23,485","30,788","1,013","32,426","2,318","1,763",10,"23,584",765,"7,079","1,543","32,153","24,293","6,774","3,711","3,063",749,"2,314","1,086","32,426","25,312","24,953","11,888","13,065",359,"7,114","3,071","4,043","7,473",359,"2,705",245,"7,114","4,130","2,984","7,114","1,450","4,237",233,61,869,264,-,"23,579","7,955","1,391","1,270",253,"20,726",387,"20,339",36,"18,487","1,816"
0,60646,335.0,"10,904","7,183","2,986","5,890","2,421",356,177,937,388,"3,721","3,491","2,057","3,109","4,123",2.55,3.24,"27,987","27,757","23,748","4,009","3,491",230,"27,757","10,904","5,894","9,140","1,043",776,357,33,"22,859","6,505","12,511",292,"1,720","1,831","6,109","2,950",343,49,-,296,47,17,56,-,137,15,287,107,51,11,16,29,"27,038","6,324",697,449,"2,476","1,372","1,330","20,377",484,914,"3,947","3,638",953,"6,271","4,170","18,979","10,441","21,987","1,111","27,799","2,917","6,352",310,"15,875",783,"5,572","1,824","27,689","26,212","1,434","1,186",248,31,217,43,"27,987","22,356","22,055","19,230","2,825",301,"5,631","4,218","1,413","5,932",301,260,133,"5,631","1,360","4,271","5,631","2,487","2,068",73,-,"1,001",2,-,"17,847","8,338","3,170","2,658",568,"10,904","1,218","9,686",105,"8,881",700
0,60616,386.0,"24,417","10,617","4,081","6,840","2,662",909,131,"2,868","1,288","13,800","11,411","3,176","4,661","6,373",2.12,3.13,"54,464","51,779","34,095","17,684","11,411","2,685","51,779","24,417","6,839","11,334","4,483","4,706","1,431",59,"47,567","22,529","16,625",836,"3,280","4,297","15,285","10,165",553,111,9,419,125,11,36,7,53,20,968,180,57,35,-,88,"53,157","13,849",987,404,"3,425","1,663","7,370","40,885","4,660","2,632","8,207","6,377","1,843","9,160","8,006","33,593","17,166","46,237","1,143","53,628","5,105","8,767",205,"36,724","2,132","8,137","2,768","53,974","44,490","8,212","5,828","2,384",737,"1,647","1,272","54,464","34,119","32,792","25,242","7,550","1,327","20,345","9,945","10,400","21,672","1,327","6,123",682,"20,345","11,703","8,642","20,345","1,046","16,746",639,126,"1,470",318,-,"28,167","23,840","13,708","2,707",748,"24,417","2,982","21,435",51,"19,579","1,805"
0,60660,362.0,"20,676","7,770","2,641","5,458","1,824",768,256,"1,544",561,"12,906","10,358","2,578","2,857","4,455",1.94,2.90,"43,242","40,013","23,183","16,830","10,358","3,229","40,013","20,676","5,447","7,279","2,065","4,546","1,629",79,"38,903","20,405","12,366",550,"1,912","3,670","12,778","8,856",368,78,-,288,80,9,29,-,41,19,253,72,40,17,8,7,"42,066","9,908",625,282,"1,961",963,"6,077","33,145","1,773","1,719","5,652","5,154","1,730","9,816","7,301","29,653","17,117","38,197","1,115","42,703","5,238","5,762",147,"31,447","2,574","5,494","2,517","42,870","34,246","7,937","5,605","2,332",630,"1,702",687,"43,242","30,310","29,650","17,680","11,970",660,"12,932","6,729","6,203","13,592",660,"2,608",417,"12,932","5,916","7,016","12,932","2,666","4,758","1,266",17,"4,097",128,-,"24,667","16,684","7,378","6,782","2,897","20,676","2,144","18,532",43,"16,267","2,222"
0,60601,67.0,"8,864","3,100",566,"2,974",520,80,-,46,46,"5,764","4,949","1,134",566,"1,678",1.58,2.25,"14,675","14,040","6,992","7,048","4,949",635,"14,040","8,864","2,922",917,41,"1,296",317,36,"13,969","5,952","6,237",145,561,"1,074","4,997","2,764",109,-,-,109,-,-,22,-,41,-,-,-,-,-,-,-,"14,281","2,794",216,-,96,151,"2,331","12,153",-,-,354,"1,302",379,"4,690","5,428","12,153","10,118","13,831",275,"14,647",942,"1,191",63,"11,381",557,"2,075",322,"14,562","9,616","3,974","2,570","1,404",96,"1,308",972,"14,675","9,587","9,383","4,067","5,316",204,"5,088","1,575","3,513","5,292",204,"2,981",204,"5,088","3,651","1,437","5,088","1,359","2,563",101,40,855,170,-,"9,083","5,042",785,961,101,"8,864",475,"8,389",-,"6,994","1,395"
0,60609,1517.0,"20,603","13,168","6,945","6,855","3,714","1,754",645,"4,559","2,586","7,435","6,065","2,752","7,867","5,447",2.96,3.79,"61,495","61,077","51,535","9,542","6,065",418,"61,077","20,603","6,769","22,808","7,197","3,700","1,645",80,"47,399","23,013","16,083","1,702","3,231","3,370","15,436","10,233",850,528,40,570,240,52,55,19,76,41,"1,746",469,131,156,53,129,"58,721","16,894","1,067",898,"7,677","3,579","3,673","38,005","5,680","4,110","15,538","5,660","1,867","3,307","1,843","28,215","5,150","44,895","1,268","61,304","6,047","17,489",561,"37,005","3,364","6,810","2,122","60,720","54,135","6,271","5,509",762,303,459,314,"61,495","44,784","44,192","38,530","5,662",592,"16,711","5,281","11,430","17,303",592,"1,677",272,"16,711","6,088","10,623","16,711",319,"2,781",102,-,"13,461",48,-,"26,283","30,392","13,999","26,413","11,868","20,603","4,711","15,892",49,"13,943","1,900"
0,60632,2665.0,"24,918","19,729","10,768","12,998","7,230","2,560","1,204","4,171","2,334","5,189","4,294","1,963","12,406","6,245",3.64,4.08,"91,039","90,736","83,813","6,923","4,294",303,"90,736","24,918","12,693","36,066","12,058","5,001","1,974",79,"68,809","28,976","30,571","2,041","3,453","3,768","23,901","13,869","1,445",724,91,895,459,52,60,24,86,47,"3,879",856,211,135,97,413,"86,897","27,016","1,321","1,718","12,207","6,356","5,414","54,486","12,357","6,049","20,482","7,279","2,724","4,322","1,273","36,080","5,595","64,140",939,"90,777","6,136","28,184",625,"54,054","3,043","8,539","2,468","89,868","84,574","4,996","4,518",478,168,310,298,"91,039","53,820","52,230","48,977","3,253","1,590","37,219","14,012","23,207","38,809","1,590","2,383","1,139","37,219","11,687","25,532","37,219","1,856","3,792",150,-,"31,414",7,-,"12,796","71,195","31,260","63,830","26,597","24,918","4,727","20,191",92,"17,571","2,528"
0,60623,2871.0,"25,005","18,393","9,547","8,390","4,253","2,468","1,007","7,535","4,287","6,612","5,347","1,912","11,462","5,797",3.42,4.00,"85,979","85,565","76,909","8,656","5,347",414,"85,565","25,005","8,328","34,899","11,879","5,454","2,380",95,"64,138","35,050","20,198","2,220","2,840","3,830","22,900","16,369","1,207",793,112,823,272,48,53,31,83,29,"3,273","1,041",163,213,241,424,"82,074","26,396","2,014","1,628","12,025","6,014","4,715","50,229","12,157","8,395","14,030","8,299","2,405","3,650","1,293","29,677","4,943","59,592","1,072","85,753","9,046","27,881","1,085","50,167","4,809","7,705","3,152","84,823","77,540","7,187","6,726",461,182,279,96,"85,979","60,250","58,898","51,881","7,017","1,352","25,729","6,773","18,956","27,081","1,352","1,684",760,"25,729","7,841","17,888","25,729",43,79,68,24,"25,508",7,-,"30,893","48,285","22,387","47,944","22,334","25,005","7,151","17,854",25,"14,508","3,321"
0,60608,1475.0,"25,627","14,647","6,304","8,426","3,458","1,750",748,"4,471","2,098","10,980","8,024","2,015","7,192","5,647",2.68,3.52,"79,205","68,753","52,946","15,807","8,024","10,452","68,753","25,627","8,365","21,371","7,120","6,270","2,250",88,"66,512","36,593","20,776","2,337","2,411","4,395","20,124","13,741",938,406,36,580,322,30,47,18,52,46,"1,946",365,151,59,15,140,"76,910","18,577","1,462",923,"6,968","2,965","6,259","53,769","8,108","7,942","12,969","7,802","2,647","9,276","5,025","37,719","14,301","64,295","1,432","69,864","7,177","15,541",360,"46,698","3,835","7,625","2,982","78,361","64,883","12,937","10,971","1,966",695,"1,271",541,"79,205","56,549","55,221","46,879","8,342","1,328","22,656","10,394","12,262","23,984","1,328","2,472",950,"22,656","7,458","15,198","22,656",601,"6,555",181,13,"15,194",112,-,"33,182","41,837","17,422","32,431","12,295","25,627","4,393","21,234",37,"18,685","2,512"
0,60619,816.0,"26,234","12,714","4,854","4,096","1,152","1,573",551,"7,045","3,151","13,520","12,110","4,508","6,438","8,757",2.33,3.47,"61,258","61,054","45,528","15,526","12,110",204,"61,054","26,234","4,127","18,828","8,423","3,442","1,180",45,"50,398","26,542","9,961","2,107","4,605","7,183","13,979","11,389",906,769,58,789,59,68,65,36,131,9,"2,072",778,109,165,71,433,"59,109","14,373","1,244",675,"5,604","2,942","3,908","43,190","1,131","3,895","12,064","12,851","3,418","5,900","3,931","38,164","9,831","48,254","2,953","61,181","10,913","13,532",791,"37,301","5,785","10,348","4,337","60,418","51,950","8,324","7,557",767,107,660,144,"61,258","60,068","59,785","48,873","10,912",283,"1,190",770,420,"1,473",283,358,87,"1,190",382,808,"1,190",30,115,596,-,449,-,-,"55,385","1,962",485,879,169,"26,234","5,762","20,472",68,"16,190","4,214"
0,60656,233.0,"12,088","7,356","2,663","5,803","2,079",538,131,"1,015",453,"4,732","4,169","1,550","2,776","3,423",2.28,2.95,"27,579","27,553","22,066","5,487","4,169",26,"27,553","12,088","5,785","6,896","1,650","1,134",433,36,"23,306","7,183","12,451",452,"1,259","1,961","6,365","2,719",377,39,-,284,93,14,59,-,98,31,212,51,-,36,15,-,"26,427","5,001",477,312,"1,889",975,"1,348","21,153",995,944,"5,229","4,334","1,562","5,668","2,421","19,214","8,089","22,632",989,"27,579","3,009","5,133",126,"17,809","1,225","4,637","1,658","27,164","24,130","2,768","2,277",491,92,399,266,"27,579","17,864","17,319","14,970","2,349",545,"9,715","5,502","4,213","10,260",545,"2,023",423,"9,715","5,071","4,644","9,715","5,986","2,456",555,-,687,31,-,"13,653","12,229","5,314","2,086",640,"12,088","1,874","10,214",73,"9,267",874
0,60633,111.0,"4,682","2,968","1,093","1,780",737,262,121,926,235,"1,714","1,511",475,"1,294","1,175",2.69,3.46,"12,871","12,583","10,532","2,051","1,511",288,"12,583","4,682","1,777","4,311","1,214",599,303,65,"10,556","4,443","3,921",470,723,999,"2,723","1,725",136,88,-,113,23,51,50,-,110,18,248,101,58,14,22,7,"12,201","3,065",146,138,"1,122",830,829,"8,683",619,510,"3,272","2,215",771,832,464,"7,554","1,296","10,040",545,"12,584","1,011","3,094",20,"7,915",488,"1,575",503,"12,625","11,059","1,549","1,296",253,113,140,17,"12,871","10,969","10,860","8,791","2,069",109,"1,902","1,068",834,"2,011",109,75,109,"1,902",546,"1,356","1,902",75,124,71,-,"1,632",-,-,"7,724","4,257","1,257","3,865","1,194","4,682",783,"3,899",8,"3,392",499
0,60651,1463.0,"19,653","13,851","5,996","6,367","2,770","1,413",365,"6,071","2,861","5,802","5,001","1,428","7,957","5,390",3.20,3.90,"63,218","62,975","55,836","7,139","5,001",243,"62,975","19,653","6,319","21,658","12,138","3,207","1,229",63,"49,210","25,007","15,469","1,266","2,940","4,528","17,089","12,332","1,105",713,70,846,189,58,65,30,110,27,"3,080",958,77,232,166,483,"60,424","16,951","1,206",925,"7,465","4,203","3,152","39,140","4,574","5,023","12,740","8,530","2,770","3,721","1,782","29,543","5,503","45,889","1,448","63,199","9,285","18,027",539,"37,952","5,042","7,220","3,704","62,089","53,434","8,543","8,068",475,255,220,112,"63,218","54,377","51,298","41,774","9,524","3,079","8,841","2,231","6,610","11,920","3,079",831,"2,413","8,841","3,705","5,136","8,841",144,322,83,-,"8,292",-,-,"36,168","22,270","8,623","21,509","8,507","19,653","4,352","15,301",32,"11,756","3,513"
0,60610,227.0,"23,269","6,833","2,273","4,884","1,062",648,416,"1,301",795,"16,436","13,445","3,101","2,448","4,715",1.60,2.45,"39,019","37,273","17,094","20,179","13,445","1,746","37,273","23,269","4,898","4,046",991,"4,069","2,089",90,"35,895","20,512","10,343",295,"1,414","3,331","13,496","10,353",475,212,23,119,333,20,35,33,13,92,120,54,24,-,-,30,"37,778","6,086",514,72,903,670,"3,927","31,637",307,908,"2,252","3,357","1,079","13,387","10,347","30,422","23,734","35,454",907,"38,716","2,987","3,925",11,"28,933","1,527","5,858","1,449","38,510","28,767","9,140","6,182","2,958",866,"2,092",603,"39,019","33,887","33,207","18,121","15,086",680,"5,132","2,667","2,465","5,812",680,"1,639",461,"5,132","2,626","2,506","5,132","1,383","2,393",263,59,759,275,-,"31,573","5,601","1,245","1,639",257,"23,269","1,560","21,709",30,"19,814","1,865"
0,60603,7.0,564,210,31,199,31,6,-,5,-,354,242,12,31,74,1.73,2.34,"1,174",975,491,484,242,199,975,564,202,74,5,130,37,66,"1,118",561,437,7,5,108,407,309,5,5,-,5,-,16,12,-,27,-,-,-,-,-,-,-,"1,161",493,-,-,43,-,450,767,-,-,-,25,7,309,426,767,735,"1,118",20,"1,174",86,140,18,922,63,112,5,"1,169",824,297,104,193,82,111,48,"1,174",859,810,390,420,49,315,127,188,364,49,111,44,315,188,127,315,22,254,-,-,27,12,-,835,326,68,81,-,564,-,564,-,535,29
0,60618,1077.0,"35,091","20,757","10,218","15,602","7,891","1,573",595,"3,582","1,732","14,334","9,618","2,147","11,011","6,100",2.68,3.38,"94,395","94,027","72,619","21,408","9,618",368,"94,027","35,091","15,555","26,645","7,101","9,635","3,112",89,"76,005","33,050","34,085","1,252","3,012","4,606","25,845","13,930","1,248",178,-,797,451,13,48,-,64,39,"1,522",244,28,16,46,154,"90,142","21,592","1,991","1,177","9,088","3,420","5,916","66,938","6,117","3,888","12,050","9,985","3,529","19,707","11,662","56,933","31,369","73,861","1,962","94,069","6,416","21,351",410,"64,319","3,295","8,399","2,711","93,109","80,567","11,872","10,019","1,853",476,"1,377",670,"94,395","70,120","67,857","50,465","17,392","2,263","24,275","10,136","14,139","26,538","2,263","3,339","1,816","24,275","8,517","15,758","24,275","4,012","4,078",480,22,"15,481",202,-,"47,947","39,532","17,030","30,157","13,451","35,091","3,135","31,956",312,"28,818","2,826"
0,60606,45.0,"2,084",591,91,550,69,22,22,19,-,"1,493","1,227",195,91,355,1.49,2.19,"3,101","3,101","1,325","1,776","1,227",-,"3,101","2,084",563,114,26,314,194,93,"3,000","1,496","1,209",-,36,259,"1,227",864,30,-,-,-,30,-,24,-,-,57,-,-,-,-,-,-,"3,044",211,-,21,23,-,167,"2,861",-,21,51,81,43,"1,402","1,263","2,840","2,665","2,988",88,"3,089",59,101,-,"2,557",59,431,-,"3,065","2,039",880,446,434,13,421,146,"3,101","2,370","2,320",931,"1,389",50,731,395,336,781,50,221,50,731,440,291,731,116,400,45,-,134,36,-,"2,365",679,143,116,76,"2,084",-,"2,084",-,"1,999",85
0,60659,635.0,"13,193","9,004","4,318","6,316","3,148","1,010",308,"1,678",862,"4,189","3,179",706,"4,785","2,985",3.08,3.75,"41,068","40,608","34,608","6,000","3,179",460,"40,608","13,193","6,297","13,769","4,739","2,610",713,54,"32,362","12,483","15,090",902,"1,402","2,485","9,947","5,243",576,140,47,355,174,27,58,48,76,41,"1,246",205,88,24,40,53,"39,393","11,084",534,518,"4,675","2,240","3,117","26,969","3,011","1,850","6,280","4,302","1,819","6,148","3,559","22,108","9,707","30,914",526,"40,766","4,379","10,599",257,"25,768","2,449","4,399","1,673","40,427","37,059","2,902","2,360",542,96,446,466,"41,068","21,888","20,836","17,035","3,801","1,052","19,180","10,172","9,008","20,232","1,052","4,419",457,"19,180","9,743","9,437","19,180","2,894","11,453","1,446",-,"3,361",26,-,"13,935","24,286","11,548","5,927","2,588","13,193","1,260","11,933",10,"10,510","1,413"
0,60617,987.0,"28,188","18,795","7,957","8,674","3,653","2,073",772,"8,048","3,532","9,393","8,181","3,362","9,939","9,627",2.92,3.63,"82,534","82,264","70,909","11,355","8,181",270,"82,264","28,188","8,636","30,956","9,920","4,564","1,101",39,"65,512","31,653","19,090","2,372","5,399","6,998","20,838","15,611",987,762,42,805,140,49,47,12,93,16,"2,646",906,217,143,99,447,"79,470","22,868","1,623","1,033","9,703","5,836","4,673","52,601","5,925","4,990","17,343","12,427","3,513","5,663","2,740","41,686","8,403","61,162","3,003","82,458","11,942","22,394",809,"47,273","6,077","12,791","5,056","81,624","72,838","8,614","7,748",866,308,558,172,"82,534","70,338","69,351","59,027","10,324",987,"12,196","5,392","6,804","13,183",987,777,684,"12,196","3,410","8,786","12,196",592,163,874,-,"10,555",12,-,"50,174","27,255","9,728","24,769","8,817","28,188","5,958","22,230",63,"19,932","2,235"
0,60642,138.0,"9,263","3,427","1,236","2,558",864,242,35,627,337,"5,836","3,407",514,"1,331","1,096",2.17,2.93,"20,201","20,144","10,299","9,845","3,407",57,"20,144","9,263","2,568","2,532","1,513","4,268","1,185",128,"18,083","10,579","5,484",236,407,"1,377","7,483","5,190",239,4,-,193,46,1,32,-,37,22,210,53,-,-,-,53,"19,502","3,402",249,119,857,305,"1,872","16,347",875,278,"1,047","1,993",506,"7,389","4,259","15,194","11,648","17,870",343,"20,201",909,"2,409",9,"16,470",550,"1,322",350,"19,953","15,113","4,678","3,677","1,001",182,819,162,"20,201","17,374","16,939","10,722","6,217",435,"2,827","1,349","1,478","3,262",435,575,410,"2,827","1,197","1,630","2,827",582,719,146,37,"1,285",58,-,"14,837","4,365","1,633","2,888","1,335","9,263",596,"8,667",8,"8,032",627
