,zipcode,D1. AGE.Total population,D1. AGE.Under 5 years,D1. AGE.5 to 9 years,D1. AGE.10 to 14 years,D1. AGE.15 to 19 years,D1. AGE.20 to 24 years,D1. AGE.25 to 34 years,D1. AGE.35 to 44 years,D1. AGE.45 to 54 years,D1. AGE.55 to 59 years,D1. AGE.60 to 64 years,D1. AGE.65 to 74 years,D1. AGE.75 to 84 years,D1. AGE.85 years and over,D1. AGE.Median age in years,D1. AGE.5 years and over,D1. AGE.15 years and over,D1. AGE.Under 18 years of age,D1. AGE.18 years and over,D1. AGE.21 years and over,D1. AGE.25 years and over,D1. AGE.62 years and over,D1. AGE.65 years and over,D2. AGE AND SEX.Total population,D2. AGE AND SEX.Male,D2. AGE AND SEX.18 years old and over,D2. AGE AND SEX.65 years old and over,D2. AGE AND SEX.Female,D2. AGE AND SEX.18 years old and over,D2. AGE AND SEX.65 years old and over,D3. RACE.Total population,D3. RACE.One race,D3. RACE.White alone,D3. RACE.Black or African American,D3. RACE.American Indian and Alaska Native,D3. RACE.Asian,D3. RACE.Native Hawaiian and Other Pacific Islander,D3. RACE.Some other race,D3. RACE.Two or more races,D3. RACE.White (alone or in combination),D3. RACE.Black (alone or in combination),D3. RACE.American Indian (alone or in combination),D3. RACE.Asian (alone or in combination),D3. RACE.Native Hawaiian (alone or in combination),D3. RACE.Some other race (alone or in combination),D4. HISPANIC OR LATINO (ANY RACE).Total population,D4. HISPANIC OR LATINO (ANY RACE).Hispanic or Latino of any race,D4. HISPANIC OR LATINO (ANY RACE).Not Hispanic or Latino,D4. HISPANIC OR LATINO (ANY RACE).White alone,D4. HISPANIC OR LATINO (ANY RACE).Black or African American alone,D4. HISPANIC OR LATINO (ANY RACE).American Indian and Alaska Native alone,D4. HISPANIC OR LATINO (ANY RACE).Asian alone,D4. HISPANIC OR LATINO (ANY RACE).Native Hawaiian and Other Pacific Islander alone
0,10001,"22,924",472,526,712,"1,161","2,068","5,810","3,219","2,978","1,153","1,425","1,593","1,348",459,36.7,-,"21,214","1,983","20,941","19,768","17,985","4,231","3,400","22,924","11,671","10,763","1,448","11,253","10,178","1,952","22,924","22,326","14,422","1,413",36,"5,774",20,661,598,"14,957","1,687",271,"6,048",24,713,"22,924","3,246","19,678","12,182","1,289",36,"5,731",20
0,10002,"74,993","2,637","2,640","2,824","2,969","4,763","13,764","9,042","10,284","4,882","5,378","7,711","5,125","2,974",43.6,-,"66,892","9,965","65,028","63,375","59,160","18,667","15,810","74,993","36,230","31,025","6,733","38,763","34,003","9,077","74,993","72,085","24,168","6,283",680,"31,089",24,"9,841","2,908","26,735","7,645","1,083","32,199",120,"10,233","74,993","20,390","54,603","16,472","5,249",329,"30,847",24
0,10003,"54,682","1,767",926,670,"7,496","5,587","13,818","7,578","4,904","2,683","2,820","3,440","2,134",859,32.3,-,"51,319","3,877","50,805","42,051","38,236","8,250","6,433","54,682","27,503","25,163","2,992","27,179","25,642","3,441","54,682","53,420","41,511","3,178",88,"7,373",55,"1,215","1,262","42,585","3,491",132,"8,143",256,"1,436","54,682","4,506","50,176","38,521","2,961",56,"7,366",55
0,10004,"3,028",125,51,117,80,108,786,571,638,137,187,167,33,28,37.1,-,"2,735",345,"2,683","2,648","2,547",374,228,"3,028","1,267","1,112",73,"1,761","1,571",155,"3,028","2,932","1,902",51,-,922,17,40,96,"1,997",67,5,996,18,41,"3,028",112,"2,916","1,834",47,-,899,17
0,10005,"8,831",522,302,176,199,"1,046","3,508","1,921",731,279,35,84,28,-,30.1,-,"7,831","1,107","7,724","7,579","6,586",115,112,"8,831","4,003","3,509",29,"4,828","4,215",83,"8,831","8,408","6,484",221,-,"1,497",-,206,423,"6,785",327,14,"1,823",-,309,"8,831",608,"8,223","6,132",219,-,"1,497",-
0,10006,"3,454",251,116,68,14,300,"1,439",680,260,200,110,16,-,-,31.8,-,"3,019",449,"3,005","3,005","2,705",43,16,"3,454","1,633","1,416",16,"1,821","1,589",-,"3,454","3,269","2,411",36,-,687,-,135,185,"2,596",71,-,801,-,190,"3,454",414,"3,040","2,183",36,-,687,-
0,10007,"7,023",539,526,296,116,223,"1,611","1,444","1,271",305,258,358,61,15,36.0,-,"5,662","1,412","5,611","5,520","5,323",510,434,"7,023","4,118","3,254",334,"2,905","2,357",100,"7,023","6,718","5,421",332,-,826,-,139,305,"5,701",387,43,"1,063",-,177,"7,023",580,"6,443","5,056",294,-,826,-
0,10009,"57,925","1,463","1,430","2,108","2,011","5,671","14,917","7,765","6,853","3,503","3,367","5,333","2,161","1,343",37.1,-,"52,924","6,448","51,477","50,467","45,242","10,661","8,837","57,925","26,519","23,167","3,468","31,406","28,310","5,369","57,925","55,855","35,817","5,431",71,"7,512",-,"7,024","2,070","37,689","6,539",504,"8,378",39,"7,190","57,925","14,347","43,578","29,677","4,936",38,"7,428",-
0,10010,"33,730","1,699",997,870,"1,761","3,076","8,774","5,201","3,673","1,855","1,101","2,894","1,165",664,34.7,-,"30,164","3,910","29,820","27,731","25,327","5,414","4,723","33,730","17,370","15,469","2,312","16,360","14,351","2,411","33,730","32,992","24,684","1,784",230,"5,859",-,435,738,"25,305","2,108",405,"6,279",46,532,"33,730","3,703","30,027","21,570","1,728",230,"5,773",-
0,10011,"50,472","1,546","1,352","1,087","1,235","2,826","12,374","8,168","6,202","3,968","3,548","4,570","2,603",993,40.6,-,"46,487","4,683","45,789","44,862","42,426","10,243","8,166","50,472","26,058","23,617","3,769","24,414","22,172","4,397","50,472","48,716","40,331","2,819",56,"4,627",5,878,"1,756","41,915","3,582",339,"5,559",5,941,"50,472","5,704","44,768","36,075","2,382",-,"4,627",5
0,10012,"23,411",822,393,396,642,"2,727","7,376","3,381","2,467",777,"1,108","2,216",759,347,33.9,-,"21,800","1,978","21,433","20,868","18,431","4,000","3,322","23,411","11,579","10,557","1,445","11,832","10,876","1,877","23,411","22,413","17,411",651,42,"4,055",-,254,998,"18,383",977,225,"4,751",-,289,"23,411","1,494","21,917","16,332",596,25,"4,055",-
0,10013,"28,709","1,878","1,550",986,898,"1,916","5,431","4,906","3,398","1,553","1,741","2,248","1,165","1,039",38.0,-,"24,295","4,814","23,895","22,820","21,481","5,267","4,452","28,709","14,029","11,621","1,846","14,680","12,274","2,606","28,709","27,467","15,961","1,260",62,"9,558",-,626,"1,242","16,952","1,546",207,"10,478",24,770,"28,709","1,728","26,981","15,042","1,044",61,"9,545",-
0,10014,"30,738","1,188",608,582,529,"1,198","8,945","5,197","3,805","2,196","1,908","2,708","1,116",758,38.3,-,"28,360","2,734","28,004","27,707","26,633","5,580","4,582","30,738","15,513","14,437","2,366","15,225","13,567","2,216","30,738","29,862","27,314",336,25,"1,766",-,421,876,"28,163",529,210,"2,340",-,513,"30,738","2,047","28,691","25,787",311,-,"1,725",-
0,10016,"51,057","1,910",865,690,992,"5,384","17,363","6,237","5,227","2,841","2,126","4,032","2,186","1,204",33.5,-,"47,592","3,745","47,312","46,113","41,216","8,635","7,422","51,057","24,165","22,631","3,158","26,892","24,681","4,264","51,057","49,373","36,727","1,929",66,"9,858",19,774,"1,684","37,693","2,744",222,"10,971",19,"1,129","51,057","3,543","47,514","33,836","1,780",31,"9,748",-
0,10017,"15,801",483,186,266,303,948,"4,322","2,336","1,876",844,874,"2,265",865,233,39.7,-,"14,866","1,162","14,639","14,473","13,615","3,896","3,363","15,801","7,134","6,662","1,299","8,667","7,977","2,064","15,801","15,486","11,683",370,-,"3,352",-,81,315,"11,998",478,21,"3,603",-,81,"15,801",932,"14,869","10,825",354,-,"3,352",-
0,10018,"9,687",332,152,103,106,844,"3,897","1,929",911,406,304,419,179,105,32.8,-,"9,100",615,"9,072","8,887","8,150",845,703,"9,687","5,144","4,940",262,"4,543","4,132",441,"9,687","9,337","5,791",466,1,"2,897",-,182,350,"6,026",561,6,"3,172",72,200,"9,687","1,471","8,216","4,611",432,-,"2,867",-
0,10019,"43,703","1,245",761,620,889,"2,730","12,010","7,284","6,062","2,868","2,440","4,310","1,726",758,39.5,-,"41,077","3,124","40,579","39,763","37,458","8,514","6,794","43,703","22,413","21,189","2,827","21,290","19,390","3,967","43,703","42,214","29,663","2,553",362,"7,596",74,"1,966","1,489","30,782","3,144",557,"8,341",88,"2,415","43,703","7,328","36,375","24,786","2,331",68,"7,554",60
0,10021,"46,215","2,869","2,303","1,760",950,880,"9,328","7,170","5,498","3,076","2,131","5,205","3,712","1,333",41.0,-,"39,283","7,447","38,768","38,229","37,453","11,347","10,250","46,215","21,010","17,136","4,502","25,205","21,632","5,748","46,215","45,037","38,017",420,158,"4,333",40,"2,069","1,178","38,955",681,300,"5,154",87,"2,229","46,215","3,664","42,551","36,643",270,156,"4,333",40
0,10022,"31,125","1,093",838,575,611,966,"6,305","4,496","3,301","1,946","2,113","4,474","3,051","1,356",47.5,-,"28,619","2,759","28,366","27,874","27,042","9,780","8,881","31,125","14,113","12,656","3,863","17,012","15,710","5,018","31,125","30,490","26,028",448,62,"3,801",-,151,635,"26,476",732,115,"4,338",-,235,"31,125","1,686","29,439","24,521",373,62,"3,801",-
0,10023,"62,435","3,504","2,118","2,018","1,801","2,268","11,520","9,716","7,725","4,153","3,587","8,097","3,623","2,305",43.3,-,"54,795","8,513","53,922","52,610","50,726","15,769","14,025","62,435","27,151","23,138","5,707","35,284","30,784","8,318","62,435","61,137","49,795","2,610",48,"6,637",-,"2,047","1,298","50,915","3,088",175,"7,541",-,"2,106","62,435","6,562","55,873","45,242","2,348",48,"6,637",-
0,10024,"59,001","3,588","2,759","2,485","1,674","1,357","10,226","8,959","8,765","3,757","3,952","6,724","2,836","1,919",43.1,-,"50,169","10,106","48,895","48,190","47,138","13,450","11,479","59,001","26,607","21,483","4,580","32,394","27,412","6,899","59,001","57,343","49,026","2,287",173,"4,274",-,"1,583","1,658","50,267","2,744",607,"5,035",366,"1,899","59,001","6,420","52,581","45,305","1,731",-,"4,274",-
0,10025,"92,805","3,911","3,507","3,836","4,050","6,943","16,838","11,443","11,904","5,353","6,430","11,198","4,587","2,805",41.3,-,"81,551","13,111","79,694","76,174","70,558","22,745","18,590","92,805","41,890","35,977","7,642","50,915","43,717","10,948","92,805","88,542","59,985","11,737",606,"8,271",14,"7,929","4,263","63,435","14,041","1,734","9,441",184,"8,697","92,805","21,736","71,069","50,675","9,197",51,"8,271",14
0,10026,"39,363","2,646","1,991","1,873","1,583","2,686","8,846","5,670","5,933","2,275","1,747","2,359","1,112",642,35.1,-,"32,853","7,579","31,784","30,898","28,584","5,137","4,113","39,363","18,124","14,457","1,433","21,239","17,327","2,680","39,363","37,559","10,410","21,023",86,"2,308",29,"3,703","1,804","11,316","22,257",267,"2,765",222,"4,360","39,363","8,389","30,974","7,744","19,796",20,"2,308",-
0,10027,"64,548","3,288","3,218","2,923","5,167","8,543","13,274","8,298","7,300","3,194","2,781","3,618","2,249",695,31.0,-,"55,119","11,231","53,317","48,220","41,409","8,176","6,562","64,548","29,804","24,181","2,441","34,744","29,136","4,121","64,548","61,807","19,706","25,484",261,"6,163",5,"10,188","2,741","21,562","26,969",943,"7,093",109,"10,877","64,548","16,427","48,121","16,194","23,723",83,"6,121",5
0,10028,"47,793","1,940","1,997","1,621","1,148","1,580","12,742","6,482","5,964","2,837","2,609","4,807","2,814","1,252",38.9,-,"42,235","6,386","41,407","40,970","39,507","10,225","8,873","47,793","20,516","16,915","3,530","27,277","24,492","5,343","47,793","46,894","41,217",604,10,"4,607",-,456,899,"42,036",881,17,"5,165",16,600,"47,793","3,533","44,260","38,688",392,10,"4,506",-
0,10029,"79,597","3,644","4,373","4,921","5,305","7,045","14,413","10,701","9,341","4,532","4,617","5,290","3,690","1,725",35.1,-,"66,659","15,992","63,605","59,765","54,309","13,496","10,705","79,597","36,356","27,932","3,605","43,241","35,673","7,100","79,597","77,132","26,896","24,699",493,"7,534",97,"17,413","2,465","28,318","25,714","1,436","8,181",180,"18,436","79,597","38,122","41,475","12,310","20,558",43,"7,395",17
0,10030,"29,882","2,107","1,377","1,077","1,434","2,106","6,035","4,863","4,466","1,414","1,684","1,657",999,663,36.1,-,"25,321","5,267","24,615","23,725","21,781","4,273","3,319","29,882","13,233","10,756","1,090","16,649","13,859","2,229","29,882","27,998","5,038","18,842",21,617,123,"3,357","1,884","6,229","20,149",828,753,220,"3,918","29,882","7,655","22,227","3,217","17,098",21,536,123
0,10031,"60,254","3,190","2,445","2,613","2,998","5,539","14,258","7,957","8,395","2,850","3,461","3,462","2,333",753,34.2,-,"52,006","10,151","50,103","48,182","43,469","8,439","6,548","60,254","30,567","25,029","2,664","29,687","25,074","3,884","60,254","50,101","17,917","17,982",168,"2,380",74,"11,580","10,153","27,072","26,486","1,279","3,326",167,"12,540","60,254","30,955","29,299","10,485","14,291",61,"2,279",-
0,10032,"64,264","2,792","2,769","2,357","2,441","5,702","16,344","8,342","7,780","4,105","3,331","4,428","2,770","1,103",34.7,-,"56,346","9,361","54,903","53,202","48,203","10,102","8,301","64,264","32,163","27,544","3,311","32,101","27,359","4,990","64,264","57,022","19,122","12,373",476,"3,029",83,"21,939","7,242","22,532","14,433","5,271","3,623",186,"26,246","64,264","42,594","21,670","9,038","8,737",68,"2,888",83
0,10033,"59,607","3,606","2,852","2,723","2,969","4,154","12,703","8,538","7,023","3,763","2,954","4,669","2,695",958,35.8,-,"50,426","10,791","48,816","46,599","43,303","9,762","8,322","59,607","30,216","24,400","3,447","29,391","24,416","4,875","59,607","53,882","24,141","6,195",887,"1,316",-,"21,343","5,725","27,132","8,637","3,613","1,953",47,"24,693","59,607","40,842","18,765","14,090","2,448",20,"1,238",-
0,10034,"42,910","2,532","2,224","2,343","2,381","2,793","8,043","6,409","5,614","2,120","2,672","3,637","1,451",691,36.4,-,"35,811","8,438","34,472","33,011","30,637","7,165","5,779","42,910","20,361","16,166","2,257","22,549","18,306","3,522","42,910","40,752","16,463","4,965",191,"1,319",103,"17,711","2,158","18,045","5,989",669,"1,762",136,"18,662","42,910","29,925","12,985","8,628","2,329",11,"1,298",14
0,10035,"35,743","2,261","1,734","1,513","1,777","2,496","7,257","5,120","4,989","2,342","1,733","2,454","1,295",772,36.3,-,"30,235","6,502","29,241","28,026","25,962","5,484","4,521","35,743","17,697","14,441","1,852","18,046","14,800","2,669","35,743","33,987","7,246","14,580",310,"1,755",36,"10,060","1,756","8,334","15,618",657,"2,281",108,"10,720","35,743","15,935","19,808","3,638","13,227",52,"1,583",36
0,10036,"27,428","1,138",462,301,444,"2,304","7,993","4,800","3,869","1,365","1,646","2,118",860,128,36.7,-,"25,527","2,163","25,265","24,629","22,779","3,805","3,106","27,428","14,922","13,833","1,541","12,506","11,432","1,565","27,428","26,713","17,319","1,978",137,"5,218",12,"2,049",715,"17,940","2,326",247,"5,502",23,"2,270","27,428","5,908","21,520","14,100","1,726",39,"5,218",-
0,10037,"21,139","1,997","1,111","1,196","1,070","1,232","3,845","2,529","2,811","1,256","1,017","1,408",971,696,35.3,-,"16,835","5,093","16,046","15,600","14,533","3,697","3,075","21,139","9,399","6,512","1,022","11,740","9,534","2,053","21,139","19,976","2,291","15,206",5,528,26,"1,920","1,163","2,940","15,990",447,797,26,"2,367","21,139","4,517","16,622","1,247","14,335",-,528,-
0,10038,"22,800",899,598,663,"1,402","2,083","5,152","3,392","2,161","1,198","1,387","1,910","1,291",664,36.2,-,"20,640","2,630","20,170","18,897","17,155","4,526","3,865","22,800","10,696","9,235","1,507","12,104","10,935","2,358","22,800","21,926","11,784","2,128",49,"7,249",-,716,874,"12,533","2,461",196,"7,693",14,811,"22,800","3,218","19,582","10,249","1,558",49,"7,069",-
0,10039,"27,726","2,203","1,716","2,020","1,649","2,066","4,836","3,804","3,538","1,874","1,422","1,397",771,430,33.7,-,"21,787","6,905","20,821","19,928","18,072","3,411","2,598","27,726","11,816","8,950",571,"15,910","11,871","2,027","27,726","26,338","3,625","17,158",158,452,11,"4,934","1,388","4,356","18,406",722,555,32,"5,135","27,726","9,378","18,348","1,872","15,274",81,452,11
0,10040,"44,571","2,238","2,128","2,142","2,177","3,341","8,818","6,086","5,399","2,470","2,431","3,589","1,991","1,761",37.4,-,"38,063","7,762","36,809","35,391","32,545","8,923","7,341","44,571","20,779","16,652","2,661","23,792","20,157","4,680","44,571","41,402","16,091","4,359",554,"1,355",-,"19,043","3,169","18,661","6,355","1,329","1,639",17,"20,176","44,571","30,968","13,603","9,352","2,181",22,"1,257",-
0,10044,"11,682",558,345,300,281,700,"2,551","1,572","1,703",699,735,"1,080",727,431,42.2,-,"10,479","1,445","10,237","10,198","9,498","2,705","2,238","11,682","5,498","4,753","1,156","6,184","5,484","1,082","11,682","11,204","5,320","1,420",-,"3,963",-,501,478,"5,744","1,541",48,"4,218",51,585,"11,682","1,553","10,129","4,448","1,296",-,"3,958",-
0,10065,"28,109","1,650","1,000",916,356,"1,785","5,847","4,165","3,366","1,460","1,522","2,874","2,113","1,055",39.8,-,"24,543","3,804","24,305","24,023","22,402","6,798","6,042","28,109","12,248","9,884","2,209","15,861","14,421","3,833","28,109","27,761","24,285",619,37,"2,666",-,154,348,"24,613",662,79,"2,939",11,166,"28,109","1,849","26,260","22,684",575,29,"2,633",-
0,10069,"5,085",368,416,274,95,235,"1,021","1,147",752,235,197,148,109,88,36.0,-,"4,027","1,142","3,943","3,932","3,697",426,345,"5,085","2,354","1,713",204,"2,731","2,230",141,"5,085","4,861","3,155",148,-,"1,558",-,-,224,"3,330",197,38,"1,695",-,49,"5,085",57,"5,028","3,123",148,-,"1,533",-
0,10075,"21,556","1,041","1,252",736,763,778,"3,422","2,791","2,697","1,118","1,131","2,837","1,739","1,251",45.0,-,"18,527","3,490","18,066","17,741","16,986","6,419","5,827","21,556","10,096","8,177","2,210","11,460","9,889","3,617","21,556","21,247","18,396",677,225,"1,047",-,902,309,"18,693",743,280,"1,235",12,902,"21,556","3,070","18,486","16,362",677,91,"1,047",-
0,10128,"59,256","3,204","2,138","1,911","1,691","2,644","14,041","8,198","7,948","2,989","3,494","6,117","3,537","1,344",39.5,-,"52,003","8,541","50,715","50,177","47,668","12,971","10,998","59,256","25,338","21,548","4,443","33,918","29,167","6,555","59,256","56,859","47,167","2,182",-,"5,844",-,"1,666","2,397","49,139","2,808",176,"7,340",18,"2,250","59,256","7,307","51,949","42,129","1,766",-,"5,781",-
0,10280,"9,384",711,628,454,192,239,"1,897","1,966","1,534",530,375,624,194,40,38.1,-,"7,591","1,942","7,442","7,379","7,160","1,050",858,"9,384","4,477","3,400",330,"4,907","4,042",528,"9,384","9,095","7,360",184,-,"1,474",-,77,289,"7,611",330,-,"1,561",38,150,"9,384",826,"8,558","6,612",164,-,"1,474",-
0,10282,"5,593",934,397,289,119,44,976,"1,559",691,122,132,192,-,138,35.3,-,"3,973","1,739","3,854","3,854","3,810",379,330,"5,593","2,707","1,785",58,"2,886","2,069",272,"5,593","5,390","4,153",61,-,"1,163",-,13,203,"4,356",61,-,"1,366",-,13,"5,593",424,"5,169","3,745",45,-,"1,163",-
0,10301,"38,733","2,446","2,137","2,417","2,690","3,129","4,984","4,893","5,095","2,596","2,580","3,335","1,679",752,38.2,-,"31,733","8,503","30,230","28,465","25,914","7,416","5,766","38,733","18,449","13,875","2,558","20,284","16,355","3,208","38,733","36,346","22,280","9,668",39,"2,351",11,"1,997","2,387","24,335","11,640",282,"2,610",66,"2,296","38,733","9,591","29,142","16,456","8,200",23,"2,320",-
0,10302,"18,204","1,086","1,185","1,193","1,363","1,215","3,077","2,385","2,712","1,219",895,"1,166",590,118,34.9,-,"14,740","4,230","13,974","13,099","12,162","2,358","1,874","18,204","9,313","7,052",758,"8,891","6,922","1,116","18,204","17,671","11,286","3,754",212,"1,335",1,"1,083",533,"11,699","4,029",302,"1,530",7,"1,229","18,204","7,479","10,725","5,681","3,502",10,"1,269",1
0,10303,"25,947","1,807","1,775","2,111","2,233","1,957","3,754","3,369","3,474","1,696","1,337","1,596",632,206,33.1,-,"20,254","7,073","18,874","17,563","16,064","3,207","2,434","25,947","12,810","9,135",975,"13,137","9,739","1,459","25,947","25,065","11,406","9,170",126,"2,106",-,"2,257",882,"12,055","9,784",289,"2,325",115,"2,444","25,947","10,103","15,844","4,581","8,543",49,"2,099",-
0,10304,"41,064","2,528","2,847","2,479","2,934","2,615","5,632","4,738","5,803","2,766","2,882","3,277","1,817",746,38.1,-,"33,210","9,771","31,293","29,753","27,661","7,556","5,840","41,064","20,233","15,150","2,692","20,831","16,143","3,148","41,064","40,033","21,403","11,277",99,"3,969",26,"3,259","1,031","22,090","11,936",320,"4,320",36,"3,603","41,064","10,363","30,701","15,539","10,335",99,"3,918",12
0,10305,"42,298","2,654","2,799","2,125","2,043","2,634","5,969","6,229","5,732","2,903","2,912","3,402","2,050",846,39.5,-,"34,720","8,882","33,416","32,195","30,043","8,074","6,298","42,298","20,145","15,851","2,571","22,153","17,565","3,727","42,298","41,293","31,174","2,770",189,"5,509",-,"1,651","1,005","31,951","3,239",520,"5,963",21,"1,731","42,298","6,920","35,378","26,370","2,628",90,"5,405",-
0,10306,"53,142","2,308","2,957","2,962","3,009","3,230","6,914","6,051","7,926","4,427","3,897","5,010","2,993","1,458",43.9,-,"44,915","10,001","43,141","41,352","38,676","11,697","9,461","53,142","24,906","20,366","3,880","28,236","22,775","5,581","53,142","51,790","45,560","1,775",36,"3,141",-,"1,278","1,352","46,729","2,597",153,"3,570",2,"1,629","53,142","7,815","45,327","39,656","1,651",27,"3,100",-
0,10307,"15,232",641,"1,017","1,327","1,091",988,"1,799","2,071","2,827",871,867,996,548,189,39.7,-,"12,247","3,648","11,584","10,930","10,168","2,284","1,733","15,232","7,448","5,673",777,"7,784","5,911",956,"15,232","15,143","14,284",56,19,418,-,366,89,"14,373",56,54,472,-,366,"15,232","1,399","13,833","13,293",56,19,418,-
0,10308,"30,186","1,581","1,485","1,792","1,742","1,897","3,515","4,047","4,410","2,201","2,156","3,007","1,656",697,42.9,-,"25,328","6,036","24,150","23,316","21,689","6,779","5,360","30,186","14,569","11,395","2,145","15,617","12,755","3,215","30,186","29,984","27,810",339,50,"1,520",24,241,202,"27,985",439,97,"1,548",24,295,"30,186","2,888","27,298","25,268",310,50,"1,502",-
0,10309,"33,531","2,109","2,067","1,959","1,890","1,969","4,346","4,637","4,680","2,544","2,132","3,245","1,510",443,40.5,-,"27,396","7,518","26,013","25,211","23,537","6,425","5,198","33,531","16,842","12,670","2,236","16,689","13,343","2,962","33,531","33,286","30,789",293,173,"1,206",-,825,245,"31,001",313,305,"1,292",-,885,"33,531","3,107","30,424","28,515",193,164,"1,206",-
0,10310,"23,262","1,550","1,561","1,541","1,602","1,409","2,955","3,020","3,252","1,610","1,653","1,865",964,280,38.8,-,"18,610","5,753","17,509","16,854","15,599","4,092","3,109","23,262","11,065","8,239","1,367","12,197","9,270","1,742","23,262","22,320","13,731","4,844",16,"1,459",-,"2,270",942,"14,501","5,401",199,"1,660",21,"2,543","23,262","7,351","15,911","9,676","4,387",-,"1,449",-
0,10312,"61,741","3,411","3,654","4,298","3,565","3,516","7,486","7,890","8,619","4,656","4,039","6,887","2,655","1,065",41.6,-,"50,378","13,636","48,105","46,205","43,297","12,986","10,607","61,741","29,882","22,922","4,868","31,859","25,183","5,739","61,741","60,976","56,226",793,12,"3,364",59,522,765,"56,871","1,046",77,"3,873",66,623,"61,741","6,234","55,507","50,629",749,12,"3,356",43
0,10314,"90,761","5,235","5,261","5,662","5,152","5,508","12,819","10,817","13,116","5,628","5,918","9,332","4,312","2,001",40.8,-,"74,603","19,452","71,309","68,331","63,943","19,175","15,645","90,761","43,762","33,519","6,542","46,999","37,790","9,103","90,761","88,404","66,310","3,852",109,"15,049",76,"3,008","2,357","67,954","4,427",373,"16,484",171,"3,840","90,761","13,726","77,035","56,696","3,352",52,"14,904",76
0,10451,"47,798","3,034","3,867","3,207","3,528","3,586","7,238","5,939","6,303","2,939","2,137","3,212","1,928",880,34.1,-,"37,690","12,299","35,499","33,300","30,576","7,200","6,020","47,798","22,334","15,679","2,018","25,464","19,820","4,002","47,798","45,848","5,972","19,379",107,557,96,"19,737","1,950","7,141","20,867",833,782,186,"20,446","47,798","28,236","19,562","1,264","16,912",-,557,96
0,10452,"76,078","5,322","6,110","6,605","5,939","6,311","12,182","10,461","9,664","4,242","3,090","3,904","1,550",698,31.6,-,"58,041","21,926","54,152","50,789","45,791","7,696","6,152","76,078","34,800","24,585","2,405","41,278","29,567","3,747","76,078","72,567","9,592","25,249",285,"1,107",171,"36,163","3,511","12,119","27,616",809,"1,523",333,"37,441","76,078","51,823","24,255","1,446","20,567",89,"1,027",13
0,10453,"79,606","6,825","6,561","5,489","6,160","7,073","12,875","9,575","10,847","4,292","3,193","4,508","1,753",455,30.4,-,"60,731","22,377","57,229","53,147","47,498","8,499","6,716","79,606","36,246","25,275","2,536","43,360","31,954","4,180","79,606","77,525","6,841","25,826",416,"1,044",-,"43,398","2,081","8,184","27,063",735,"1,452",84,"44,325","79,606","55,051","24,555",941,"21,817",49,"1,043",-
0,10454,"38,203","3,060","3,234","3,289","3,053","3,738","5,891","5,066","4,462","1,809","1,389","1,568","1,289",355,29.6,-,"28,620","11,390","26,813","24,542","21,829","4,026","3,212","38,203","18,469","12,947","1,442","19,734","13,866","1,770","38,203","37,106","5,040","12,109",310,184,20,"19,443","1,097","5,570","12,941",366,305,57,"20,131","38,203","25,956","12,247",888,"10,753",137,130,-
0,10455,"42,283","3,847","3,545","2,752","2,976","3,507","7,710","4,961","5,299","2,064","1,752","2,183","1,173",514,30.6,-,"32,139","12,166","30,117","28,607","25,656","4,758","3,870","42,283","20,172","13,301","1,224","22,111","16,816","2,646","42,283","41,029","5,221","12,809",352,542,156,"21,949","1,254","5,858","13,540",532,707,302,"22,632","42,283","30,372","11,911",563,"10,288",85,521,156
0,10456,"94,218","7,236","7,322","7,756","7,503","8,149","14,461","11,323","11,652","5,857","4,457","5,343","2,341",818,30.9,-,"71,904","26,967","67,251","62,809","56,252","10,974","8,502","94,218","43,844","30,465","3,169","50,374","36,786","5,333","94,218","91,192","10,146","40,069","1,311",809,130,"38,727","3,026","11,692","42,254","1,760","1,333",285,"40,110","94,218","57,971","36,247","1,133","32,331",791,783,-
0,10457,"74,554","7,155","6,210","6,043","5,583","5,936","11,370","9,789","8,879","3,989","2,846","4,220","1,987",547,29.8,-,"55,146","22,884","51,670","48,383","43,627","8,312","6,754","74,554","35,086","23,534","2,711","39,468","28,136","4,043","74,554","72,103","11,452","29,962",332,702,61,"29,594","2,451","12,576","31,654",899,907,253,"30,900","74,554","49,630","24,924","1,052","21,964",89,682,27
0,10458,"83,960","7,161","5,697","6,153","7,999","8,673","14,859","9,491","9,702","3,889","3,750","4,148","1,745",693,29.0,-,"64,949","22,749","61,211","54,556","48,277","8,761","6,586","83,960","40,415","28,851","2,729","43,545","32,360","3,857","83,960","80,492","14,887","16,690",310,"2,479",31,"46,095","3,468","16,929","18,960",692,"3,151",207,"48,010","83,960","58,563","25,397","6,995","14,617",76,"2,333",31
0,10459,"48,351","3,691","3,728","3,577","3,728","3,755","8,208","5,978","5,880","2,909","2,033","2,526","1,771",567,31.3,-,"37,355","13,157","35,194","32,858","29,872","6,050","4,864","48,351","23,004","16,168","1,701","25,347","19,026","3,163","48,351","46,886","5,615","16,650",255,377,30,"23,959","1,465","6,341","17,790",562,466,81,"24,759","48,351","32,830","15,521",791,"13,962",96,356,-
0,10460,"59,505","4,844","4,202","4,421","3,945","4,817","10,447","6,523","7,523","3,343","2,828","4,112","1,890",610,31.6,-,"46,038","15,911","43,594","41,259","37,276","8,292","6,612","59,505","27,647","19,673","2,865","31,858","23,921","3,747","59,505","57,822","9,370","18,035",168,945,106,"29,198","1,683","10,105","19,091",589,"1,140",257,"30,108","59,505","41,359","18,146","1,539","15,043",-,888,69
0,10461,"50,348","3,177","2,744","3,038","2,169","3,059","8,689","6,826","7,084","2,966","2,758","3,919","2,623","1,296",37.8,-,"41,389","10,334","40,014","38,583","36,161","9,224","7,838","50,348","24,497","19,159","2,895","25,851","20,855","4,943","50,348","48,189","24,270","4,714",250,"5,600",43,"13,312","2,159","25,658","5,908",535,"6,155",109,"14,494","50,348","23,466","26,882","16,754","3,862",79,"5,383",39
0,10462,"76,756","4,837","4,870","4,390","4,314","5,293","13,001","11,204","10,428","5,193","3,981","5,118","3,093","1,034",36.3,-,"62,659","16,816","59,940","57,302","53,052","11,651","9,245","76,756","36,091","27,529","3,668","40,665","32,411","5,577","76,756","72,715","17,796","21,705",714,"9,683",19,"22,798","4,041","20,072","23,923","1,399","11,174",277,"24,572","76,756","36,483","40,273","8,909","19,050",261,"9,627",-
0,10463,"71,360","4,927","4,427","3,653","3,197","3,998","11,085","8,745","9,185","4,046","3,982","7,270","4,338","2,507",39.8,-,"58,353","15,005","56,355","54,381","51,158","16,314","14,115","71,360","33,641","25,374","5,425","37,719","30,981","8,690","71,360","66,911","32,109","10,764",422,"2,665",51,"20,900","4,449","35,482","13,003","1,415","3,346",60,"22,918","71,360","36,472","34,888","22,584","7,980",92,"2,579",28
0,10464,"4,434",220,271,218,113,213,745,441,715,163,338,608,233,156,44.9,-,"3,725",770,"3,664","3,562","3,399","1,212",997,"4,434","2,162","1,775",474,"2,272","1,889",523,"4,434","4,256","3,495",119,-,245,-,397,178,"3,673",119,-,258,-,562,"4,434","1,117","3,317","2,966",83,-,245,-
0,10465,"44,205","2,911","2,343","2,032","2,908","2,992","5,270","5,660","6,138","3,145","3,126","3,788","2,401","1,491",41.5,-,"36,919","8,716","35,489","33,294","31,019","9,411","7,680","44,205","21,403","16,676","3,192","22,802","18,813","4,488","44,205","43,023","26,656","5,638",43,"1,373",7,"9,306","1,182","27,551","6,201",204,"1,563",19,"9,896","44,205","19,568","24,637","18,898","3,915",43,"1,254",7
0,10466,"72,479","4,427","4,261","4,521","5,157","6,056","10,167","8,949","10,412","5,098","4,341","5,044","3,015","1,031",36.6,-,"59,270","16,344","56,135","53,216","48,057","11,619","9,090","72,479","31,842","24,040","3,647","40,637","32,095","5,443","72,479","70,526","8,034","52,974",687,"2,183",42,"6,606","1,953","8,985","54,368","1,335","2,741",73,"7,156","72,479","15,971","56,508","2,074","50,054",191,"2,169",27
0,10467,"103,732","8,525","7,106","7,207","6,131","7,343","17,552","13,862","13,081","5,618","5,947","6,487","3,450","1,423",33.7,-,"80,894","26,537","77,195","73,337","67,420","14,710","11,360","103,732","49,745","36,295","4,583","53,987","40,900","6,777","103,732","99,544","23,469","36,599",666,"6,000",51,"32,759","4,188","26,216","38,921","1,202","7,034",581,"34,446","103,732","54,286","49,446","9,736","31,584",271,"5,916",-
0,10468,"78,647","7,573","5,607","5,057","4,654","6,465","13,943","9,546","10,357","4,669","2,964","4,673","2,220",919,32.2,-,"60,410","21,228","57,419","54,603","49,291","9,509","7,812","78,647","37,011","26,445","3,049","41,636","30,974","4,763","78,647","76,171","9,933","16,529",814,"2,280",8,"46,607","2,476","11,462","18,087","1,112","2,776",36,"47,753","78,647","59,588","19,059","2,323","12,763",443,"2,224",-
0,10469,"73,870","3,846","3,615","4,840","5,123","5,062","10,206","9,346","10,090","4,823","4,703","6,335","4,087","1,794",40.2,-,"61,569","15,523","58,347","55,180","51,384","15,065","12,216","73,870","34,385","26,684","4,974","39,485","31,663","7,242","73,870","71,657","13,892","40,103",579,"4,837",63,"12,183","2,213","15,083","41,477","1,074","5,139",200,"13,505","73,870","21,418","52,452","7,907","38,318",250,"4,757",-
0,10470,"15,432",995,768,741,640,907,"2,350","2,146","2,326",963,981,"1,290",933,392,40.5,-,"12,928","2,906","12,526","12,148","11,381","3,299","2,615","15,432","7,069","5,549","1,015","8,363","6,977","1,600","15,432","14,886","6,572","6,027",7,537,-,"1,743",546,"6,968","6,227",115,734,20,"1,995","15,432","3,255","12,177","5,590","5,714",-,537,-
0,10471,"21,896","1,178",905,893,"1,568","1,421","2,407","2,585","2,374","1,366","1,645","2,407","1,820","1,327",44.9,-,"18,920","3,473","18,423","16,823","15,931","6,448","5,554","21,896","10,378","8,491","2,247","11,518","9,932","3,307","21,896","21,145","15,033","2,583",38,"1,366",-,"2,125",751,"15,581","2,919",160,"1,579",43,"2,420","21,896","5,003","16,893","12,819","2,276",-,"1,262",-
0,10472,"68,796","5,404","5,460","4,874","4,802","6,022","10,791","8,466","8,785","3,255","3,274","4,280","2,529",854,32.1,-,"53,058","18,636","50,160","47,001","42,234","9,639","7,663","68,796","33,428","23,633","3,078","35,368","26,527","4,585","68,796","66,171","10,270","18,821",971,"4,581",-,"31,528","2,625","11,953","20,150","1,392","5,336",43,"32,673","68,796","44,403","24,393","1,795","16,343",234,"4,483",-
0,10473,"59,609","3,816","3,792","4,377","3,943","4,685","8,343","6,865","7,907","3,642","3,460","5,050","2,870",859,36.1,-,"47,624","14,414","45,195","42,843","38,996","10,527","8,779","59,609","26,916","19,437","3,186","32,693","25,758","5,593","59,609","57,586","22,362","24,533",343,"1,039",-,"9,309","2,023","23,485","25,936",791,"1,343",60,"10,226","59,609","36,265","23,344","1,535","19,922",163,918,-
0,10474,"12,127","1,064",965,866,956,953,"2,439","1,421","1,526",459,565,578,243,92,30.2,-,"9,232","3,528","8,599","8,125","7,323","1,227",913,"12,127","6,430","4,441",358,"5,697","4,158",555,"12,127","11,729","1,118","4,782",36,10,43,"5,740",398,"1,355","5,151",71,30,43,"5,895","12,127","7,688","4,439",147,"4,229",12,9,-
0,10475,"43,208","1,786","2,422","1,915","2,174","2,678","4,406","6,215","5,327","2,440","3,251","5,573","3,613","1,408",45.0,-,"37,085","7,472","35,736","34,775","32,233","12,763","10,594","43,208","18,358","14,509","3,844","24,850","21,227","6,750","43,208","41,286","7,682","26,281",316,"1,206",-,"5,801","1,922","8,652","28,010","1,199","1,261",11,"6,538","43,208","12,542","30,666","3,419","24,539",-,"1,186",-
0,11004,"15,234","1,085",616,500,577,964,"2,529","1,486","1,863","1,112","1,520","1,336",980,666,44.4,-,"13,033","2,596","12,638","12,368","11,492","3,708","2,982","15,234","7,144","6,150","1,273","8,090","6,488","1,709","15,234","14,555","6,402","1,005",64,"6,540",42,502,679,"6,869","1,198",141,"7,056",42,704,"15,234","1,916","13,318","5,090","1,003",64,"6,529",42
0,11101,"30,043","2,025","1,464","1,209","1,223","1,991","7,719","5,367","3,674","1,374","1,492","1,470",792,243,34.1,-,"25,345","5,451","24,592","23,673","22,131","3,227","2,505","30,043","15,297","12,431","1,180","14,746","12,161","1,325","30,043","28,434","12,915","4,713",192,"6,842",41,"3,731","1,609","14,234","5,395",399,"7,620",202,"4,048","30,043","7,908","22,135","9,746","4,350",-,"6,773",41
0,11102,"30,800","1,661",992,"1,228","1,279","2,097","8,952","4,523","3,611","1,487","1,339","2,121",966,544,33.7,-,"26,919","4,670","26,130","25,313","23,543","4,351","3,631","30,800","15,375","12,712","1,438","15,425","13,418","2,193","30,800","29,872","18,207","2,964",24,"4,650",16,"4,011",928,"18,983","3,375",194,"4,960",25,"4,300","30,800","9,472","21,328","13,229","2,659",24,"4,650",-
0,11103,"36,140","1,612",948,"1,096","1,208","2,455","11,710","5,679","3,851","2,074","1,422","2,261","1,423",401,33.8,-,"32,484","4,401","31,739","31,083","28,821","4,888","4,085","36,140","17,586","15,705","1,791","18,554","16,034","2,294","36,140","34,887","25,632",961,122,"5,379",45,"2,748","1,253","26,642","1,318",295,"5,959",166,"3,100","36,140","8,204","27,936","20,953",684,15,"5,332",45
0,11104,"26,119","1,444","1,113",935,905,"1,082","5,956","5,283","3,235","1,298","1,510","1,833","1,219",306,37.8,-,"22,627","4,112","22,007","21,533","20,640","4,195","3,358","26,119","12,954","10,928","1,436","13,165","11,079","1,922","26,119","25,519","17,459",490,71,"5,769",-,"1,730",600,"18,050",670,121,"6,089",79,"1,830","26,119","8,210","17,909","11,361",321,23,"5,710",-
0,11105,"37,382","1,833","1,411","1,238","1,228","2,320","10,341","5,500","4,635","2,359","1,687","2,378","1,641",811,35.4,-,"32,900","5,252","32,130","31,429","29,352","5,780","4,830","37,382","18,814","16,099","2,083","18,568","16,031","2,747","37,382","36,214","27,867",960,243,"4,658",-,"2,486","1,168","28,882","1,308",415,"5,135",-,"2,875","37,382","8,212","29,170","22,775",791,208,"4,548",-
0,11106,"38,363","1,645","1,911","1,334","1,207","2,194","10,307","6,559","4,441","1,846","1,709","2,870","1,454",886,35.5,-,"33,473","5,628","32,735","31,902","30,072","6,075","5,210","38,363","18,799","15,848","1,955","19,564","16,887","3,255","38,363","36,506","20,734","2,727",108,"8,086",8,"4,843","1,857","22,360","3,431",354,"8,528",113,"5,472","38,363","10,844","27,519","15,779","2,296",63,"7,951",8
0,11109,"5,981",569,221,81,15,213,"2,374","1,355",722,214,118,99,-,-,32.7,-,"5,110",871,"5,110","5,044","4,882",146,99,"5,981","2,895","2,548",99,"3,086","2,562",-,"5,981","5,819","4,013",272,-,"1,500",-,34,162,"4,159",287,27,"1,620",16,65,"5,981",333,"5,648","3,719",248,-,"1,500",-
0,11201,"62,823","4,316","2,942","2,049","2,570","3,344","15,959","11,441","7,346","2,709","2,945","3,930","2,158","1,114",35.2,-,"53,516","10,467","52,356","50,323","47,602","9,041","7,202","62,823","30,042","24,684","2,789","32,781","27,672","4,413","62,823","59,121","40,248","8,537",147,"7,430",58,"2,701","3,702","43,168","10,030",616,"9,358",171,"3,365","62,823","7,267","55,556","36,991","7,900",32,"7,408",58
0,11203,"75,451","4,228","4,570","4,297","4,220","5,205","10,861","9,333","9,401","5,327","4,458","7,359","4,572","1,620",39.8,-,"62,356","15,869","59,582","57,104","52,931","16,265","13,551","75,451","33,245","25,245","5,141","42,206","34,337","8,410","75,451","74,218","3,330","67,171",114,"1,431",-,"2,172","1,233","3,919","67,977",478,"1,820",12,"2,546","75,451","4,846","70,605","2,881","65,073",101,"1,339",-
0,11204,"76,978","6,599","6,128","5,963","4,517","4,261","11,361","10,170","8,593","4,518","4,391","5,601","3,022","1,854",34.7,-,"58,288","21,743","55,235","52,800","49,510","13,102","10,477","76,978","38,466","27,003","4,571","38,512","28,232","5,906","76,978","75,675","44,686",893,178,"24,594",13,"5,311","1,303","45,706","1,118",343,"25,530",141,"5,561","76,978","8,396","68,582","41,872",851,151,"24,376",13
0,11205,"46,064","4,303","3,638","2,837","3,468","4,327","9,058","6,820","4,461","1,869","1,845","2,247",891,300,29.8,-,"35,286","12,395","33,669","31,097","27,491","4,438","3,438","46,064","21,340","14,902","1,276","24,724","18,767","2,162","46,064","44,304","22,570","14,651",272,"3,184",8,"3,619","1,760","23,871","15,686",716,"3,811",18,"4,006","46,064","8,153","37,911","19,470","13,586",127,"3,138",8
0,11206,"88,349","7,583","6,987","6,436","5,902","8,049","18,532","10,553","7,901","4,112","3,215","5,222","3,095",762,29.3,-,"67,343","24,894","63,455","60,189","53,392","10,817","9,079","88,349","42,822","29,225","3,348","45,527","34,230","5,731","88,349","85,010","41,715","23,405",638,"6,056",33,"13,163","3,339","44,187","25,356","1,190","6,796",312,"14,002","88,349","32,797","55,552","29,534","18,491",179,"5,966",33
0,11207,"91,972","6,401","6,324","5,920","5,607","7,165","15,684","11,543","11,924","5,969","4,927","6,015","3,189","1,304",34.1,-,"73,327","21,879","70,093","66,376","60,555","13,216","10,508","91,972","41,188","30,478","4,368","50,784","39,615","6,140","91,972","89,709","13,372","59,171",386,"1,300",86,"15,394","2,263","14,630","60,644",914,"1,806",161,"16,233","91,972","30,605","61,367","3,695","54,049",129,"1,295",45
0,11208,"98,660","8,567","7,657","6,547","6,782","7,446","15,704","12,900","13,153","5,823","5,147","5,692","2,287",955,32.5,-,"75,889","26,848","71,812","67,570","61,661","11,736","8,934","98,660","45,869","32,382","3,499","52,791","39,430","5,435","98,660","96,857","25,549","53,666",339,"5,621",62,"11,620","1,803","26,402","54,888",792,"6,162",155,"12,279","98,660","40,756","57,904","2,388","48,148",17,"5,621",2
0,11209,"67,809","4,307","3,418","3,192","2,779","3,354","11,642","9,283","9,364","4,376","4,602","6,271","3,512","1,709",40.6,-,"56,892","12,523","55,286","53,671","50,759","14,178","11,492","67,809","32,504","26,544","4,681","35,305","28,742","6,811","67,809","65,378","50,050","2,078",211,"9,115",69,"3,855","2,431","52,140","2,916",440,"10,183",165,"4,543","67,809","11,441","56,368","43,770","1,833",71,"9,044",54
0,11210,"67,040","4,741","5,135","4,975","4,961","4,277","8,846","9,251","7,683","4,453","3,826","5,590","2,355",947,35.6,-,"52,189","17,967","49,073","46,121","42,951","11,095","8,892","67,040","30,595","21,576","3,880","36,445","27,497","5,012","67,040","65,891","20,877","39,272",70,"2,863",-,"2,809","1,149","21,586","40,155",208,"3,390",27,"3,053","67,040","4,716","62,324","19,773","38,113",23,"2,828",-
0,11211,"102,624","9,952","6,710","5,893","5,208","6,275","28,388","15,606","8,125","3,728","3,923","4,742","2,630","1,444",30.7,-,"80,069","25,893","76,731","74,159","68,586","11,154","8,816","102,624","51,067","38,045","3,975","51,557","38,686","4,841","102,624","99,292","76,620","6,611",499,"5,753",8,"9,801","3,332","79,197","8,084","1,167","7,016",252,"10,579","102,624","24,955","77,669","65,618","3,822",185,"5,679",8
0,11212,"76,527","5,099","3,917","5,080","4,662","4,765","12,443","10,111","10,889","4,856","4,464","5,984","3,070","1,187",37.6,-,"62,431","16,854","59,673","56,579","53,004","12,645","10,241","76,527","32,439","23,764","3,479","44,088","35,909","6,762","76,527","74,820","5,487","62,425",168,986,30,"5,724","1,707","6,500","63,695",496,"1,373",70,"6,283","76,527","14,266","62,261",907,"59,207",116,974,30
0,11213,"66,295","4,661","3,655","4,502","4,496","5,715","11,551","8,209","8,406","4,249","3,248","4,141","2,292","1,170",33.4,-,"53,477","15,751","50,544","47,843","43,266","9,531","7,603","66,295","30,437","22,310","2,902","35,858","28,234","4,701","66,295","64,408","14,869","44,813",108,"1,357",-,"3,261","1,887","16,310","46,001",558,"1,888",18,"3,538","66,295","7,060","59,235","13,651","42,570",13,"1,252",-
0,11214,"92,946","6,466","5,489","4,961","4,208","5,229","13,561","13,263","12,909","6,271","5,238","8,110","4,855","2,386",39.6,-,"76,030","19,613","73,333","70,986","66,593","18,493","15,351","92,946","45,577","35,434","6,383","47,369","37,899","8,968","92,946","90,476","45,769","1,364",192,"34,861",11,"8,279","2,470","47,885","1,660",420,"36,714",51,"8,712","92,946","15,273","77,673","39,676","1,143",49,"34,742",11
0,11215,"70,156","5,718","4,228","3,066","2,355","2,611","15,291","14,072","9,215","3,396","2,913","4,427","2,141",723,36.0,-,"57,144","14,878","55,278","54,540","52,178","8,929","7,291","70,156","33,597","26,025","3,082","36,559","29,253","4,209","70,156","66,012","53,421","3,233",94,"5,572",-,"3,692","4,144","57,139","4,752",599,"7,793",84,"4,376","70,156","11,428","58,728","46,961","2,636",53,"5,531",-
0,11216,"56,308","2,879","2,365","1,955","1,881","4,603","15,538","8,255","6,656","3,099","2,550","3,422","2,197",908,34.2,-,"49,109","8,488","47,820","46,527","42,625","8,053","6,527","56,308","26,400","21,847","2,359","29,908","25,973","4,168","56,308","53,927","16,316","32,083",157,"2,925",10,"2,436","2,381","18,319","33,463",476,"3,695",39,"2,836","56,308","6,079","50,229","14,656","30,784",18,"2,898",-
0,11217,"41,407","2,988","1,642","1,756","1,519","1,936","10,881","7,621","4,895","1,775","2,067","2,641","1,228",458,35.0,-,"35,021","7,574","33,833","33,262","31,566","5,478","4,327","41,407","19,458","15,679","1,833","21,949","18,154","2,494","41,407","39,519","24,009","8,163",46,"3,135",10,"4,156","1,888","25,677","8,922",363,"4,033",39,"4,411","41,407","7,671","33,736","21,072","7,745",3,"3,119",10
0,11218,"74,508","7,400","5,381","5,450","4,073","4,139","11,864","11,527","8,486","3,745","3,643","5,394","2,387","1,019",34.2,-,"56,277","20,957","53,551","51,321","48,065","11,000","8,800","74,508","37,538","26,937","3,767","36,970","26,614","5,033","74,508","71,549","44,496","6,015",403,"13,810",-,"6,825","2,959","46,824","7,142",915,"15,524",70,"7,275","74,508","13,089","61,419","39,092","5,637",85,"13,789",-
0,11219,"90,036","11,604","8,794","8,067","6,166","6,314","12,828","9,898","7,977","3,813","3,948","5,879","2,688","2,060",27.8,-,"61,571","32,619","57,417","54,248","49,091","13,039","10,627","90,036","44,986","28,459","4,451","45,050","28,958","6,176","90,036","89,224","60,521",931,224,"22,042",14,"5,492",812,"61,167","1,246",390,"22,318",39,"5,777","90,036","10,913","79,123","55,723",815,101,"22,002",-
0,11220,"95,643","7,489","6,563","5,904","4,707","5,886","18,287","14,058","12,422","5,121","4,673","5,798","3,541","1,194",34.3,-,"75,687","22,799","72,844","69,873","65,094","13,024","10,533","95,643","48,315","35,960","4,749","47,328","36,884","5,784","95,643","93,189","29,005","2,458",428,"39,493",-,"21,805","2,454","30,963","3,363",673,"40,249",34,"22,948","95,643","39,840","55,803","13,452","1,557",159,"39,441",-
0,11221,"83,835","5,506","4,236","4,278","4,993","8,461","18,862","11,084","9,771","4,604","3,364","5,212","2,586",878,31.6,-,"69,815","17,025","66,810","63,542","56,361","10,442","8,676","83,835","40,147","31,652","3,466","43,688","35,158","5,210","83,835","80,560","23,203","41,079",558,"2,815",16,"12,889","3,275","25,533","42,967","1,268","3,570",121,"13,922","83,835","28,781","55,054","13,793","36,355",163,"2,815",3
0,11222,"36,492","1,782","1,081",779,867,"1,806","12,143","7,063","3,655","1,926","1,602","2,155","1,118",515,34.8,-,"32,850","4,064","32,428","31,717","30,177","4,712","3,788","36,492","18,000","15,913","1,601","18,492","16,515","2,187","36,492","34,976","29,893","1,590",96,"1,841",6,"1,550","1,516","31,256","1,983",221,"2,599",21,"1,976","36,492","5,197","31,295","26,794","1,345",88,"1,819",6
0,11223,"81,789","7,421","5,311","4,568","4,620","4,793","12,683","9,706","9,485","5,258","5,052","6,690","4,098","2,104",36.5,-,"64,489","20,195","61,594","59,055","55,076","15,633","12,892","81,789","40,113","29,364","5,560","41,676","32,230","7,332","81,789","79,158","46,811","3,886",239,"19,777",139,"8,306","2,631","49,148","4,443",703,"21,426",169,"8,548","81,789","13,697","68,092","42,631","2,861",140,"19,745",134
0,11224,"46,707","2,692","2,620","2,490","2,537","2,493","5,201","5,002","5,555","2,874","3,173","5,862","4,232","1,976",45.5,-,"38,905","9,330","37,377","35,877","33,875","14,032","12,070","46,707","20,929","16,331","4,908","25,778","21,046","7,162","46,707","45,407","27,137","10,495",68,"2,769",4,"4,934","1,300","28,274","11,121",213,"3,291",49,"5,136","46,707","9,516","37,191","23,843","9,636",68,"2,753",4
0,11225,"58,882","3,003","2,714","3,264","3,000","3,980","13,644","7,966","7,102","3,329","3,434","4,367","2,252",827,34.8,-,"49,901","10,912","47,970","46,316","42,921","9,351","7,446","58,882","26,817","21,655","2,570","32,065","26,315","4,876","58,882","57,308","16,038","37,614",49,"1,560",27,"2,020","1,574","17,145","38,536",240,"2,231",163,"2,308","58,882","4,913","53,969","14,516","35,980",49,"1,521",27
0,11226,"100,277","6,841","6,166","5,767","5,763","7,104","19,158","14,579","11,786","5,286","5,904","7,065","3,623","1,235",34.7,-,"81,503","22,642","77,635","74,548","68,636","15,082","11,923","100,277","45,123","33,906","4,478","55,154","43,729","7,445","100,277","97,600","15,288","68,415",297,"2,896",-,"10,704","2,677","17,276","69,703",773,"4,009",26,"11,350","100,277","17,145","83,132","12,161","65,421",159,"2,878",-
0,11228,"44,994","2,846","2,312","2,389","2,702","2,524","6,167","5,920","6,068","3,238","3,003","3,875","2,626","1,324",41.1,-,"37,447","9,262","35,732","34,232","32,221","9,658","7,825","44,994","22,024","17,148","3,414","22,970","18,584","4,411","44,994","44,012","25,047",521,137,"16,023",31,"2,253",982,"25,879",692,388,"16,385",35,"2,611","44,994","5,838","39,156","22,126",396,93,"15,917",31
0,11229,"83,615","5,306","5,095","4,895","4,007","5,232","10,977","10,264","10,565","6,145","6,203","8,488","4,346","2,092",40.8,-,"68,319","17,809","65,806","63,373","59,080","18,624","14,926","83,615","40,272","31,016","6,493","43,343","34,790","8,433","83,615","81,289","54,043","4,985",208,"18,540",76,"3,437","2,326","56,261","5,488",266,"20,202",81,"3,678","83,615","9,039","74,576","49,672","4,267",34,"18,445",76
0,11230,"89,075","8,307","6,423","6,544","5,655","6,056","12,963","9,953","9,875","4,851","4,708","7,213","4,074","2,453",33.8,-,"67,801","24,950","64,125","60,994","56,090","16,557","13,740","89,075","42,716","30,183","5,944","46,359","33,942","7,796","89,075","86,908","62,333","6,328",393,"12,631",-,"5,223","2,167","63,972","6,909",727,"14,099",43,"5,662","89,075","9,119","79,956","58,782","6,138",387,"12,547",-
0,11231,"37,845","3,228","2,398","1,902","1,622","1,497","7,520","6,912","4,949","2,140","1,652","2,420","1,240",365,35.9,-,"30,317","8,626","29,219","28,465","27,198","4,949","4,025","37,845","17,577","13,274","1,631","20,268","15,945","2,394","37,845","35,579","24,939","5,262",237,"2,135",268,"2,738","2,266","26,825","6,013",428,"3,408",273,"3,213","37,845","7,047","30,798","21,942","4,606",30,"2,012",268
0,11232,"27,602","1,756","2,008","1,328","1,286","1,790","6,363","4,675","3,876","1,225","1,083","1,364",663,185,33.8,-,"22,510","5,902","21,700","20,952","19,434","2,828","2,212","27,602","14,304","11,538",970,"13,298","10,162","1,242","27,602","26,248","11,391","1,772",288,"5,278",-,"7,519","1,354","12,594","2,467",598,"5,670",46,"7,828","27,602","13,974","13,628","6,141","1,372",91,"5,268",-
0,11233,"76,819","6,202","5,589","4,476","4,457","6,274","13,793","9,647","10,236","3,879","3,800","4,841","2,717",908,33.0,-,"60,552","19,186","57,633","55,036","49,821","10,609","8,466","76,819","35,096","25,485","3,237","41,723","32,148","5,229","76,819","75,017","6,731","60,526",113,"1,320",-,"6,327","1,802","7,764","61,749",572,"1,775",118,"6,772","76,819","12,276","64,543","5,320","56,546",61,"1,258",-
0,11234,"95,666","5,677","5,879","6,380","5,739","5,331","12,448","11,899","12,441","7,030","6,739","9,380","4,610","2,113",40.3,-,"77,730","21,692","73,974","70,764","66,660","20,207","16,103","95,666","45,456","34,097","6,987","50,210","39,877","9,116","95,666","93,956","39,753","43,831",152,"6,411",11,"3,798","1,710","41,118","44,625",371,"7,141",65,"4,146","95,666","10,023","85,643","35,900","41,699",118,"6,351",11
0,11235,"78,128","4,521","3,587","4,083","3,185","3,310","10,497","9,761","10,201","5,295","5,325","8,981","5,993","3,389",45.1,-,"65,937","14,235","63,893","62,157","59,442","21,837","18,363","78,128","37,432","29,698","7,498","40,696","34,195","10,865","78,128","76,095","58,754","2,011",189,"11,285",-,"3,856","2,033","60,607","2,303",358,"12,948",41,"4,020","78,128","6,491","71,637","56,160","1,812",184,"11,260",-
0,11236,"100,331","6,574","5,472","6,425","6,405","7,363","14,252","12,799","13,465","7,202","6,768","8,564","3,512","1,530",37.9,-,"81,860","22,442","77,889","73,951","68,092","17,308","13,606","100,331","43,752","32,788","4,984","56,579","45,101","8,622","100,331","98,909","5,879","86,679",158,"2,720",15,"3,458","1,422","6,527","87,662",396,"3,474",22,"3,785","100,331","7,166","93,165","4,333","84,496",85,"2,679",-
0,11237,"49,310","2,838","2,782","3,187","2,549","5,265","13,520","7,397","5,007","1,944","1,505","2,021",948,347,30.3,-,"40,503","10,324","38,986","37,415","32,689","4,092","3,316","49,310","25,382","20,021","1,379","23,928","18,965","1,937","49,310","47,733","20,736","6,670",388,"3,636",23,"16,280","1,577","21,777","7,451",533,"4,214",117,"16,863","49,310","31,052","18,258","9,791","3,718",151,"3,557",4
0,11238,"54,540","3,294","2,042","2,064","1,488","2,682","14,658","9,632","6,351","2,824","2,861","4,005","1,691",948,35.8,-,"47,140","8,508","46,032","45,381","42,970","8,358","6,644","54,540","25,481","21,110","2,540","29,059","24,922","4,104","54,540","51,722","25,308","20,521",46,"3,364",19,"2,464","2,818","27,630","22,012",400,"4,529",138,"2,890","54,540","5,947","48,593","23,185","19,319",39,"3,319",10
0,11239,"13,244",648,"1,025",658,438,857,"1,424","1,325","1,558",698,775,"1,889","1,290",659,46.8,-,"10,913","2,644","10,600","10,098","9,618","4,267","3,838","13,244","5,406","3,926","1,364","7,838","6,674","2,474","13,244","13,062","4,057","7,991",137,300,-,577,182,"4,137","8,166",146,326,-,651,"13,244","2,507","10,737","2,487","7,778",115,284,-
0,11354,"55,200","2,766","2,300","2,173","2,049","2,935","8,320","6,659","8,642","4,665","3,497","5,465","3,606","2,123",45.5,-,"47,961","8,533","46,667","45,379","42,977","13,050","11,194","55,200","25,033","20,467","4,561","30,167","26,200","6,633","55,200","53,882","11,472","1,775",115,"34,682",7,"5,831","1,318","12,401","2,134",216,"35,535",86,"6,244","55,200","8,803","46,397","9,060","1,670",54,"34,571",7
0,11355,"80,853","4,605","3,763","3,237","3,064","4,488","12,123","11,278","13,098","5,611","5,342","7,571","4,641","2,032",42.8,-,"69,248","13,531","67,322","65,343","61,696","17,265","14,244","80,853","38,656","31,530","6,199","42,197","35,792","8,045","80,853","79,023","10,683","2,748",613,"58,759",78,"6,142","1,830","11,725","3,413",940,"59,575",211,"6,941","80,853","11,943","68,910","6,043","2,306",455,"58,718",70
0,11356,"23,362","1,849","1,204","1,449","1,263","1,407","3,709","3,119","3,436","1,409","1,481","1,588","1,130",318,37.1,-,"18,860","5,325","18,037","17,282","16,190","3,845","3,036","23,362","11,624","8,722","1,300","11,738","9,315","1,736","23,362","22,304","8,389",419,71,"6,857",49,"6,519","1,058","9,221",496,171,"7,376",112,"7,044","23,362","9,417","13,945","6,189",355,-,"6,771",49
0,11357,"39,902","2,409","1,785","2,459","1,863","1,897","4,412","4,719","5,920","2,749","3,048","4,520","2,805","1,316",45.5,-,"33,249","7,821","32,081","31,052","29,489","10,285","8,641","39,902","18,957","15,168","3,769","20,945","16,913","4,872","39,902","38,904","27,972",259,75,"8,826",14,"1,758",998,"28,897",508,120,"9,358",81,"1,959","39,902","6,240","33,662","23,849",187,41,"8,770",14
0,11358,"37,190","1,956","1,493","1,906","1,763","1,852","5,221","5,025","5,778","2,795","2,267","4,008","2,369",757,43.9,-,"31,835","6,507","30,683","29,744","28,220","8,486","7,134","37,190","18,368","14,935","3,244","18,822","15,748","3,890","37,190","36,299","15,507",352,153,"17,515",-,"2,772",891,"16,247",585,288,"18,044",-,"3,020","37,190","6,261","30,929","12,476",184,121,"17,473",-
0,11360,"19,621","1,268",772,911,654,645,"1,858","2,852","2,547","1,428","1,396","2,411","1,808","1,071",48.5,-,"16,670","3,349","16,272","15,945","15,371","6,222","5,290","19,621","9,073","7,395","2,184","10,548","8,877","3,106","19,621","19,300","12,199",196,25,"6,402",-,478,321,"12,469",313,45,"6,557",10,568,"19,621","1,918","17,703","10,832",149,25,"6,357",-
0,11361,"27,246","1,210","1,124","1,474","1,364","1,498","3,945","3,665","3,969","1,902","1,846","2,919","1,460",870,43.3,-,"23,438","4,724","22,522","21,867","20,576","6,360","5,249","27,246","13,337","10,758","2,332","13,909","11,764","2,917","27,246","26,772","13,252","1,036",-,"11,138",-,"1,346",474,"13,545","1,248",137,"11,349",-,"1,485","27,246","3,510","23,736","11,384",982,-,"11,051",-
0,11362,"18,721",962,"1,024",635,769,797,"1,846","2,439","2,551","1,541","1,322","2,471","1,278","1,086",49.4,-,"16,100","3,054","15,667","15,235","14,534","5,593","4,835","18,721","8,786","7,193","2,209","9,935","8,474","2,626","18,721","18,184","9,308",176,-,"8,098",-,602,537,"9,814",405,234,"8,188",-,627,"18,721","1,659","17,062","8,289",150,-,"8,098",-
0,11363,"6,952",339,399,439,219,275,706,939,"1,057",681,399,797,481,221,47.8,-,"5,775","1,316","5,636","5,520","5,281","1,723","1,499","6,952","3,341","2,608",608,"3,611","3,028",891,"6,952","6,813","4,124",124,-,"2,264",-,301,139,"4,263",146,22,"2,381",-,301,"6,952",914,"6,038","3,531",112,-,"2,264",-
0,11364,"36,806","1,980","1,794","2,037","2,102","1,567","4,321","4,706","5,793","3,028","2,781","4,016","1,791",890,44.8,-,"30,995","7,247","29,559","28,308","27,326","7,932","6,697","36,806","18,053","14,124","3,086","18,753","15,435","3,611","36,806","36,186","14,708",962,315,"19,176",9,"1,016",620,"15,189","1,194",329,"19,717",43,"1,072","36,806","3,526","33,280","12,523",770,315,"19,103",-
0,11365,"44,983","3,300","2,059","2,637","2,380","2,576","6,400","5,705","6,566","3,555","3,137","3,530","2,121","1,017",40.8,-,"36,987","9,186","35,797","34,098","32,031","8,380","6,668","44,983","21,359","16,992","3,068","23,624","18,805","3,600","44,983","43,113","15,033","3,815",159,"20,176",21,"3,909","1,870","16,738","4,254",310,"20,789",32,"4,799","44,983","8,866","36,117","11,388","3,347",104,"20,070",21
0,11366,"14,650",891,629,919,825,"1,237","1,859","1,671","1,987","1,018","1,113","1,423",732,346,40.6,-,"12,211","3,017","11,633","11,233","10,149","3,112","2,501","14,650","6,977","5,483","1,139","7,673","6,150","1,362","14,650","14,269","6,295",768,-,"6,676",-,530,381,"6,656",829,-,"6,987",12,547,"14,650","1,298","13,352","5,707",713,-,"6,615",-
0,11367,"41,824","3,368","2,950","2,336","2,464","2,868","6,172","4,896","4,205","2,679","3,209","4,033","1,810",834,36.4,-,"33,170","10,007","31,817","29,967","27,838","8,450","6,677","41,824","20,114","15,022","3,037","21,710","16,795","3,640","41,824","40,143","23,407","3,526",88,"10,891",-,"2,231","1,681","24,863","3,930",294,"11,704",55,"2,706","41,824","7,466","34,358","19,408","3,075",69,"10,655",-
0,11368,"112,425","10,131","8,373","7,821","6,385","7,834","20,989","18,072","13,344","5,042","4,715","5,709","2,767","1,243",32.4,-,"86,100","30,446","81,979","78,087","71,881","12,294","9,719","112,425","58,465","43,182","4,038","53,960","38,797","5,681","112,425","110,033","42,338","11,805",737,"13,463",13,"41,677","2,392","43,928","12,777","1,040","13,865",264,"43,012","112,425","84,868","27,557","4,409","9,291",209,"12,613",-
0,11369,"34,118","2,445","1,715","1,946","1,862","2,413","5,064","4,625","4,824","2,266","1,711","2,824","1,675",748,38.3,-,"28,012","7,297","26,821","25,656","23,737","6,104","5,247","34,118","16,785","13,116","2,160","17,333","13,705","3,087","34,118","32,918","9,834","5,546",84,"4,207",-,"13,247","1,200","10,760","6,112",242,"4,488",127,"13,722","34,118","21,701","12,417","2,747","5,063",51,"4,196",-
0,11370,"32,514","1,591","1,035","1,329","2,195","2,844","5,912","5,045","5,008","1,997","1,492","2,162","1,273",631,37.5,-,"28,559","5,124","27,390","25,807","23,520","4,869","4,066","32,514","19,284","16,471","1,691","13,230","10,919","2,375","32,514","31,841","13,704","4,869",348,"7,149",-,"5,771",673,"14,259","5,064",365,"7,565",7,"6,031","32,514","12,153","20,361","8,236","4,484",25,"7,138",-
0,11372,"61,844","3,423","2,983","3,220","2,272","2,746","9,819","11,455","9,113","3,818","3,355","5,857","2,652","1,131",40.5,-,"52,218","11,192","50,652","49,409","47,200","11,713","9,640","61,844","30,769","24,763","3,550","31,075","25,889","6,090","61,844","59,583","35,443","1,973",246,"12,695",141,"9,085","2,261","37,225","2,435",912,"13,426",263,"10,009","61,844","35,600","26,244","11,022","1,465",40,"12,490",86
0,11373,"93,967","5,618","5,164","4,804","4,710","5,807","16,702","13,909","12,718","5,906","5,892","7,349","3,984","1,404",38.2,-,"78,381","18,568","75,399","72,628","67,864","15,948","12,737","93,967","47,038","37,647","5,313","46,929","37,752","7,424","93,967","91,897","20,359","2,003",826,"45,690",11,"23,008","2,070","21,823","2,472","1,324","46,611",237,"23,677","93,967","38,896","55,071","6,148","1,646",435,"45,348",11
0,11374,"42,653","2,338","1,827","1,340","1,286","2,016","7,240","5,766","5,033","3,884","2,927","4,985","2,688","1,323",43.8,-,"37,148","6,375","36,278","35,467","33,846","10,683","8,996","42,653","19,585","16,464","3,649","23,068","19,814","5,347","42,653","40,551","22,481","1,881",47,"13,698",-,"2,444","2,102","24,382","2,345",683,"14,674",49,"2,692","42,653","6,947","35,706","18,568","1,657",-,"13,580",-
0,11375,"73,488","5,169","4,242","2,984","2,063","2,141","10,963","11,478","9,441","5,313","4,896","7,718","4,757","2,323",42.7,-,"61,093","13,666","59,822","58,739","56,889","17,413","14,798","73,488","33,695","26,864","5,924","39,793","32,958","8,874","73,488","70,050","44,651","2,008",203,"20,607",-,"2,581","3,438","47,397","3,444",454,"22,627",237,"3,119","73,488","11,570","61,918","36,724","1,825",82,"20,530",-
0,11377,"86,421","4,236","4,155","4,138","3,535","4,713","13,846","16,519","12,022","5,785","4,367","7,570","4,280","1,255",40.0,-,"73,892","14,788","71,633","69,341","65,644","15,567","13,105","86,421","44,369","36,759","5,595","42,052","34,874","7,510","86,421","83,735","42,254","2,299",327,"32,108",-,"6,747","2,686","44,308","2,812","1,073","33,373",188,"7,559","86,421","32,900","53,521","18,107","1,624",205,"31,843",-
0,11378,"37,279","2,653","2,230","2,215","2,259","2,095","5,560","5,548","5,193","2,596","2,230","2,543","1,303",854,37.7,-,"30,181","8,711","28,568","27,498","25,827","5,940","4,700","37,279","18,168","13,662","1,935","19,111","14,906","2,765","37,279","36,054","26,836",635,84,"3,850",32,"4,617","1,225","27,978","1,047",351,"4,029",61,"5,153","37,279","12,007","25,272","20,160",531,49,"3,832",-
0,11379,"37,851","1,924","2,272","2,251","1,608","1,794","4,753","5,426","5,979","2,845","2,341","3,334","2,409",915,42.7,-,"31,404","7,470","30,381","29,374","28,002","8,045","6,658","37,851","17,886","14,189","2,776","19,965","16,192","3,882","37,851","36,672","29,559",367,72,"4,166",-,"2,508","1,179","30,586",730,202,"4,591",22,"2,958","37,851","7,621","30,230","25,050",324,-,"4,152",-
0,11385,"106,717","6,955","6,601","6,421","5,950","7,307","19,130","16,018","14,527","6,804","5,900","5,990","3,543","1,571",35.4,-,"86,740","23,733","82,984","79,442","73,483","14,555","11,104","106,717","53,086","41,069","4,525","53,631","41,915","6,579","106,717","104,422","87,155","2,415",263,"7,123",-,"7,466","2,295","89,140","3,222",416,"7,983",47,"8,268","106,717","47,246","59,471","49,227","1,710",36,"7,101",-
0,11411,"20,759",938,854,"1,253","1,013","1,491","2,524","2,560","3,071","1,834","1,242","2,181","1,319",479,44.2,-,"17,714","3,738","17,021","16,514","15,210","4,600","3,979","20,759","9,582","7,636","1,499","11,177","9,385","2,480","20,759","20,482",699,"19,233",18,58,-,474,277,766,"19,475",68,126,-,613,"20,759","1,369","19,390",207,"18,790",18,58,-
0,11412,"37,458","2,189","1,891","2,206","2,365","2,837","4,912","4,375","5,717","3,197","2,263","3,171","1,682",653,40.5,-,"31,172","7,713","29,745","28,287","25,970","6,602","5,506","37,458","17,167","13,430","1,998","20,291","16,315","3,508","37,458","36,596",661,"33,702",271,891,23,"1,048",862,"1,011","34,470",579,"1,042",61,"1,272","37,458","1,909","35,549",286,"33,065",265,867,23
0,11413,"42,443","2,324","2,581","2,529","2,924","2,660","5,682","5,259","6,248","2,648","2,670","3,827","2,302",789,39.8,-,"35,009","9,209","33,234","31,496","29,425","8,305","6,918","42,443","19,773","15,006","2,813","22,670","18,228","4,105","42,443","41,707",987,"39,084",105,480,51,"1,000",736,"1,264","39,730",282,662,57,"1,205","42,443","2,080","40,363",632,"38,209",69,480,51
0,11414,"29,219","1,613","1,053","2,081","1,503","1,362","3,006","3,980","3,915","2,155","2,131","3,138","2,045","1,237",45.0,-,"24,472","5,856","23,363","22,645","21,607","7,942","6,420","29,219","13,929","10,651","2,759","15,290","12,712","3,661","29,219","27,460","22,761",556,-,"1,518",-,"2,625","1,759","23,857","1,289",225,"2,207",-,"3,804","29,219","6,513","22,706","19,824",518,-,"1,475",-
0,11415,"19,372","1,228","1,059","1,005",808,"1,095","3,168","2,906","2,667","1,200","1,149","1,860",786,441,38.9,-,"16,080","3,864","15,508","15,150","14,177","3,741","3,087","19,372","9,253","7,140","1,215","10,119","8,368","1,872","19,372","18,602","11,415","1,039",92,"3,671",19,"2,366",770,"11,983","1,364",231,"4,056",38,"2,511","19,372","4,833","14,539","9,010",967,66,"3,671",19
0,11416,"27,125","1,840","1,642","1,769","1,970","2,000","3,998","3,667","4,137","1,870","1,452","1,654",833,293,35.6,-,"21,874","6,475","20,650","19,362","17,904","3,696","2,780","27,125","13,398","10,106","1,184","13,727","10,544","1,596","27,125","25,438","7,440","1,705",12,"9,033",5,"7,243","1,687","8,346","2,252",177,"9,732",18,"8,401","27,125","12,243","14,882","3,448","1,294",1,"8,979",5
0,11417,"31,927","1,893","1,740","2,080","2,122","2,494","4,384","4,135","5,002","2,354","1,746","2,577",959,441,38.3,-,"26,214","7,077","24,850","23,292","21,598","4,819","3,977","31,927","15,311","12,006","1,654","16,616","12,844","2,323","31,927","30,233","11,426","2,362",75,"9,273",5,"7,092","1,694","12,317","3,159",304,"10,013",85,"7,840","31,927","12,302","19,625","6,244","1,844",-,"9,131",5
0,11418,"38,517","2,795","2,477","2,252","2,554","2,852","6,252","4,810","5,472","2,290","2,406","2,548","1,203",606,35.1,-,"30,993","9,058","29,459","27,867","25,587","5,740","4,357","38,517","19,354","14,594","1,821","19,163","14,865","2,536","38,517","36,047","15,641","2,829",215,"9,217",-,"8,145","2,470","17,119","3,674",552,"10,213",212,"9,303","38,517","17,603","20,914","6,312","2,460",136,"9,217",-
0,11419,"49,618","3,090","2,519","2,803","2,864","4,311","7,927","6,231","7,569","3,594","3,003","3,515","1,737",455,37.0,-,"41,206","10,021","39,597","37,379","34,031","7,402","5,707","49,618","24,983","19,517","2,547","24,635","20,080","3,160","49,618","46,650","4,991","8,140",478,"16,169",19,"16,853","2,968","5,582","9,465",794,"17,502",641,"18,746","49,618","9,358","40,260","2,136","7,812",388,"15,990",19
0,11420,"48,489","2,433","2,417","2,858","3,079","3,651","7,462","6,048","7,353","4,199","3,298","3,192","1,891",608,39.2,-,"40,781","9,604","38,885","36,956","34,051","7,287","5,691","48,489","23,765","18,802","2,479","24,724","20,083","3,212","48,489","45,307","7,399","11,883",449,"15,052",76,"10,448","3,182","8,342","13,606",916,"16,693",471,"12,035","48,489","11,660","36,829","2,367","11,167",405,"15,013",76
0,11421,"41,002","2,580","2,321","2,456","2,445","3,117","6,031","5,913","5,627","3,178","2,155","3,308","1,307",564,37.8,-,"33,645","8,887","32,115","30,682","28,083","6,261","5,179","41,002","20,497","15,771","2,365","20,505","16,344","2,814","41,002","38,236","18,122","1,921",251,"8,029",-,"9,913","2,766","19,911","2,863",390,"8,631",46,"12,100","41,002","24,042","16,960","6,898","1,210",68,"7,932",-
0,11422,"32,082","1,948","1,643","1,708","1,959","2,269","4,874","4,116","4,825","2,445","2,137","2,487","1,291",380,38.4,-,"26,783","6,415","25,667","24,292","22,555","5,390","4,158","32,082","14,880","11,511","1,755","17,202","14,156","2,403","32,082","31,456","1,759","27,335",305,662,-,"1,395",626,"2,076","27,832",349,903,109,"1,562","32,082","3,070","29,012","1,053","26,471",110,638,-
0,11423,"31,400","1,693","1,593","1,575","1,691","2,060","4,671","4,046","4,529","2,478","2,296","2,835","1,256",677,40.8,-,"26,539","5,907","25,493","24,432","22,788","6,211","4,768","31,400","15,291","12,374","2,027","16,109","13,119","2,741","31,400","30,206","4,070","12,198",218,"8,960",-,"4,760","1,194","4,273","13,012",403,"9,538",9,"5,439","31,400","4,455","26,945","2,807","12,083",200,"8,950",-
0,11426,"20,801","1,613","1,285","1,067",880,"1,387","3,265","2,435","2,776","1,565","1,325","2,256",560,387,38.6,-,"16,836","4,427","16,374","15,740","14,569","4,100","3,203","20,801","10,388","8,019","1,353","10,413","8,355","1,850","20,801","20,157","8,083","1,379",98,"9,202",-,"1,395",644,"8,391","1,573",144,"9,654",11,"1,714","20,801","3,938","16,863","5,834","1,278",11,"9,179",-
0,11427,"24,037","2,007","1,182","1,050","1,223","1,255","3,018","3,174","3,477","1,859","1,899","2,147","1,109",637,42.0,-,"19,798","4,963","19,074","18,291","17,320","4,774","3,893","24,037","11,886","9,296","1,682","12,151","9,778","2,211","24,037","22,589","7,047","4,979",279,"7,535",-,"2,749","1,448","7,467","5,310",534,"8,605",139,"3,568","24,037","4,676","19,361","4,762","4,737",121,"7,481",-
0,11428,"18,929",934,"1,035","1,030","1,165","1,171","2,688","2,306","3,138","1,351","1,241","2,023",654,193,40.8,-,"15,930","3,784","15,145","14,415","13,594","3,455","2,870","18,929","9,208","7,329","1,257","9,721","7,816","1,613","18,929","16,742","4,295","3,982",43,"4,877",87,"3,458","2,187","4,913","4,770",280,"6,161",292,"4,833","18,929","4,795","14,134","2,095","3,834",28,"4,805",20
0,11429,"27,403","1,343","1,380","1,533","1,741","2,242","3,955","3,374","4,086","1,876","1,910","2,307","1,221",435,39.0,-,"23,147","5,356","22,047","20,950","19,164","4,882","3,963","27,403","12,851","10,211","1,635","14,552","11,836","2,328","27,403","26,781",964,"20,884",209,"1,122",59,"3,543",622,"1,055","21,302",365,"1,439",64,"3,850","27,403","3,405","23,998",434,"20,276",194,"1,122",59
0,11432,"62,053","4,156","3,148","3,488","5,338","4,948","8,948","7,838","7,624","4,160","3,728","4,698","2,862","1,117",36.0,-,"51,261","12,909","49,144","44,892","40,975","11,037","8,677","62,053","29,294","22,768","3,758","32,759","26,376","4,919","62,053","59,060","11,857","9,931",381,"25,816",108,"10,967","2,993","13,599","11,039","1,077","27,383",269,"11,986","62,053","15,162","46,891","8,027","9,134",257,"25,619",22
0,11433,"36,489","2,254","2,030","2,723","2,717","2,825","5,687","4,372","4,914","2,351","2,147","2,711","1,177",581,35.0,-,"29,482","8,793","27,696","26,030","23,940","5,557","4,469","36,489","16,723","12,495","1,707","19,766","15,201","2,762","36,489","35,333","1,432","23,459",6,"3,195",9,"7,232","1,156","1,797","24,254",200,"3,429",157,"7,845","36,489","6,893","29,596",600,"22,628",6,"3,195",9
0,11434,"65,791","4,342","3,591","4,650","4,091","4,605","9,438","7,941","9,221","4,442","3,492","5,448","2,918","1,612",37.9,-,"53,208","15,263","50,528","48,054","44,512","11,962","9,978","65,791","29,219","21,080","3,391","36,572","29,448","6,587","65,791","64,487","1,927","57,595",22,"1,615",-,"3,328","1,304","2,503","58,341",331,"2,087",101,"3,865","65,791","4,955","60,836","1,024","55,870",-,"1,615",-
0,11435,"59,296","3,924","3,735","3,079","2,832","3,548","11,737","8,213","8,001","3,768","3,398","4,197","2,054",810,35.8,-,"48,558","12,469","46,827","45,259","42,178","8,806","7,061","59,296","29,447","22,751","2,837","29,849","24,076","4,224","59,296","56,666","10,038","14,016",135,"14,423",22,"18,032","2,630","11,442","14,940",601,"15,504",368,"19,320","59,296","18,428","40,868","6,737","13,287",55,"14,393",7
0,11436,"20,077","1,182","1,263","1,277","1,149","1,471","3,099","2,819","3,153","1,418","1,133","1,284",526,303,36.9,-,"16,355","4,499","15,578","14,934","13,735","2,666","2,113","20,077","9,918","7,543",864,"10,159","8,035","1,249","20,077","19,177","1,132","12,389",133,"2,116",-,"3,407",900,"1,354","12,945",332,"2,513",127,"3,851","20,077","2,969","17,108",308,"11,991",87,"2,084",-
0,11691,"67,094","6,877","6,294","4,748","4,326","4,628","9,521","6,953","7,854","4,097","3,480","4,401","2,786","1,129",31.1,-,"49,175","20,578","46,516","43,649","40,221","10,291","8,316","67,094","30,803","20,548","3,510","36,291","25,968","4,806","67,094","65,515","26,121","31,425",132,"2,348",90,"5,399","1,579","26,960","32,786",403,"2,622",181,"5,840","67,094","17,688","49,406","16,075","29,701",-,"2,320",90
0,11692,"20,991","1,430","1,836","1,736","1,499","1,247","2,939","2,421","2,830","1,419","1,068","1,588",642,336,34.2,-,"15,989","5,924","15,067","14,146","13,243","3,221","2,566","20,991","9,755","6,506","1,109","11,236","8,561","1,457","20,991","20,567","4,745","12,782",154,"1,199",-,"1,687",424,"4,976","12,998",202,"1,309",23,"1,907","20,991","5,122","15,869","2,093","11,961",40,"1,199",-
0,11693,"12,919",999,832,643,606,915,"1,664","1,619","2,242",914,896,"1,027",447,115,39.5,-,"10,445","2,831","10,088","9,519","8,924","2,169","1,589","12,919","6,308","4,834",594,"6,611","5,254",995,"12,919","12,220","8,174","2,571",-,521,-,954,699,"8,589","2,914",107,628,-,"1,403","12,919","3,810","9,109","6,065","2,075",-,521,-
0,11694,"21,354","1,389",903,"1,226",937,830,"2,231","2,221","3,446","2,181","1,622","2,470","1,123",775,48.5,-,"17,836","4,192","17,162","16,641","16,069","5,371","4,368","21,354","10,932","8,765","1,968","10,422","8,397","2,400","21,354","21,109","17,362","1,449",214,742,-,"1,342",245,"17,571","1,522",387,794,-,"1,342","21,354","3,183","18,171","15,589","1,283",143,742,-
0,11697,"3,540",224,192,246,176,201,259,300,491,259,293,453,296,150,49.1,-,"2,878",771,"2,769","2,665","2,501","1,067",899,"3,540","1,699","1,404",428,"1,841","1,365",471,"3,540","3,540","3,378",21,-,20,-,121,-,"3,378",21,-,20,-,121,"3,540",229,"3,311","3,243",21,-,20,-
