,zipcode,S1. HOUSEHOLDS BY TYPE.Total households,S1. HOUSEHOLDS BY TYPE.Family households,S1. HOUSEHOLDS BY TYPE.With own children under 18 years,S1. HOUSEHOLDS BY TYPE.Married-couple families,S1. HOUSEHOLDS BY TYPE.With own children under 18 years,"S1. HOUSEHOLDS BY TYPE.Male householder, no wife present",S1. HOUSEHOLDS BY TYPE.With own children under 18 years,"S1. HOUSEHOLDS BY TYPE.Female householder, no husband present",S1. HOUSEHOLDS BY TYPE.With own children under 18 years,S1. HOUSEHOLDS BY TYPE.Nonfamily households,S1. HOUSEHOLDS BY TYPE.Householder living alone,S1. HOUSEHOLDS BY TYPE.65 years and over living alone,S1. HOUSEHOLDS BY TYPE.Households with one or more people under 18 years,S1. HOUSEHOLDS BY TYPE.Households with one or more people 65 years and over,S1. HOUSEHOLDS BY TYPE.Average household size,S1. HOUSEHOLDS BY TYPE.Average family size,S2. PERSONS BY HOUSEHOLD TYPE / GROUP QUARTERS.Total population,S2. PERSONS BY HOUSEHOLD TYPE / GROUP QUARTERS.Household population,S2. PERSONS BY HOUSEHOLD TYPE / GROUP QUARTERS.Living in family households,S2. PERSONS BY HOUSEHOLD TYPE / GROUP QUARTERS.Living in nonfamily households,S2. PERSONS BY HOUSEHOLD TYPE / GROUP QUARTERS.Living alone,S2. PERSONS BY HOUSEHOLD TYPE / GROUP QUARTERS.Living in group quarters,S3. RELATIONSHIP.Household population,S3. RELATIONSHIP.Householder,S3. RELATIONSHIP.Spouse,S3. RELATIONSHIP.Child,S3. RELATIONSHIP.Other relatives,S3. RELATIONSHIP.Nonrelatives,S3. RELATIONSHIP.Unmarried partner,S3. RELATIONSHIP.Unmarried-partner HHs per 1000,S4. MARITAL STATUS.Persons 15 years and over,S4. MARITAL STATUS.Never married,"S4. MARITAL STATUS.Now married, except separated",S4. MARITAL STATUS.Separated,S4. MARITAL STATUS.Widowed,"S4. MARITAL STATUS.Divorced, and not currently married",S5. FERTILITY.Women 15 to 50 years old,S5. FERTILITY.Unmarried women 15 to 50 years old,S5. FERTILITY.Women 15 to 50 years old who had a birth in the past 12 months,S5. FERTILITY.Unmarried women who gave birth,S5. FERTILITY.Women 15 to 19 years of age,S5. FERTILITY.Women 20 to 34 years of age,S5. FERTILITY.Women 35 to 50 years of age,"S5. FERTILITY.Per 1,000 unmarried women","S5. FERTILITY.Per 1,000 women 15 to 50 years old","S5. FERTILITY.Per 1,000 women 15 to 19 years old","S5. FERTILITY.Per 1,000 women 20 to 34 years old","S5. FERTILITY.Per 1,000 women 35 to 50 years old",S6. GRANDPARENTS AS CAREGIVERS.Grandparents living with own grandchildren under 18 years,S6. GRANDPARENTS AS CAREGIVERS.Grandparents responsible for grandchildren,S6. GRANDPARENTS AS CAREGIVERS.Less than 1 year,S6. GRANDPARENTS AS CAREGIVERS.1 or 2 years,S6. GRANDPARENTS AS CAREGIVERS.3 or 4 years,S6. GRANDPARENTS AS CAREGIVERS.5 or more years,S7. SCHOOL ENROLLMENT.Population 3 years and over,S7. SCHOOL ENROLLMENT.Population 3 years and over enrolled in school,"S7. SCHOOL ENROLLMENT.In nursery school, preschool",S7. SCHOOL ENROLLMENT.In kindergarten,"S7. SCHOOL ENROLLMENT.In elementary school, grades 1-8","S7. SCHOOL ENROLLMENT.In high school, grades 9-12",S7. SCHOOL ENROLLMENT.In college or graduate school,S8. EDUCATIONAL ATTAINMENT.Population 25 years and over,S8. EDUCATIONAL ATTAINMENT.Less than 9th grade,"S8. EDUCATIONAL ATTAINMENT.9th to 12th grade, no diploma",S8. EDUCATIONAL ATTAINMENT.High school graduate (includes equivalency),"S8. EDUCATIONAL ATTAINMENT.Some college, no degree",S8. EDUCATIONAL ATTAINMENT.Associates degree,S8. EDUCATIONAL ATTAINMENT.Bachelors degree,S8. EDUCATIONAL ATTAINMENT.Graduate or professional degree,S8. EDUCATIONAL ATTAINMENT.High school graduate or higher,S8. EDUCATIONAL ATTAINMENT.Bachelor degree or higher,S9. VETERAN STATUS.Civilian population 18 years and over,S9. VETERAN STATUS.Civilian veterans,S10a. DISABLED BY AGE.Civilian noninstitutionalized persons,S10a. DISABLED BY AGE.With a disability,S10a. DISABLED BY AGE.Persons 18 and under,S10a. DISABLED BY AGE.With a disability,S10a. DISABLED BY AGE.Persons 19 to 64 years,S10a. DISABLED BY AGE.With a disability,S10a. DISABLED BY AGE.Persons 65 years and over,S10a. DISABLED BY AGE.With a disability,S11. RESIDENCE 1 YEAR AGO.Population 1 year and over,S11. RESIDENCE 1 YEAR AGO.Same house,S11. RESIDENCE 1 YEAR AGO.Different house in the U.S.,S11. RESIDENCE 1 YEAR AGO.Same county,S11. RESIDENCE 1 YEAR AGO.Different county (any),S11. RESIDENCE 1 YEAR AGO.Different county (same state),S11. RESIDENCE 1 YEAR AGO.Different state,S11. RESIDENCE 1 YEAR AGO.Lived abroad 1 year ago,S12. PLACE OF BIRTH AND CITIZENSHIP STATUS.Total population,S12. PLACE OF BIRTH AND CITIZENSHIP STATUS.U.S. native,S12. PLACE OF BIRTH AND CITIZENSHIP STATUS.Born in United States,S12. PLACE OF BIRTH AND CITIZENSHIP STATUS.Born in state of current residence,S12. PLACE OF BIRTH AND CITIZENSHIP STATUS.Born in different state than current residence,"S12. PLACE OF BIRTH AND CITIZENSHIP STATUS.Born in Puerto Rico, U.S. Island areas, or born abroad to American parents",S12. PLACE OF BIRTH AND CITIZENSHIP STATUS.Foreign born,S12. PLACE OF BIRTH AND CITIZENSHIP STATUS.Naturalized U.S. citizen,S12. PLACE OF BIRTH AND CITIZENSHIP STATUS.Not a U.S. citizen,S13. YEAR OF ENTRY.Population born outside the United States,"S13. YEAR OF ENTRY.Native, born outside U.S.",S13. YEAR OF ENTRY.Entered U.S. 2000 or later,S13. YEAR OF ENTRY.Entered U.S. before 2000,S13. YEAR OF ENTRY.Foreign born,S13. YEAR OF ENTRY.Entered U.S. 2000 or later,S13. YEAR OF ENTRY.Entered U.S. before 2000,"S14. WORLD REGION OF BIRTH OF FOREIGN BORN.Foreign-born population, excluding population born at sea",S14. WORLD REGION OF BIRTH OF FOREIGN BORN.Europe,S14. WORLD REGION OF BIRTH OF FOREIGN BORN.Asia,S14. WORLD REGION OF BIRTH OF FOREIGN BORN.Africa,S14. WORLD REGION OF BIRTH OF FOREIGN BORN.Oceania,S14. WORLD REGION OF BIRTH OF FOREIGN BORN.South and Central America (includes Mexico),S14. WORLD REGION OF BIRTH OF FOREIGN BORN.Northern America,S15. LANGUAGE SPOKEN AT HOME.Population 5 years and over,S15. LANGUAGE SPOKEN AT HOME.English only,S15. LANGUAGE SPOKEN AT HOME.Language other than English,"S15. LANGUAGE SPOKEN AT HOME.Speaks English less than ""very well""",S15. LANGUAGE SPOKEN AT HOME.Speak Spanish,"S15. LANGUAGE SPOKEN AT HOME.Speaks English less than ""very well""",S16. COMPUTER OWNERSHIP AND INTERNET USE.Total households,S16. COMPUTER OWNERSHIP AND INTERNET USE.Households with no computer,S16. COMPUTER OWNERSHIP AND INTERNET USE.Households with a computer,S16. COMPUTER OWNERSHIP AND INTERNET USE.With a dial-up internet subscription alone,S16. COMPUTER OWNERSHIP AND INTERNET USE.With a broadband internet subscription,S16. COMPUTER OWNERSHIP AND INTERNET USE.No internet subscription
0,10001,,30.9,9.7,22.8,7.0,3.0,1.0,5.1,1.7,69.1,78.1,21.5,10.2,22.9,,,,95.3,47.6,52.4,78.1,4.7,95.3,56.9,12.6,14.5,2.6,13.4,3.6,,,55.9,29.5,1.8,4.6,8.2,,75.0,2.5,17.9,,69.0,31.0,,,,,,,14.4,,,100.0,,,17.8,2.4,3.3,24.0,6.8,63.5,,4.2,4.0,12.3,8.1,3.3,37.9,30.2,91.8,68.0,100.0,2.5,,8.2,10.2,0.3,75.0,4.4,14.8,32.9,,81.7,15.6,54.5,45.5,12.8,32.7,2.7,,67.7,94.4,55.1,44.9,5.6,32.3,52.4,47.6,36.1,10.4,235.5,69.2,32.3,50.9,49.1,32.3,18.0,57.4,5.4,2.8,14.6,1.8,,,,37.4,,25.2,,8.7,91.3,0.4,95.8,3.8
0,10002,,49.4,14.2,28.8,7.3,5.7,1.3,14.9,5.6,50.6,84.4,29.3,17.7,34.4,,,,97.6,70.5,29.5,84.4,2.4,97.6,45.8,13.2,21.5,12.3,7.2,1.4,,,44.6,36.5,2.8,8.3,7.8,,68.1,4.0,31.1,0.4,62.7,36.8,,,,,,,35.7,11.6,46.0,8.8,33.5,,17.7,5.9,3.7,33.7,19.9,36.8,,21.0,13.0,19.6,8.4,4.0,21.9,12.1,66.0,34.0,100.0,1.8,,15.2,14.0,2.6,65.1,9.0,20.9,42.9,,92.1,7.0,49.7,50.3,32.1,18.2,0.8,,58.2,88.7,76.0,24.0,11.3,41.8,60.5,39.5,48.4,13.5,70.3,89.0,41.8,30.6,69.4,41.8,6.7,77.2,0.6,0.6,14.5,0.4,,,,62.0,,37.9,,26.1,73.9,0.3,74.6,25.1
0,10003,,30.4,9.2,26.4,7.3,1.2,0.4,2.8,1.5,69.6,79.1,16.4,9.4,19.0,,,,81.4,45.7,54.3,79.1,18.6,81.4,58.7,15.3,10.9,1.4,13.7,4.0,,,63.1,28.9,0.6,2.2,5.2,,78.7,3.0,27.1,11.1,33.4,55.5,,,,,,,44.3,,,100.0,,,27.9,3.4,1.2,8.5,2.8,84.2,,2.2,1.7,6.0,6.9,3.1,42.4,37.7,96.1,80.2,100.0,2.3,,6.9,14.2,0.9,74.1,5.5,11.8,22.6,,69.5,26.8,32.3,67.7,15.8,51.9,3.7,,80.1,97.3,48.0,52.0,2.7,19.9,37.5,62.5,22.1,10.0,330.1,61.9,19.9,56.2,43.8,19.9,34.8,42.3,1.9,2.6,12.5,6.0,,,,23.4,,14.2,,4.0,96.0,0.5,90.0,9.5
0,10004,,42.7,17.1,38.6,14.1,0.5,0.5,3.6,2.5,57.3,83.6,9.5,17.1,10.0,,,,99.9,60.4,39.6,83.6,0.1,99.9,54.9,21.3,12.7,2.3,8.8,2.8,,,43.8,48.7,0.1,2.7,4.6,,61.6,1.2,28.6,,,100.0,,,,,,,,,,,,,13.0,12.5,0.8,38.6,23.0,25.1,,1.1,,2.2,5.8,0.5,47.5,42.9,98.9,90.4,100.0,1.9,,5.2,12.0,4.7,80.4,4.1,7.5,17.5,,83.0,14.2,69.8,30.2,0.9,29.3,2.9,,72.6,97.1,50.9,49.1,2.9,27.4,32.3,67.7,29.6,7.2,643.8,31.2,27.4,65.1,34.9,27.4,33.2,56.3,,2.9,5.8,1.8,,,,10.0,,9.0,,,100.0,,98.6,1.4
0,10005,,36.9,18.1,32.6,14.3,1.2,1.0,3.2,2.8,63.1,60.7,1.8,18.1,1.9,,,,99.8,48.4,51.6,60.7,0.2,99.8,49.6,16.4,13.1,0.3,20.5,4.2,,,54.5,38.5,0.5,1.0,5.4,,66.0,1.5,15.0,,36.7,63.3,,,,,,,,,,,,,17.7,9.2,5.0,26.5,7.1,52.2,,0.7,,4.5,2.1,4.1,48.5,40.0,99.2,88.4,100.0,1.0,,1.6,12.5,,86.2,1.6,1.3,20.5,,72.5,24.6,59.9,40.1,16.3,23.8,2.8,,77.7,97.1,44.8,55.2,2.9,22.3,37.3,62.7,24.6,9.2,390.5,39.0,22.3,66.5,33.5,22.3,32.0,45.2,2.3,4.5,10.8,5.3,,,,15.9,,24.7,,0.3,99.7,,99.0,1.0
0,10006,,35.3,16.4,29.0,13.9,3.9,0.8,2.3,1.7,64.7,66.8,,16.4,0.9,,,,100.0,49.9,50.1,66.8,,100.0,51.9,14.6,14.2,1.9,17.4,5.6,,,55.3,35.6,2.5,,6.6,,72.9,3.7,,,67.3,32.7,,,,,,,,,,,,,15.2,9.6,7.6,29.2,2.8,50.8,,0.6,,1.0,2.7,3.0,50.6,42.2,99.4,92.8,100.0,,,,13.0,,86.5,,0.5,,,78.5,20.0,79.3,20.7,1.2,19.5,1.6,,67.9,95.1,47.5,52.5,4.9,32.1,51.1,48.9,35.5,9.5,324.1,67.2,32.1,52.8,47.2,32.1,35.9,45.7,0.5,3.3,12.2,2.4,,,,13.3,,,,,100.0,,92.6,7.4
0,10007,,53.6,25.6,50.5,24.1,1.7,0.6,1.4,0.8,46.4,81.3,7.6,25.6,9.9,,,,87.7,74.9,25.1,81.3,12.3,87.7,44.4,22.9,23.9,3.9,4.9,2.3,,,32.0,59.7,1.5,0.6,6.1,,35.8,4.3,,,51.9,48.1,,,,,,,,,,,,,19.9,16.3,7.6,51.9,7.7,16.6,,3.0,4.3,7.1,5.3,0.3,42.6,37.4,92.6,80.0,100.0,4.0,,1.9,23.2,,71.2,2.1,5.6,7.6,,84.1,14.0,53.5,46.5,32.2,14.3,1.9,,76.5,96.1,59.9,40.1,3.9,23.5,42.4,57.6,26.5,11.3,227.6,33.8,23.5,53.7,46.3,23.5,43.4,39.4,1.1,1.0,13.3,1.9,,,,21.9,,37.9,,0.4,99.6,,97.7,2.3
0,10009,,35.2,12.4,20.5,6.6,2.2,0.8,12.5,5.0,64.8,75.7,21.8,13.8,24.8,,,,99.0,52.6,47.4,75.7,1.0,99.0,51.9,10.5,18.0,5.3,14.3,2.7,,,56.9,26.6,2.4,5.1,9.0,,75.8,1.9,40.1,,62.6,37.4,,,,,,,30.0,,62.0,21.6,16.5,,19.6,4.8,2.0,26.5,16.8,49.9,,6.2,5.6,14.2,10.6,3.9,37.6,21.8,88.2,59.5,100.0,1.6,,12.5,11.5,3.3,73.2,8.1,15.2,40.2,,86.4,12.4,53.4,46.6,18.9,27.7,1.2,,77.4,90.7,60.5,39.5,9.3,22.6,52.4,47.6,29.7,24.1,79.5,83.6,22.6,41.8,58.2,22.6,25.5,39.9,1.9,3.4,23.6,5.7,,,,37.0,,33.7,,11.3,88.7,0.3,75.4,24.3
0,10010,,34.8,12.7,29.5,11.4,1.4,0.6,3.9,0.7,65.2,77.6,23.1,13.4,23.4,,,,90.0,52.7,47.3,77.6,10.0,90.0,54.0,16.1,14.5,2.4,13.1,4.0,,,55.9,35.1,1.3,3.3,4.3,,67.0,2.5,11.0,8.7,30.3,61.0,,,,,,,39.3,,8.3,,91.7,,21.0,7.8,3.3,22.0,5.5,61.3,,1.5,2.4,8.6,6.8,2.3,37.0,41.4,96.1,78.4,99.5,2.5,,7.0,12.9,,73.0,3.5,14.1,31.2,,74.9,24.3,51.6,48.4,13.4,35.0,0.8,,79.6,96.7,54.9,45.1,3.3,20.4,48.2,51.8,23.0,11.3,217.8,81.2,20.4,49.5,50.5,20.4,27.8,47.2,4.2,1.0,14.2,5.7,,,,26.9,,20.1,,6.2,93.8,0.1,94.0,5.9
0,10011,,29.7,9.3,23.8,6.4,1.9,0.8,4.1,2.2,70.3,82.3,19.4,9.9,21.9,,,,97.1,47.9,52.1,82.3,2.9,97.1,59.5,14.2,12.5,2.2,11.6,5.1,,,53.7,32.3,0.9,3.0,10.0,,70.3,2.7,27.7,,48.8,51.2,,,,,,,20.9,,,,100.0,,13.9,6.5,5.5,27.7,12.5,47.8,,2.3,2.1,5.8,7.9,3.2,41.1,37.7,95.6,78.8,99.9,2.2,,8.9,9.7,2.8,74.1,6.3,16.1,24.7,,83.3,14.3,58.8,41.2,13.6,27.6,2.4,,76.2,96.9,49.5,50.5,3.1,23.8,46.6,53.4,26.1,9.1,284.7,77.7,23.8,50.3,49.7,23.8,35.9,30.2,2.7,3.2,19.8,8.2,,,,23.5,,24.0,,5.2,94.8,0.4,96.0,3.6
0,10012,,33.5,10.5,26.6,7.5,3.6,1.1,3.3,1.8,66.5,74.3,16.1,10.7,20.7,,,,94.0,48.2,51.8,74.3,6.0,94.0,54.7,14.4,12.2,2.7,16.0,2.6,,,56.9,33.2,1.7,2.1,6.1,,73.2,2.9,7.2,,44.3,55.7,,,,,,,,,,,,,20.7,3.6,1.2,14.2,8.1,72.9,,3.4,1.7,6.8,5.0,2.6,44.5,36.0,94.9,80.5,100.0,2.0,,5.9,8.7,,77.1,3.3,14.2,23.8,,76.6,21.5,51.6,48.4,15.4,33.0,1.9,,73.3,97.8,48.0,52.0,2.2,26.7,43.2,56.8,28.3,5.8,443.6,75.9,26.7,46.9,53.1,26.7,33.9,45.6,3.0,4.0,8.4,5.0,,,,26.2,,22.6,,4.9,95.1,,91.8,8.2
0,10013,,51.8,23.9,39.5,20.0,3.4,0.8,9.0,3.0,48.2,78.3,26.0,24.3,28.0,,,,93.3,70.7,29.3,78.3,6.7,93.3,44.8,17.5,22.9,6.1,8.8,2.3,,,41.3,45.6,2.1,5.0,6.0,,60.5,4.3,6.9,,41.6,58.4,,,,,,,15.9,,15.1,,84.9,,21.6,15.1,6.5,32.7,11.1,34.6,,13.3,7.7,8.3,6.2,2.9,36.3,25.3,79.0,61.6,100.0,1.2,,8.3,17.8,0.8,66.3,2.8,15.9,39.4,,83.3,15.3,47.5,52.5,23.2,29.3,1.4,,66.0,96.9,57.2,42.8,3.1,34.0,54.2,45.8,36.0,5.7,228.3,62.7,34.0,44.5,55.5,34.0,13.1,74.2,1.6,2.7,5.0,3.4,,,,58.8,,18.7,,14.4,85.6,,92.1,7.9
0,10014,,25.9,9.6,22.5,8.0,0.8,0.4,2.6,1.2,74.1,77.2,18.0,9.6,21.0,,,,98.7,41.7,58.3,77.2,1.3,98.7,60.1,13.5,11.1,0.7,14.6,5.9,,,58.1,30.9,1.6,2.7,6.8,,70.0,2.9,9.8,,59.2,40.8,,,,,,,100.0,,91.7,,8.3,,11.7,12.9,3.6,27.9,11.4,44.1,,0.1,1.0,5.2,6.9,2.3,45.1,39.3,98.9,84.5,100.0,3.5,,6.9,9.1,0.1,76.0,3.6,14.9,27.6,,83.9,14.6,61.2,38.8,9.9,28.9,1.5,,83.6,97.4,41.8,58.2,2.6,16.4,38.5,61.5,18.5,11.7,303.9,86.4,16.4,58.7,41.3,16.4,39.9,25.8,3.9,9.8,9.3,11.3,,,,7.0,,16.0,,3.5,96.5,0.3,96.3,3.4
0,10016,,27.1,8.2,23.3,7.0,1.3,0.2,2.5,1.0,72.9,78.6,19.8,8.2,20.8,,,,96.8,41.8,58.2,78.6,3.2,96.8,58.5,13.9,9.1,2.4,16.0,3.2,,,56.9,32.2,0.8,3.4,6.7,,70.9,1.6,16.8,,66.4,33.6,,,,,,,,,,,,,13.3,5.3,2.6,19.4,7.2,65.5,,2.0,1.9,4.9,7.6,3.1,43.5,37.0,96.1,80.5,99.9,1.8,,7.2,7.7,1.3,77.8,3.6,14.5,29.8,,81.9,16.1,55.3,44.7,16.8,27.9,1.9,,73.0,96.9,54.4,45.6,3.1,27.0,51.4,48.6,29.2,7.6,343.9,82.0,27.0,53.3,46.7,27.0,30.2,50.5,3.0,1.9,11.4,3.1,,,,27.7,,27.1,,6.6,93.4,0.5,95.1,4.4
0,10017,,30.0,7.2,23.9,5.0,2.4,0.5,3.7,1.7,70.0,88.0,25.7,8.2,28.2,,,,98.7,47.8,52.2,88.0,1.3,98.7,63.5,15.4,9.0,3.9,8.2,2.6,,,50.1,36.4,1.0,4.7,7.7,,70.2,3.3,,,44.7,55.3,,,,,,,,,,,,,8.5,4.0,4.4,30.2,18.8,42.6,,1.6,1.5,4.2,8.9,1.4,45.9,36.5,96.9,82.4,100.0,2.4,,6.9,7.7,1.6,71.0,5.4,21.3,13.5,,85.6,12.9,44.2,55.8,26.0,29.7,1.6,,67.7,96.4,48.0,52.0,3.6,32.3,52.4,47.6,34.7,6.9,490.8,56.6,32.3,50.3,49.7,32.3,25.5,52.1,5.1,0.1,13.0,4.4,,,,26.6,,12.1,,2.5,97.5,,94.7,5.3
0,10018,,29.9,7.4,24.3,5.2,1.6,0.1,4.0,2.1,70.1,63.5,8.5,8.6,11.1,,,,99.1,39.8,60.2,63.5,0.9,99.1,53.1,13.1,7.4,3.2,23.2,4.5,,,58.7,30.3,2.9,2.9,5.3,,70.0,2.3,45.2,,39.7,60.3,,,,,,,,,,,,,16.8,9.9,2.8,9.1,2.1,76.2,,4.8,4.0,9.2,9.2,3.9,35.4,33.6,91.2,69.0,99.9,1.4,,6.6,6.5,,86.2,4.6,7.3,36.8,,75.4,19.6,57.1,42.9,8.3,34.6,5.0,,55.0,94.0,49.0,51.0,6.0,45.0,41.8,58.2,48.3,6.8,490.0,48.0,45.0,62.7,37.3,45.0,23.0,46.6,1.5,1.8,23.6,3.5,,,,37.9,,46.9,,5.5,94.5,,98.0,2.0
0,10019,,30.9,7.7,23.6,5.0,2.3,0.9,5.1,1.8,69.1,79.7,19.0,8.4,22.2,,,,98.9,46.5,53.5,79.7,1.1,98.9,58.8,13.8,10.4,3.5,13.5,3.7,,,52.7,32.9,2.2,4.4,7.9,,67.6,2.9,24.4,0.8,50.0,49.2,,,,,,,34.5,42.7,,,57.3,,12.3,4.8,2.1,22.3,12.5,58.4,,2.5,2.1,9.4,8.6,4.9,36.9,35.5,95.4,72.4,100.0,2.4,,9.4,7.8,1.9,76.7,6.5,15.5,27.2,,78.6,19.2,54.3,45.7,12.4,33.3,2.2,,68.2,96.2,50.2,49.8,3.8,31.8,48.5,51.5,34.4,7.4,314.9,82.9,31.8,48.3,51.7,31.8,23.9,40.9,6.2,1.7,23.9,3.4,,,,28.4,,30.1,,6.1,93.9,0.2,92.3,7.5
0,10021,,40.6,17.6,37.2,15.8,1.3,0.9,2.1,0.9,59.4,88.6,29.0,17.8,30.8,,,,98.7,62.7,37.3,88.6,1.3,98.7,54.8,20.3,18.5,1.1,5.3,2.9,,,35.0,49.9,0.6,5.8,8.7,,55.2,5.2,1.3,,62.9,37.1,,,,,,,,,,,,,15.6,14.5,3.7,47.0,14.2,20.7,,0.4,0.5,5.9,8.3,4.1,38.9,41.8,99.0,80.7,100.0,4.4,,8.4,16.7,1.2,61.6,4.9,21.7,24.1,,83.4,13.5,67.5,32.5,9.0,23.5,3.0,,79.1,97.4,68.1,31.9,2.6,20.9,50.2,49.8,22.9,9.0,279.6,74.4,20.9,51.9,48.1,20.9,35.6,32.3,2.8,2.4,21.2,5.7,,,,18.8,,36.3,,3.6,96.4,0.1,96.2,3.6
0,10022,,36.8,9.4,33.5,8.1,1.0,0.4,2.3,0.9,63.2,83.2,33.7,10.4,36.8,,,,97.9,54.1,45.9,83.2,2.1,97.9,59.2,20.2,9.8,2.1,8.7,3.8,,,38.7,45.0,0.9,6.6,8.8,,60.8,4.1,14.7,0.3,42.9,56.7,,,,,,,79.1,5.2,8.7,,86.1,,11.8,13.0,2.5,35.0,7.9,41.7,,1.3,0.6,4.7,7.5,3.0,39.5,43.4,98.1,82.9,99.9,5.1,,8.3,9.5,2.0,62.0,2.3,28.6,23.2,,82.8,15.8,59.5,40.5,14.0,26.6,1.4,,81.1,98.5,63.1,36.9,1.5,18.9,58.0,42.0,20.1,5.9,337.9,68.1,18.9,39.9,60.1,18.9,32.9,44.2,2.4,3.3,13.8,3.3,,,,16.4,,15.0,,4.8,95.2,0.2,96.1,3.7
0,10023,,40.2,15.2,33.8,12.7,1.4,0.5,5.0,2.0,59.8,85.5,30.8,15.4,32.1,,,,97.4,60.7,39.3,85.5,2.6,97.4,55.4,18.9,17.0,2.4,6.4,3.2,,,40.3,45.1,1.2,4.4,8.9,,61.9,4.3,16.7,,35.1,64.9,,,,,,,39.6,,,41.5,58.5,,17.3,11.4,4.6,30.9,10.3,42.8,,1.0,1.8,6.7,7.2,2.3,32.3,48.8,97.3,81.1,100.0,3.3,,9.0,14.2,2.5,63.3,4.4,22.5,26.2,,86.9,11.4,61.9,38.1,10.5,27.6,1.7,,77.8,96.2,55.2,44.8,3.8,22.2,47.4,52.6,25.1,11.6,211.5,70.5,22.2,44.6,55.4,22.2,35.6,34.6,6.5,2.3,16.8,4.1,,,,25.4,,31.2,,5.9,94.1,,96.2,3.7
0,10024,,45.9,18.4,39.1,15.6,1.4,0.3,5.4,2.5,54.1,84.2,28.5,19.0,29.6,,,,98.4,67.2,32.8,84.2,1.6,98.4,49.5,19.4,21.6,2.4,7.1,2.6,,,36.6,48.5,1.3,4.5,9.1,,56.7,7.1,14.7,0.4,41.0,58.6,,,,,,,60.9,,,100.0,,,18.9,14.3,4.8,39.3,16.2,25.5,,2.0,2.6,6.1,6.0,2.7,35.3,45.4,95.5,80.7,100.0,1.9,,8.4,17.7,1.0,63.5,5.2,18.9,26.4,,82.3,16.4,66.3,33.7,12.6,21.1,1.3,,81.0,96.8,58.1,41.9,3.2,19.0,51.5,48.5,21.6,11.9,195.5,78.1,19.0,43.9,56.1,19.0,41.4,25.6,2.2,1.8,24.1,5.0,,,,27.1,,35.5,,4.6,95.4,0.2,94.7,5.1
0,10025,,46.9,17.4,34.2,12.7,2.6,0.4,10.0,4.3,53.1,80.3,32.4,18.4,32.8,,,,94.4,66.2,33.8,80.3,5.6,94.4,47.8,16.4,21.3,4.8,9.7,2.3,,,45.2,39.4,2.1,5.1,8.2,,66.4,3.3,32.4,,57.6,42.4,,,,,,,21.4,40.0,,14.4,45.6,,24.4,7.1,3.1,27.5,10.6,51.6,,5.8,4.2,10.2,9.6,3.4,28.4,38.3,90.0,66.7,100.0,2.7,,11.2,15.3,5.0,65.5,6.5,19.3,32.1,,83.5,13.7,53.5,46.5,14.4,32.1,2.7,,74.2,93.7,62.4,37.6,6.3,25.8,50.5,49.5,30.5,15.4,145.2,78.7,25.8,43.0,57.0,25.8,21.4,27.3,3.7,1.9,41.7,4.1,,,,35.0,,41.0,,9.4,90.6,0.3,92.5,7.2
0,10026,,50.1,22.2,21.8,10.6,4.8,2.2,23.5,9.4,49.9,73.5,22.3,26.6,22.9,,,,97.2,71.4,28.6,73.5,2.8,97.2,40.4,8.8,28.7,11.4,10.7,3.6,,,56.0,27.0,3.5,5.3,8.1,,74.3,2.9,24.4,2.6,67.9,29.5,,,,,,,19.8,,,,100.0,,22.7,8.7,8.1,35.9,16.8,30.5,,6.2,11.4,20.5,12.6,4.9,23.3,21.1,82.4,44.4,100.0,2.0,,10.3,20.2,2.2,69.3,7.7,10.5,43.7,,90.3,8.8,54.5,45.5,24.5,21.0,0.8,,76.1,95.6,70.9,29.1,4.4,23.9,52.4,47.6,27.3,12.1,104.1,74.5,23.9,36.0,64.0,23.9,13.0,17.2,20.8,0.7,46.5,1.8,,,,29.4,,27.4,,14.2,85.8,0.5,90.6,8.9
0,10027,,51.0,21.5,22.7,9.5,5.3,1.7,23.0,10.3,49.0,73.5,22.0,25.3,22.6,,,,88.6,70.0,30.0,73.5,11.4,88.6,41.6,9.5,27.3,9.8,11.8,2.4,,,62.0,24.9,3.1,3.6,6.5,,78.7,2.0,37.2,10.8,31.1,58.1,,,,,,,27.2,16.3,13.8,11.7,58.2,,36.5,3.5,2.5,22.9,9.7,61.3,,6.9,8.4,20.3,11.5,5.0,22.9,25.0,84.7,47.9,100.0,1.4,,9.6,19.9,2.8,69.9,7.7,10.1,36.0,,88.6,9.5,48.7,51.3,20.6,30.7,1.9,,74.0,95.6,66.9,33.1,4.4,26.0,41.0,59.0,29.3,11.2,262.2,69.6,26.0,56.8,43.2,26.0,12.7,30.0,13.2,0.4,41.3,2.3,,,,28.9,,28.3,,17.1,82.9,0.3,89.8,9.9
0,10028,,39.4,14.6,35.9,13.7,0.5,,3.0,1.0,60.6,78.8,26.3,15.1,27.9,,,,99.8,57.5,42.5,78.8,0.2,99.8,53.1,19.0,15.8,1.6,10.5,2.4,,,40.5,44.9,1.2,4.6,8.6,,63.6,2.9,3.6,,36.8,63.2,,,,,,,,,,,,,15.5,8.7,5.4,40.3,15.9,29.8,,1.2,0.7,4.8,6.4,3.7,41.8,41.4,98.1,83.2,100.0,2.7,,6.1,13.6,2.2,67.8,3.0,18.6,20.5,,83.7,15.1,63.6,36.4,11.4,25.0,1.2,,79.9,97.2,60.2,39.8,2.8,20.1,46.9,53.1,22.3,10.1,230.9,59.6,20.1,54.6,45.4,20.1,43.7,30.6,4.0,2.5,15.0,4.1,,,,13.8,,23.6,,2.4,97.6,0.2,95.9,3.8
0,10029,,54.8,21.9,22.3,8.2,6.0,1.8,26.5,11.9,45.2,86.2,30.8,26.7,27.3,,,,95.7,76.4,23.6,86.2,4.3,95.7,41.6,9.1,31.7,11.3,6.3,1.4,,,57.0,25.5,3.3,6.3,7.9,,75.3,3.0,46.7,4.2,57.2,38.6,,,,,,,34.7,14.8,30.2,29.5,25.6,,27.7,5.0,4.7,36.4,19.9,34.0,,12.3,13.4,23.7,13.8,5.2,18.5,13.1,74.3,31.7,100.0,2.0,,15.4,21.7,7.7,65.3,12.7,13.0,42.0,,88.6,10.4,47.2,52.8,35.0,17.7,1.0,,76.6,88.6,80.3,19.7,11.4,23.4,48.8,51.2,32.2,27.2,54.1,78.1,23.4,45.8,54.2,23.4,8.1,31.7,5.7,0.6,52.8,1.1,,,,37.4,,36.4,,18.7,81.3,0.3,88.8,10.9
0,10030,,46.2,20.0,16.0,7.0,5.0,1.7,25.1,11.4,53.8,83.6,25.7,23.9,23.1,,,,97.9,70.5,29.5,83.6,2.1,97.9,43.5,6.8,27.0,13.3,9.4,2.1,,,55.9,23.4,4.0,7.2,9.5,,75.7,4.2,34.4,0.8,60.2,39.1,,,,,,,39.5,13.6,56.5,,30.0,,22.8,7.8,7.7,31.4,18.9,34.2,,8.2,14.0,23.8,18.0,5.7,18.5,11.9,77.8,30.3,100.0,2.3,,15.1,18.7,3.2,70.2,12.0,11.1,55.0,,89.4,9.0,50.3,49.7,38.7,11.0,1.6,,76.3,97.3,74.8,25.2,2.7,23.7,49.5,50.5,25.8,8.0,202.7,56.5,23.7,40.3,59.7,23.7,4.6,4.1,27.1,1.7,62.1,0.4,,,,43.6,,48.3,,15.9,84.1,,88.0,12.0
0,10031,,50.4,18.9,23.6,10.2,7.2,2.3,19.6,6.4,49.6,65.8,20.8,26.5,24.5,,,,99.1,67.9,32.1,65.8,0.9,99.1,36.8,8.7,24.0,13.7,16.8,2.4,,,55.7,27.2,4.9,3.6,8.6,,73.5,3.2,44.2,,76.6,23.4,,,,,,,47.7,10.1,14.4,8.9,66.6,,23.5,3.6,4.8,29.5,19.4,42.7,,14.9,10.5,20.4,13.6,4.7,20.6,15.4,74.6,35.9,100.0,1.9,,11.1,17.4,2.4,71.7,7.0,10.9,52.0,,86.9,11.9,50.6,49.4,20.2,29.2,1.2,,60.5,94.7,66.4,33.6,5.3,39.5,49.4,50.6,42.7,7.6,221.3,71.7,39.5,44.9,55.1,39.5,6.0,8.5,6.4,0.3,77.9,0.9,,,,42.7,,47.4,,13.0,87.0,0.1,91.0,9.0
0,10032,,53.5,16.2,23.8,8.5,7.9,1.6,21.8,6.1,46.5,65.5,27.3,22.2,30.8,,,,98.3,73.2,26.8,65.5,1.7,98.3,33.6,8.0,24.6,16.5,17.4,2.2,,,51.5,27.9,4.8,5.0,10.8,,71.7,3.0,42.9,,74.1,25.9,,,,,,,21.2,14.9,5.6,10.6,68.9,,22.0,4.3,3.5,31.5,15.3,45.4,,18.3,11.8,18.5,14.5,5.7,19.3,11.8,69.9,31.1,100.0,2.0,,14.3,15.3,5.8,71.8,9.6,12.9,50.7,,87.6,11.1,52.5,47.5,25.9,21.6,1.3,,53.2,91.6,70.5,29.5,8.4,46.8,48.5,51.5,51.3,8.7,168.8,70.8,46.8,40.4,59.6,46.8,3.3,5.9,3.8,0.2,85.6,1.1,,,,52.9,,56.2,,14.4,85.6,0.3,87.9,11.8
0,10033,,61.2,21.5,31.0,11.4,7.9,2.5,22.3,7.5,38.8,70.4,26.1,28.6,31.2,,,,98.5,79.2,20.8,70.4,1.5,98.5,33.5,10.2,28.2,16.2,12.0,2.1,,,43.7,34.5,6.0,4.4,11.5,,62.1,5.7,24.4,1.0,69.6,29.3,,,,,,,21.5,16.3,12.3,27.7,43.7,,23.7,8.6,4.7,31.4,18.3,37.1,,17.8,10.6,17.5,12.6,5.2,21.7,14.6,71.6,36.3,100.0,1.4,,13.6,19.3,4.6,66.7,9.9,14.0,43.8,,88.5,9.6,58.3,41.7,20.0,21.7,1.9,,53.1,94.5,73.1,26.9,5.5,46.9,52.6,47.4,49.8,5.8,283.3,58.9,46.9,40.6,59.4,46.9,6.8,3.9,1.6,,86.8,0.8,,,,53.1,,56.1,,13.5,86.5,0.2,92.2,7.6
0,10034,,56.5,24.1,28.0,12.0,5.1,1.3,23.4,10.8,43.5,79.8,25.0,30.5,28.5,,,,99.9,78.5,21.5,79.8,0.1,99.9,37.5,10.4,28.3,15.1,8.7,2.3,,,44.3,32.9,4.2,4.2,14.4,,66.1,3.5,44.5,,40.8,59.2,,,,,,,14.5,,35.5,38.2,26.4,,24.4,4.9,4.3,37.8,19.4,33.6,,14.7,10.7,17.9,16.5,6.1,19.6,14.4,74.6,34.0,99.9,1.9,,11.7,20.9,2.6,65.6,9.3,13.5,37.2,,90.1,9.6,66.6,33.4,19.9,13.5,0.3,,55.6,92.9,79.4,20.6,7.1,44.4,50.8,49.2,48.3,8.2,172.5,65.4,44.4,39.6,60.4,44.4,7.3,5.5,0.8,0.2,85.5,0.7,,,,50.5,,52.5,,12.4,87.6,0.1,91.0,8.9
0,10035,,47.6,20.7,17.3,7.9,5.5,1.5,24.7,11.3,52.4,87.5,28.4,24.2,25.0,,,,91.6,72.1,27.9,87.5,8.4,91.6,44.1,7.6,31.3,9.9,7.1,2.3,,,59.8,21.5,5.4,5.2,8.0,,76.6,3.5,55.9,,72.9,27.1,,,,,,,29.9,12.6,15.7,9.6,62.2,,22.7,8.6,4.9,33.8,20.3,32.4,,12.9,17.1,22.6,14.2,5.5,16.7,11.0,70.1,27.7,100.0,2.4,,16.6,19.6,5.3,68.2,13.3,12.2,53.0,,89.5,9.9,47.5,52.5,34.8,17.7,0.6,,74.3,91.7,78.6,21.4,8.3,25.7,39.3,60.7,31.9,19.4,67.8,75.5,25.7,43.9,56.1,25.7,7.2,14.8,4.4,0.3,71.6,1.7,,,,38.8,,42.0,,28.6,71.4,0.6,86.6,12.8
0,10036,,23.1,8.1,17.5,5.2,1.1,0.4,4.5,2.4,76.9,78.1,16.2,8.8,16.4,,,,97.8,37.8,62.2,78.1,2.2,97.8,60.3,10.5,9.2,3.1,16.9,4.5,,,59.6,25.7,2.1,2.8,9.8,,71.6,2.4,2.0,,28.3,71.7,,,,,,,44.1,,40.5,,59.5,,12.6,6.0,4.5,17.7,7.6,64.3,,2.9,4.6,7.4,9.6,3.3,40.6,31.6,92.5,72.2,100.0,1.7,,11.3,8.2,7.1,80.5,7.2,11.3,43.8,,78.6,18.8,54.8,45.2,11.4,33.8,2.5,,65.5,94.1,50.6,49.4,5.9,34.5,35.6,64.4,38.3,10.0,349.3,83.9,34.5,64.5,35.5,34.5,21.2,44.8,2.8,2.2,26.4,2.7,,,,35.3,,37.6,,8.6,91.4,0.2,92.8,7.1
0,10037,,44.5,21.0,15.6,8.6,3.4,0.5,25.5,11.9,55.5,89.7,35.2,25.7,26.7,,,,98.3,70.3,29.7,89.7,1.7,98.3,46.8,7.2,29.6,11.4,5.0,1.8,,,55.7,20.5,4.7,9.6,9.5,,77.0,3.7,48.1,,70.3,29.7,,,,,,,13.2,43.3,,11.9,44.8,,24.6,11.5,3.0,37.1,24.0,24.4,,5.0,10.3,23.8,16.4,6.0,21.3,17.1,84.7,38.4,100.0,3.5,,11.1,25.1,2.2,60.9,8.9,14.0,36.4,,90.0,9.5,49.0,51.0,36.8,14.3,0.4,,81.0,95.6,73.6,26.4,4.4,19.0,46.9,53.1,22.6,16.0,91.9,84.1,19.0,52.4,47.6,19.0,8.6,8.8,22.2,0.4,59.5,0.6,,,,30.5,,38.8,,14.6,85.4,0.3,89.2,10.5
0,10038,,45.7,11.9,32.7,9.4,3.5,0.5,9.5,2.0,54.3,72.8,23.4,15.6,28.9,,,,94.4,62.2,37.8,72.8,5.6,94.4,47.4,15.4,14.0,10.4,12.8,2.8,,,49.2,36.2,0.8,6.3,7.5,,71.3,3.6,27.2,10.0,43.6,46.4,,,,,,,10.1,,,100.0,,,18.7,8.3,0.7,26.8,13.2,51.0,,12.0,6.9,12.8,8.1,2.5,35.2,22.6,81.2,57.8,100.0,2.1,,10.0,13.8,2.9,69.2,4.8,17.0,37.2,,80.6,17.8,47.6,52.4,22.1,30.3,1.6,,66.3,94.8,64.0,36.0,5.2,33.7,57.5,42.5,37.2,9.2,183.8,81.5,33.7,37.2,62.8,33.7,20.4,66.9,0.7,1.0,9.7,1.4,,,,48.8,,37.2,,14.4,85.6,0.6,92.2,7.2
0,10039,,53.9,26.4,15.5,8.7,5.1,1.2,33.3,16.6,46.1,81.4,22.7,32.4,20.3,,,,98.8,76.0,24.0,81.4,1.2,98.8,40.9,6.4,34.8,11.3,6.5,2.2,,,60.1,19.7,6.7,6.1,7.4,,79.2,2.7,55.4,2.0,71.1,27.0,,,,,,,40.0,13.7,12.5,17.4,56.4,,28.6,10.1,5.4,40.0,22.5,22.0,,8.6,10.4,25.6,16.2,8.8,17.8,12.6,80.9,30.4,100.0,1.7,,12.7,26.3,2.2,64.3,11.9,9.4,46.9,,91.8,7.8,56.8,43.2,29.8,13.3,0.4,,74.4,96.1,79.9,20.1,3.9,25.6,52.5,47.5,28.5,10.3,128.3,47.4,25.6,44.2,55.8,25.6,4.0,8.6,22.0,,65.2,0.1,,,,37.6,,42.2,,14.8,85.2,,86.4,13.6
0,10040,,55.9,20.8,29.3,11.6,4.7,1.1,21.9,8.0,44.1,75.9,27.6,26.3,28.2,,,,96.5,76.5,23.5,75.9,3.5,96.5,37.6,10.8,29.1,13.3,9.2,2.0,,,44.2,33.1,4.1,6.1,12.5,,66.1,4.7,26.7,,58.8,41.2,,,,,,,22.4,27.7,28.3,8.7,35.4,,23.7,5.9,4.6,34.1,18.3,37.1,,15.5,11.2,18.2,15.2,5.3,19.9,14.8,73.3,34.7,100.0,1.6,,12.0,18.8,3.7,67.2,8.3,14.0,40.6,,86.6,11.4,69.7,30.3,15.2,15.1,2.0,,52.3,91.3,72.8,27.2,8.7,47.7,52.4,47.6,52.2,8.8,203.0,52.8,47.7,42.5,57.5,47.7,7.7,5.3,1.5,0.3,84.8,0.5,,,,50.0,,53.1,,14.7,85.3,0.2,93.4,6.4
0,10044,,50.8,16.5,39.4,15.2,3.6,0.1,7.8,1.3,49.2,77.9,25.6,19.5,24.9,,,,86.4,67.3,32.7,77.9,13.6,86.4,47.0,18.3,18.0,6.4,10.2,1.8,,,43.9,42.2,1.7,5.1,7.1,,65.6,7.0,,,55.6,44.4,,,,,,,25.3,,,,100.0,,19.7,10.0,5.3,18.8,15.3,50.6,,5.4,3.9,17.0,7.1,3.8,24.8,38.0,90.7,62.8,100.0,2.8,,9.2,14.3,,71.6,6.9,14.0,30.0,,77.9,14.9,62.3,37.7,16.8,20.9,7.2,,49.1,89.7,69.7,30.3,10.3,50.9,26.1,73.9,56.0,9.1,476.6,65.9,50.9,65.2,34.8,50.9,16.2,56.4,10.4,1.5,15.1,0.4,,,,32.2,,33.7,,5.7,94.3,,92.5,7.5
0,10065,,42.8,15.2,35.7,12.7,2.2,0.6,4.9,1.9,57.2,84.9,31.3,15.4,31.2,,,,98.9,62.5,37.5,84.9,1.1,98.9,53.4,19.0,17.2,2.5,8.0,2.5,,,38.3,45.4,1.6,6.3,8.4,,60.3,5.5,16.3,2.5,46.3,51.2,,,,,,,,,,,,,15.5,16.4,3.6,33.8,10.8,35.4,,0.6,0.8,6.3,8.2,1.9,38.6,43.6,98.6,82.2,99.7,2.6,,6.8,13.9,1.0,64.6,3.2,21.5,21.2,,81.8,16.0,50.7,49.3,16.0,33.3,2.1,,77.4,98.3,61.7,38.3,1.7,22.6,47.9,52.1,23.9,5.6,444.7,54.0,22.6,48.2,51.8,22.6,40.2,33.3,3.3,3.0,15.1,5.2,,,,20.7,,23.2,,5.9,94.1,0.1,95.0,4.9
0,10069,,47.3,29.5,36.0,22.9,2.2,1.8,9.1,4.8,52.7,84.8,15.8,29.5,12.0,,,,100.0,68.5,31.5,84.8,,100.0,50.2,17.9,22.7,3.6,5.7,1.6,,,43.2,46.8,1.4,1.2,7.4,,57.9,3.2,,,59.3,40.7,,,,,,,,,,,,,27.2,7.9,6.9,42.0,10.3,32.9,,0.8,0.6,4.8,3.5,2.6,37.4,50.2,98.6,87.6,100.0,2.7,,3.6,22.5,1.3,70.8,2.2,6.8,25.8,,75.4,21.2,80.7,19.3,,19.3,3.4,,69.8,100.0,55.7,44.3,,30.2,21.5,78.5,30.2,,,,30.2,68.9,31.1,30.2,14.8,69.1,6.3,,5.0,4.7,,,,32.3,,,,1.9,98.1,,96.0,4.0
0,10075,,46.5,18.3,40.7,14.5,2.9,2.7,2.9,1.0,53.5,92.3,35.8,18.3,36.3,,,,97.5,69.0,31.0,92.3,2.5,97.5,52.5,21.8,20.8,0.3,4.6,2.1,,,35.3,50.9,0.3,5.5,8.1,,55.2,3.6,23.2,,,100.0,,,,,,,,,,,,,16.5,10.5,4.9,49.6,16.1,18.9,,0.4,1.6,8.1,6.4,6.7,38.7,38.1,98.0,76.8,100.0,3.9,,8.0,16.9,0.1,57.4,1.8,25.7,26.9,,86.3,12.1,58.5,41.5,25.9,15.6,1.6,,73.6,98.5,64.6,35.4,1.5,26.4,58.3,41.7,27.5,3.9,183.7,78.1,26.4,50.5,49.5,26.4,40.7,15.4,6.7,,36.4,0.9,,,,19.9,,15.5,,7.2,92.8,,98.2,1.8
0,10128,,45.3,17.1,37.3,13.5,1.3,0.5,6.7,3.0,54.7,81.8,26.4,17.7,27.3,,,,99.4,64.0,36.0,81.8,0.6,99.4,52.1,19.3,18.2,2.1,8.3,2.5,,,39.5,46.3,1.0,5.1,8.1,,62.4,4.3,12.7,,69.1,30.9,,,,,,,33.0,69.7,,30.3,,,16.6,9.8,5.1,30.9,20.8,33.4,,1.1,1.8,7.4,5.0,2.6,37.7,44.3,97.1,82.0,100.0,3.1,,8.1,14.7,4.0,66.7,4.7,18.6,24.0,,82.6,15.6,54.2,45.8,19.8,26.1,1.8,,77.1,97.0,61.5,38.5,3.0,22.9,51.9,48.1,25.2,9.2,231.2,63.9,22.9,47.6,52.4,22.9,38.8,35.5,2.5,1.5,18.9,2.9,,,,18.6,,11.0,,4.7,95.3,0.4,92.7,6.9
0,10280,,48.3,25.5,43.6,22.6,1.1,0.4,3.6,2.5,51.7,80.4,16.9,25.9,15.8,,,,100.0,67.5,32.5,80.4,,100.0,48.6,21.0,20.8,1.8,7.8,1.0,,,33.7,54.7,1.8,1.8,8.1,,46.5,4.4,,,62.1,37.9,,,,,,,100.0,100.0,,,,,18.7,9.6,9.4,54.2,11.6,15.2,,,1.3,1.2,5.8,3.3,44.0,44.4,98.7,88.4,100.0,1.6,,3.5,21.0,0.9,69.9,1.7,9.1,23.0,,82.7,13.1,64.6,35.4,13.0,22.4,4.2,,69.0,96.1,56.9,43.1,3.9,31.0,47.1,52.9,33.7,8.1,350.6,41.6,31.0,59.8,40.2,31.0,41.5,41.5,4.1,0.7,11.3,1.0,,,,17.3,,14.4,,1.0,99.0,,98.2,1.8
0,10282,,61.5,44.6,55.8,40.4,3.5,2.6,2.2,1.6,38.5,77.6,31.4,44.6,13.4,,,,100.0,80.9,19.1,77.6,,100.0,39.9,22.3,31.3,1.3,5.2,3.2,,,23.2,64.5,0.5,5.8,6.0,,27.9,15.0,,,28.0,72.0,,,,,,,,,,,,,24.2,17.5,10.7,48.8,9.9,13.1,,1.9,0.3,5.0,5.4,3.5,45.4,38.5,97.8,83.8,100.0,0.7,,2.9,31.1,,63.0,1.0,5.9,38.5,,84.2,14.0,65.5,34.5,9.9,24.6,1.8,,72.4,98.1,62.0,38.0,1.9,27.6,38.5,61.5,29.0,4.7,702.6,39.5,27.6,62.7,37.3,27.6,36.7,40.6,,1.0,10.6,11.1,,,,24.6,,38.3,,1.3,98.7,,99.3,0.7
0,10301,,61.9,27.2,39.5,15.8,4.3,1.6,18.0,9.7,38.1,85.6,34.2,30.4,29.6,,,,94.3,82.3,17.7,85.6,5.7,94.3,39.7,15.7,31.6,8.1,4.9,2.5,,,41.6,41.2,2.2,5.8,9.2,,64.5,4.4,34.3,,63.4,36.6,,,,,,,32.7,50.6,,27.2,22.2,,25.2,4.2,5.2,34.2,20.1,36.3,,6.2,7.7,25.8,15.9,7.1,19.9,17.3,86.1,37.2,99.9,4.1,,10.2,23.6,3.5,62.5,8.3,13.8,30.0,,92.1,7.1,61.3,38.7,26.6,12.1,0.8,,78.8,95.8,87.5,12.5,4.2,21.2,56.3,43.7,24.5,13.5,129.8,72.2,21.2,41.6,58.4,21.2,23.4,25.6,11.7,,38.8,0.5,,,,36.6,,33.5,,15.3,84.7,0.1,89.2,10.7
0,10302,,70.8,32.1,48.4,24.4,6.8,1.5,15.6,6.2,29.2,86.3,35.1,35.5,24.9,,,,99.3,88.2,11.8,86.3,0.7,99.3,34.0,16.8,35.6,9.7,3.9,1.5,,,40.9,44.2,2.1,5.1,7.6,,56.5,4.3,42.3,,80.6,19.4,,,,,,,21.4,56.9,,5.2,37.9,,27.9,4.9,4.4,37.8,24.2,28.6,,5.6,11.4,33.0,20.2,5.5,17.1,7.2,83.0,24.3,100.0,6.3,,8.5,25.2,1.1,64.4,8.3,10.3,28.0,,92.6,7.2,83.4,16.6,10.1,6.5,0.2,,75.2,96.0,94.1,5.9,4.0,24.8,40.2,59.8,27.8,10.9,83.7,88.6,24.8,45.2,54.8,24.8,9.0,18.4,9.8,,62.7,0.1,,,,30.2,,30.2,,17.7,82.3,0.2,86.1,13.8
0,10303,,80.6,43.0,48.9,26.8,6.8,2.1,24.9,14.0,19.4,86.1,31.4,47.5,23.8,,,,99.4,92.5,7.5,86.1,0.6,99.4,31.6,15.4,39.8,10.1,3.1,1.1,,,40.2,45.1,2.5,4.9,7.2,,56.9,4.7,35.5,3.8,65.1,31.1,,,,,,,12.9,16.5,32.0,35.9,15.5,,29.1,4.1,5.4,43.0,26.0,21.6,,8.4,12.1,27.5,20.1,6.7,17.6,7.6,79.5,25.2,100.0,4.2,,9.2,28.6,3.0,62.0,8.2,9.4,34.1,,94.1,5.7,49.1,50.9,50.5,0.3,0.2,,72.7,93.2,90.6,9.4,6.8,27.3,53.3,46.7,32.3,15.2,58.7,77.2,27.3,47.3,52.7,27.3,5.5,27.0,20.6,,46.3,0.5,,,,31.5,,30.1,,17.3,82.7,0.2,87.4,12.4
0,10304,,70.8,31.8,43.8,19.3,7.2,1.7,19.8,10.9,29.2,88.7,39.8,36.7,30.1,,,,97.4,88.3,11.7,88.7,2.6,97.4,35.4,15.6,34.8,9.6,4.5,1.2,,,39.9,43.5,2.7,7.3,6.6,,62.9,4.5,36.7,8.9,78.5,12.6,,,,,,,14.2,21.3,38.7,13.5,26.5,,28.0,6.5,3.1,41.7,22.0,26.7,,6.7,9.5,30.5,14.6,7.2,18.2,13.3,83.8,31.5,99.9,3.6,,11.7,25.8,4.4,61.0,9.2,13.2,37.2,,93.0,6.0,65.9,34.1,26.0,8.1,1.1,,68.9,96.0,90.9,9.1,4.0,31.1,63.7,36.3,33.8,8.1,136.4,83.0,31.1,42.1,57.9,31.1,22.1,28.0,18.8,0.2,30.7,0.3,,,,37.7,,35.8,,15.8,84.2,0.4,85.2,14.5
0,10305,,70.8,30.6,53.2,24.6,6.5,1.7,11.1,4.3,29.2,88.0,36.8,35.2,32.5,,,,97.9,88.1,11.9,88.0,2.1,97.9,35.4,18.7,31.5,10.5,3.8,1.3,,,32.6,51.8,2.0,6.4,7.2,,50.2,7.8,11.1,,69.3,30.7,,,,,,,15.8,7.4,31.1,29.1,32.4,,24.0,6.9,5.5,40.2,18.2,29.2,,8.0,6.8,28.0,15.1,8.5,21.1,12.6,85.2,33.6,99.6,3.6,,11.1,21.8,2.1,63.2,8.9,14.9,33.5,,94.0,5.4,53.2,46.8,33.1,13.7,0.6,,66.3,96.6,91.7,8.3,3.4,33.7,67.7,32.3,35.9,6.3,195.8,70.3,33.7,41.0,59.0,33.7,43.3,32.1,9.1,,15.3,0.2,,,,38.4,,30.9,,14.8,85.2,0.4,93.6,6.0
0,10306,,70.6,26.5,54.4,21.6,3.4,1.0,12.7,3.9,29.4,87.5,42.1,29.9,34.4,,,,99.0,87.1,12.9,87.5,1.0,99.0,38.0,20.8,30.6,6.9,3.6,1.6,,,29.3,53.6,1.9,7.5,7.7,,50.0,3.9,24.2,,62.3,37.7,,,,,,,20.5,26.6,3.5,1.7,68.2,,23.3,4.4,7.3,35.6,20.9,31.8,,4.1,6.2,34.7,18.2,7.3,17.3,12.3,89.7,29.6,99.9,4.9,,12.0,20.4,2.8,62.3,9.0,17.2,33.8,,95.6,4.1,54.8,45.2,30.7,14.5,0.2,,76.9,98.0,95.3,4.7,2.0,23.1,72.6,27.4,24.6,6.2,122.9,81.5,23.1,32.4,67.6,23.1,54.7,21.8,6.4,,16.7,0.4,,,,38.0,,24.7,,12.3,87.7,0.4,91.8,7.8
0,10307,,74.0,37.5,60.7,32.7,3.6,0.8,9.7,4.0,26.0,86.7,30.8,38.8,24.3,,,,99.7,89.5,10.5,86.7,0.3,99.7,35.0,20.9,38.7,3.1,2.3,1.0,,,31.2,55.7,0.8,6.2,6.1,,49.3,4.3,7.9,,89.1,10.9,,,,,,,13.1,,,,100.0,,28.7,4.9,3.4,41.9,22.5,27.2,,1.8,5.2,28.4,16.5,10.7,23.2,14.3,93.0,37.5,100.0,4.1,,6.6,25.2,1.7,63.5,5.1,11.3,25.7,,95.7,4.2,88.1,11.9,3.0,8.9,0.1,,89.3,99.0,97.0,3.0,1.0,10.7,70.5,29.5,11.5,7.5,62.1,65.2,10.7,31.3,68.7,10.7,47.0,20.0,10.3,,21.0,1.7,,,,26.1,,25.9,,9.1,90.9,0.5,92.7,6.8
0,10308,,79.1,32.6,62.3,27.2,4.2,1.2,12.6,4.2,20.9,87.2,47.3,34.4,36.6,,,,99.9,91.6,8.4,87.2,0.1,99.9,35.3,22.0,33.2,7.0,2.5,1.1,,,29.7,56.3,1.8,6.1,6.2,,51.3,3.6,,,37.6,62.4,,,,,,,2.0,,,,100.0,,24.6,7.6,3.0,36.7,22.7,29.9,,2.2,4.7,32.8,16.1,8.3,21.9,14.1,93.2,36.0,99.9,4.8,,10.0,20.9,1.4,61.3,8.0,17.8,26.8,,93.2,6.6,72.0,28.0,25.3,2.7,0.3,,80.0,98.2,95.3,4.7,1.8,20.0,68.7,31.3,21.5,6.7,103.7,66.0,20.0,31.2,68.8,20.0,59.7,17.7,8.3,,14.1,0.1,,,,33.1,,17.9,,9.0,91.0,0.4,90.9,8.7
0,10309,,80.5,36.0,63.7,29.8,3.9,1.5,12.9,4.7,19.5,86.4,45.2,38.7,33.4,,,,99.4,92.4,7.6,86.4,0.6,99.4,34.4,21.8,35.0,6.7,2.1,1.3,,,28.7,57.1,1.0,6.1,7.2,,45.5,8.8,32.8,1.4,72.0,26.7,,,,,,,16.9,45.5,11.0,,43.4,,23.3,5.9,4.1,44.1,23.6,22.2,,3.8,4.9,31.2,18.9,7.5,21.8,11.8,91.3,33.6,100.0,4.2,,8.5,23.0,2.2,61.5,6.4,15.4,26.6,,95.7,4.1,52.2,47.8,31.1,16.6,0.2,,84.4,98.7,94.5,5.5,1.3,15.6,78.6,21.4,16.7,6.6,51.9,96.8,15.6,18.0,82.0,15.6,62.9,21.0,9.4,,6.8,,,,,31.0,,13.6,,8.1,91.9,0.4,93.0,6.6
0,10310,,73.8,35.2,49.1,21.6,3.9,1.6,20.7,12.0,26.2,90.0,44.4,38.4,29.7,,,,99.2,89.4,10.6,90.0,0.8,99.2,36.2,17.5,34.1,8.7,3.5,1.2,,,35.7,48.3,2.7,5.6,7.7,,56.1,4.7,14.7,1.5,84.9,13.5,,,,,,,30.7,21.8,34.6,12.2,31.4,,26.8,6.5,4.9,40.5,25.4,22.6,,7.6,8.6,26.2,14.6,8.8,19.2,14.9,83.8,34.1,100.0,4.3,,9.5,25.8,1.9,60.8,8.7,13.4,28.2,,94.5,5.2,64.2,35.8,25.0,10.9,0.3,,77.4,96.0,91.9,8.1,4.0,22.6,50.5,49.5,25.7,12.1,51.2,83.1,22.6,39.7,60.3,22.6,12.4,20.7,12.5,,53.9,0.4,,,,36.5,,37.9,,16.4,83.6,0.4,89.5,10.1
0,10312,,80.2,32.7,64.0,26.3,4.0,1.2,12.2,5.2,19.8,89.2,42.8,36.5,34.7,,,,99.9,92.3,7.7,89.2,0.1,99.9,34.7,22.0,34.9,5.8,2.6,1.1,,,28.6,57.6,1.0,6.5,6.3,,52.3,3.9,19.7,,54.4,45.6,,,,,,,20.7,4.4,8.7,19.6,67.3,,24.9,6.5,4.1,42.5,19.3,27.6,,2.2,3.9,32.7,19.2,7.4,20.5,14.0,93.9,34.5,100.0,4.9,,8.8,23.2,1.9,59.6,6.4,17.2,26.2,,95.1,4.9,63.7,36.3,30.2,6.1,,,86.3,98.2,95.3,4.7,1.8,13.7,79.8,20.2,15.3,10.4,38.3,75.9,13.7,23.2,76.8,13.7,47.4,32.7,7.5,0.3,12.0,0.3,,,,34.2,,19.0,,6.1,93.9,0.2,92.4,7.4
0,10314,,75.8,31.0,59.0,25.1,4.5,1.4,12.3,4.5,24.2,86.7,39.1,34.2,34.5,,,,98.6,90.3,9.7,86.7,1.4,98.6,35.1,20.6,33.9,7.7,2.8,0.9,,,30.7,54.6,1.6,6.6,6.7,,50.3,4.3,12.2,,68.6,31.4,,,,,,,18.6,26.0,35.0,,39.0,,25.6,7.1,4.0,40.4,19.2,29.3,,4.7,5.3,32.4,16.5,7.3,19.7,14.2,90.0,33.8,100.0,4.2,,9.9,22.7,3.6,60.8,6.9,16.5,29.5,,93.6,6.1,58.7,41.3,32.4,9.0,0.3,,74.5,97.3,94.0,6.0,2.7,25.5,72.1,27.9,27.5,7.4,95.8,74.8,25.5,34.0,66.0,25.5,25.1,52.3,7.4,0.1,14.5,0.5,,,,30.5,,23.2,,9.1,90.9,0.7,92.5,6.8
0,10451,,57.4,28.3,19.6,10.2,6.9,2.7,30.9,15.5,42.6,91.5,35.6,33.4,27.3,,,,99.6,81.1,18.9,91.5,0.4,99.6,40.2,8.0,36.8,10.7,4.3,2.4,,,52.2,26.1,5.4,6.2,10.0,,71.6,4.4,72.0,8.4,45.6,46.0,,,,,,,23.0,21.2,15.3,18.4,45.1,,32.3,3.4,6.8,41.3,20.5,27.9,,16.0,14.4,25.9,16.8,7.4,13.3,6.2,69.6,19.5,99.9,2.3,,18.4,26.9,7.3,60.5,16.1,12.6,53.7,,94.4,4.9,59.2,40.8,36.1,4.7,0.7,,67.8,91.5,89.0,11.0,8.5,32.2,51.7,48.3,38.0,15.2,89.4,70.8,32.2,44.6,55.4,32.2,1.1,3.2,14.9,,80.7,0.1,,,,47.9,,47.1,,18.4,81.6,0.2,81.4,18.4
0,10452,,66.4,37.3,22.9,13.7,7.5,3.2,36.0,20.4,33.6,87.1,28.7,41.9,20.0,,,,99.0,86.0,14.0,87.1,1.0,99.0,34.7,7.9,40.6,12.0,4.8,1.8,,,51.7,29.1,5.8,4.2,9.3,,69.2,4.5,62.4,2.7,70.0,27.3,,,,,,,36.0,3.9,31.1,22.8,42.3,,33.3,5.0,4.0,45.3,21.8,23.9,,19.5,16.0,26.6,16.4,7.2,11.1,3.1,64.5,14.2,100.0,1.9,,14.3,30.1,5.7,61.9,14.2,8.0,47.3,,94.2,4.7,63.3,36.7,31.6,5.2,1.1,,56.1,91.0,93.3,6.7,9.0,43.9,42.9,57.1,49.0,10.3,178.2,64.8,43.9,49.0,51.0,43.9,0.5,3.3,14.4,,81.9,,,,,50.3,,52.9,,16.9,83.1,0.3,80.4,19.3
0,10453,,66.7,36.6,21.9,12.0,7.6,2.5,37.2,22.1,33.3,88.5,24.6,42.5,19.8,,,,98.0,86.1,13.9,88.5,2.0,98.0,35.0,7.7,40.2,12.1,5.0,1.7,,,51.1,28.5,6.8,3.7,9.9,,70.4,5.9,51.6,1.9,83.0,15.1,,,,,,,26.0,21.2,11.3,14.7,52.9,,31.3,6.8,7.4,40.9,22.3,22.6,,17.4,16.8,27.9,17.5,7.6,9.8,2.9,65.8,12.7,99.9,1.2,,15.2,29.8,6.7,61.7,15.2,8.4,45.0,,93.9,5.5,66.3,33.7,25.5,8.1,0.6,,58.8,91.2,92.2,7.8,8.8,41.2,43.6,56.4,46.4,11.2,176.9,71.4,41.2,52.5,47.5,41.2,0.5,2.8,11.8,,84.7,0.1,,,,50.2,,51.8,,15.6,84.4,0.1,80.4,19.5
0,10454,,61.9,35.0,17.7,9.4,9.7,4.0,34.5,21.6,38.1,90.5,29.5,40.6,21.7,,,,97.4,84.4,15.6,90.5,2.6,97.4,35.4,6.2,40.4,12.7,5.4,2.3,,,59.3,22.9,5.8,4.6,7.3,,75.4,5.5,68.6,5.3,66.0,28.7,,,,,,,47.9,16.8,24.3,15.5,43.5,,32.5,7.5,4.6,46.8,22.1,19.0,,22.5,19.5,29.1,15.7,5.4,5.9,2.0,58.1,7.9,100.0,1.6,,16.7,31.5,8.2,60.1,15.3,8.4,58.4,,90.3,9.4,72.2,27.8,23.3,4.5,0.3,,72.7,85.3,92.9,7.1,14.7,27.3,37.4,62.6,38.0,28.2,38.7,77.5,27.3,48.8,51.2,27.3,0.3,1.5,13.3,,84.8,,,,,44.5,,44.3,,22.5,77.5,0.1,77.7,22.1
0,10455,,65.0,33.3,20.3,10.0,9.4,4.4,35.3,18.9,35.0,89.6,31.7,40.8,23.5,,,,97.1,86.0,14.0,89.6,2.9,97.1,35.1,7.0,40.4,12.1,5.4,2.7,,,55.3,24.8,6.5,4.9,8.5,,69.9,8.1,63.9,7.4,64.0,28.7,,,,,,,38.1,18.4,31.6,3.8,46.2,,29.4,6.5,5.4,44.4,22.2,21.5,,20.3,19.0,27.8,15.4,5.7,8.7,3.1,60.7,11.8,100.0,1.5,,15.4,29.7,7.2,61.2,14.4,9.2,48.9,,91.9,7.7,52.4,47.6,36.3,11.3,0.4,,67.0,85.4,92.6,7.4,14.6,33.0,42.6,57.4,42.8,22.9,70.8,77.1,33.0,54.5,45.5,33.0,0.2,2.2,11.8,0.4,85.1,0.3,,,,46.6,,46.9,,18.8,81.2,,79.0,21.0
0,10456,,68.8,36.7,22.5,12.1,8.0,2.8,38.3,21.7,31.2,89.2,28.5,43.2,21.6,,,,97.3,87.6,12.4,89.2,2.7,97.3,33.6,7.4,41.4,12.5,5.0,1.4,,,53.6,26.8,6.3,4.3,8.9,,69.4,4.9,48.7,2.4,71.1,26.5,,,,,,,28.2,12.9,16.9,19.4,50.8,,32.8,6.1,6.0,41.2,23.8,22.9,,18.5,17.0,26.7,18.7,6.3,9.9,2.9,64.5,12.8,100.0,1.9,,17.1,30.4,6.3,61.1,17.6,8.5,52.4,,91.4,7.5,65.6,34.4,25.9,8.5,1.1,,64.7,88.7,90.6,9.4,11.3,35.3,44.7,55.3,42.6,17.2,101.4,69.9,35.3,49.3,50.7,35.3,0.5,2.4,19.0,0.1,77.8,0.3,,,,47.0,,48.4,,18.6,81.4,0.1,81.7,18.1
0,10457,,65.3,37.3,22.8,11.6,8.6,3.7,33.9,22.0,34.7,88.9,29.0,43.4,22.6,,,,95.7,85.9,14.1,88.9,4.3,95.7,34.5,7.8,39.7,12.9,5.1,2.1,,,51.0,28.2,6.8,5.3,8.8,,68.7,8.1,53.2,5.3,71.8,22.9,,,,,,,30.3,11.9,11.2,16.4,60.5,,31.8,5.9,6.7,44.6,23.6,19.1,,17.4,18.1,27.9,17.6,6.2,8.5,4.2,64.4,12.7,100.0,2.0,,15.2,32.5,7.1,58.6,14.8,8.9,47.3,,89.4,9.6,64.1,35.9,28.0,7.9,1.0,,60.0,90.2,92.5,7.5,9.8,40.0,40.8,59.2,45.8,12.8,154.3,70.4,40.0,54.6,45.4,40.0,0.7,2.1,13.4,0.2,83.6,0.1,,,,47.2,,49.1,,18.3,81.7,0.2,76.3,23.5
0,10458,,67.6,36.7,24.9,13.5,8.3,2.9,34.3,20.3,32.4,80.5,22.4,42.4,19.5,,,,96.1,85.3,14.7,80.5,3.9,96.1,33.8,8.3,38.8,12.5,6.6,2.2,,,54.3,28.2,5.5,4.0,8.0,,69.8,6.5,59.3,8.3,70.0,21.7,,,,,,,29.0,21.0,25.5,22.7,30.8,,33.9,4.7,4.4,38.1,18.8,34.0,,16.7,15.3,29.5,17.7,6.6,10.1,4.2,68.0,14.3,99.9,2.1,,13.0,29.2,6.2,63.0,12.4,7.8,43.7,,88.8,10.0,64.9,35.1,20.7,14.5,1.2,,59.4,90.4,87.6,12.4,9.6,40.6,38.9,61.1,46.4,12.3,174.5,68.8,40.6,56.9,43.1,40.6,3.9,5.1,8.7,0.1,82.2,0.1,,,,46.8,,47.6,,14.4,85.6,,83.2,16.8
0,10459,,68.5,37.5,23.0,11.7,10.0,4.9,35.6,20.9,31.5,90.3,30.0,42.6,23.7,,,,98.4,87.4,12.6,90.3,1.6,98.4,34.4,7.8,39.1,13.1,5.5,2.6,,,55.3,26.7,5.7,4.7,7.6,,72.4,4.2,45.4,3.5,70.1,26.3,,,,,,,23.1,15.2,15.2,21.3,48.2,,30.7,6.8,5.8,42.4,22.5,22.5,,18.9,15.5,29.5,15.3,6.9,10.6,3.3,65.7,13.9,100.0,1.5,,13.0,29.1,6.7,61.0,12.3,9.9,36.3,,91.9,7.2,61.1,38.9,23.7,15.2,0.9,,66.9,85.7,92.4,7.6,14.3,33.1,45.8,54.2,42.7,22.4,65.0,81.8,33.1,48.2,51.8,33.1,0.6,1.9,15.1,,82.4,,,,,41.9,,43.4,,19.5,80.5,0.2,81.0,18.7
0,10460,,68.2,34.0,25.4,11.4,7.9,3.5,34.9,19.1,31.8,87.1,34.9,40.3,26.0,,,,98.0,86.4,13.6,87.1,2.0,98.0,35.1,8.9,38.3,12.3,5.4,2.1,,,50.9,30.5,6.3,4.4,7.9,,69.5,5.7,64.0,4.4,73.4,22.2,,,,,,,29.5,16.1,20.6,14.7,48.7,,29.4,5.0,5.1,42.9,22.4,24.6,,17.9,18.9,27.0,18.7,5.5,9.2,2.8,63.3,12.0,100.0,1.5,,16.4,27.9,7.6,61.0,15.2,11.1,45.4,,91.7,7.5,73.6,26.4,17.5,9.0,0.9,,66.5,84.5,93.3,6.7,15.5,33.5,46.7,53.3,43.8,23.6,67.8,74.3,33.5,48.7,51.3,33.5,1.7,2.4,12.3,,83.6,,,,,38.8,,39.8,,15.0,85.0,0.4,76.0,23.6
0,10461,,63.9,27.3,39.6,17.1,6.4,3.0,17.9,7.2,36.1,85.6,34.2,30.6,29.4,,,,97.9,83.8,16.2,85.6,2.1,97.9,38.4,15.2,31.6,10.1,4.6,2.4,,,38.0,42.9,3.0,7.1,9.0,,54.9,5.7,27.5,1.3,68.9,29.8,,,,,,,18.2,11.8,5.3,17.1,65.8,,24.6,7.1,4.1,41.3,15.2,32.2,,9.6,9.6,28.0,16.7,8.0,16.6,11.5,80.8,28.1,100.0,2.8,,13.2,21.6,3.5,63.6,10.2,14.8,39.9,,86.6,12.0,69.0,31.0,19.2,11.8,1.4,,72.8,90.8,93.4,6.6,9.2,27.2,55.6,44.4,33.9,19.9,68.0,74.3,27.2,42.5,57.5,27.2,25.0,30.3,1.7,0.2,42.7,0.2,,,,37.0,,30.0,,14.6,85.4,,89.6,10.4
0,10462,,62.4,28.8,31.3,15.2,8.3,2.6,22.8,11.0,37.6,87.6,27.5,32.6,23.9,,,,99.5,83.0,17.0,87.6,0.5,99.5,38.7,12.0,32.0,11.8,5.5,2.5,,,44.2,37.0,4.4,5.1,9.2,,63.5,5.4,41.4,1.8,64.9,33.3,,,,,,,21.2,30.0,43.3,20.1,6.5,,26.2,4.7,5.6,38.7,20.5,30.6,,9.7,10.2,28.3,18.2,8.1,16.0,9.5,80.1,25.6,100.0,2.4,,13.6,22.9,4.3,65.3,11.9,11.9,40.4,,91.5,7.3,68.2,31.8,18.8,13.0,1.2,,68.8,83.8,91.2,8.8,16.2,31.2,52.1,47.9,42.4,26.3,64.7,74.6,31.2,52.0,48.0,31.2,7.6,30.3,11.2,,50.6,0.2,,,,40.3,,35.6,,12.9,87.1,0.4,89.1,10.5
0,10463,,58.3,26.2,32.8,14.0,6.3,2.8,19.2,9.4,41.7,86.5,40.1,29.4,34.0,,,,96.5,79.1,20.9,86.5,3.5,96.5,41.6,13.7,29.6,8.5,6.6,2.7,,,38.8,38.4,3.1,7.5,12.1,,62.2,6.7,44.1,,65.0,35.0,,,,,,,23.4,33.1,15.2,16.7,35.0,,24.2,8.4,4.9,38.6,16.3,31.8,,9.4,9.4,19.7,15.9,5.2,20.9,19.5,81.1,40.4,100.0,3.7,,14.2,22.6,5.8,59.3,10.4,18.1,36.9,,89.0,10.1,58.8,41.2,33.9,7.4,0.9,,67.0,93.2,83.7,16.3,6.8,33.0,60.8,39.2,37.6,12.2,107.2,79.8,33.0,40.0,60.0,33.0,16.6,11.6,3.3,0.1,68.0,0.4,,,,37.9,,39.1,,13.3,86.7,0.5,93.5,6.0
0,10464,,55.9,20.2,42.7,11.8,4.5,3.1,8.6,5.4,44.1,79.6,44.4,21.2,40.1,,,,99.6,76.5,23.5,79.6,0.4,99.6,42.9,18.2,24.9,6.5,7.5,5.0,,,35.7,46.9,1.8,5.1,10.5,,48.2,5.6,75.9,,87.0,13.0,,,,,,,39.4,,,,100.0,,19.3,,12.4,40.5,13.8,33.3,,3.2,4.7,25.4,12.3,11.8,23.0,19.7,92.1,42.6,100.0,7.3,,16.1,17.7,2.2,59.9,13.9,22.5,33.1,,87.9,11.9,74.2,25.8,14.2,11.7,0.2,,88.0,94.7,85.6,14.4,5.3,12.0,76.0,24.0,16.7,28.0,15.9,90.9,12.0,38.0,62.0,12.0,49.1,34.1,,,16.9,,,,,25.9,,32.7,,12.8,87.2,,93.0,7.0
0,10465,,67.7,28.5,42.4,17.3,6.8,2.7,18.4,8.5,32.3,88.6,43.1,32.3,34.0,,,,95.7,85.9,14.1,88.6,4.3,95.7,37.8,16.2,30.4,10.4,5.2,2.2,,,37.6,42.1,2.2,7.5,10.6,,62.1,5.3,43.3,10.5,49.8,39.7,,,,,,,21.8,21.1,11.0,9.1,58.8,,26.0,8.1,5.0,29.6,19.5,37.7,,8.4,6.8,30.4,18.6,9.6,14.9,11.4,84.9,26.3,100.0,4.6,,16.4,21.6,4.8,61.7,12.9,16.7,44.0,,93.5,6.0,70.6,29.4,17.0,12.4,0.5,,84.6,91.1,92.7,7.3,8.9,15.4,65.3,34.7,22.9,32.9,23.9,82.9,15.4,31.7,68.3,15.4,27.3,12.8,6.5,0.3,53.1,0.1,,,,29.0,,24.6,,13.6,86.4,0.4,91.8,7.9
0,10466,,70.2,30.4,31.6,13.3,6.0,1.8,32.6,15.3,29.8,87.0,30.0,37.9,28.9,,,,99.0,87.7,12.3,87.0,1.0,99.0,33.0,10.3,36.3,14.7,5.7,1.3,,,46.8,33.5,4.5,5.9,9.3,,67.5,5.6,50.8,8.5,68.1,23.4,,,,,,,26.5,38.8,7.5,20.4,33.3,,28.2,5.6,4.5,36.5,23.6,29.8,,8.5,12.7,28.9,17.7,8.9,16.2,7.1,78.8,23.3,100.0,2.7,,15.0,24.0,7.0,63.7,13.0,12.3,40.5,,90.2,8.2,72.6,27.4,18.9,8.5,1.6,,57.7,89.5,89.9,10.1,10.5,42.3,63.0,37.0,48.4,12.6,104.1,64.0,42.3,38.4,61.6,42.3,2.3,1.8,9.3,0.1,86.2,0.2,,,,32.4,,35.7,,13.1,86.9,0.3,83.5,16.3
0,10467,,64.1,31.6,28.3,14.6,9.3,3.6,26.5,13.3,35.9,89.9,27.2,37.6,22.7,,,,98.4,85.2,14.8,89.9,1.6,98.4,36.0,10.2,35.4,13.1,5.3,2.3,,,47.9,33.4,5.0,4.8,8.8,,66.4,7.7,53.1,0.9,73.4,25.7,,,,,,,31.9,26.5,15.6,15.9,41.9,,28.4,6.0,5.5,41.2,20.7,26.7,,13.6,12.5,30.6,16.6,7.5,13.2,6.0,73.9,19.2,100.0,2.3,,15.6,27.1,6.2,62.6,14.4,10.2,47.4,,88.5,10.3,75.0,25.0,20.2,4.8,1.2,,62.6,87.3,91.8,8.2,12.7,37.4,47.5,52.5,45.4,17.5,102.8,70.2,37.4,49.8,50.2,37.4,8.1,13.8,8.9,0.1,69.1,0.1,,,,46.4,,45.7,,16.4,83.6,0.4,84.7,14.8
0,10468,,68.8,36.5,27.3,14.2,9.4,3.6,32.2,18.6,31.2,86.6,30.4,41.9,22.7,,,,98.3,87.2,12.8,86.6,1.7,98.3,34.1,9.3,36.0,15.0,5.6,2.1,,,47.0,33.3,6.4,4.2,9.1,,63.0,7.1,47.1,2.5,86.1,11.4,,,,,,,24.5,22.1,10.5,20.5,46.8,,27.6,6.8,7.2,42.7,20.2,23.2,,16.7,14.7,29.3,17.9,6.3,10.7,4.5,68.6,15.1,100.0,1.9,,11.2,28.2,3.5,62.4,10.5,9.4,38.5,,91.7,7.8,65.6,34.4,28.7,5.7,0.5,,53.5,88.3,92.9,7.1,11.7,46.5,44.3,55.7,52.8,11.9,149.5,73.9,46.5,52.2,47.8,46.5,2.2,5.2,6.5,,86.1,0.1,,,,49.3,,50.4,,14.1,85.9,0.1,86.8,13.1
0,10469,,75.9,32.4,39.4,17.1,8.3,3.8,28.2,11.5,24.1,86.3,33.0,38.4,34.2,,,,96.6,90.9,9.1,86.3,3.4,96.6,31.5,12.4,35.8,14.8,5.5,1.9,,,43.3,37.1,3.8,7.5,8.2,,68.0,4.3,53.9,6.8,65.8,27.4,,,,,,,19.5,15.7,12.7,20.9,50.7,,27.0,4.5,4.5,35.0,23.8,32.2,,10.8,9.7,27.9,17.6,9.0,14.8,10.2,79.5,25.0,100.0,2.8,,13.3,23.0,4.6,62.3,11.1,14.6,36.5,,91.9,7.4,67.9,32.1,22.8,9.3,0.7,,59.7,90.3,90.1,9.9,9.7,40.3,64.6,35.4,46.0,12.5,96.7,80.9,40.3,34.9,65.1,40.3,7.7,11.2,10.5,,70.5,0.1,,,,33.3,,31.0,,11.9,88.1,0.5,85.8,13.8
0,10470,,57.5,20.8,31.3,12.8,4.0,0.5,22.2,7.5,42.5,83.1,35.8,26.3,33.1,,,,99.3,79.3,20.7,83.1,0.7,99.3,39.6,12.6,28.7,11.9,7.1,1.9,,,41.7,36.5,4.3,7.2,10.3,,66.5,7.3,33.9,,65.4,34.6,,,,,,,9.4,12.3,10.5,22.8,54.4,,20.4,9.0,2.5,40.0,16.2,32.4,,8.8,9.3,27.5,16.1,7.0,20.2,11.0,81.9,31.3,99.9,4.1,,14.1,19.6,5.1,63.5,10.4,16.9,38.4,,89.6,9.8,53.5,46.5,39.4,7.1,0.6,,65.3,93.1,86.6,13.4,6.9,34.7,64.4,35.6,39.2,11.5,108.2,75.4,34.7,35.1,64.9,34.7,26.4,4.7,7.1,,61.6,0.2,,,,31.8,,37.5,,12.9,87.1,0.7,85.7,13.5
0,10471,,54.9,19.3,40.0,14.4,5.0,2.1,9.9,2.8,45.1,87.4,48.0,21.1,40.0,,,,85.7,76.2,23.8,87.4,14.3,85.7,45.8,18.0,25.0,5.9,5.2,2.1,,,38.0,40.8,2.6,9.0,9.6,,63.7,2.3,6.4,,60.6,39.4,,,,,,,25.6,,,63.0,37.0,,25.6,7.7,3.2,27.1,12.1,50.0,,4.4,4.4,16.4,15.1,5.1,23.1,31.6,91.3,54.7,100.0,4.4,,13.3,19.3,3.5,58.8,8.3,21.9,35.6,,88.6,10.0,24.8,75.2,49.0,26.2,1.4,,75.4,96.1,78.4,21.6,3.9,24.6,64.0,36.0,27.5,10.7,105.4,66.1,24.6,27.8,72.2,24.6,37.9,21.9,3.0,0.6,35.3,1.4,,,,30.9,,30.5,,9.4,90.6,0.6,90.5,9.0
0,10472,,69.7,36.3,29.7,15.1,8.6,3.2,31.4,18.0,30.3,83.6,35.6,42.9,26.4,,,,98.9,88.0,12.0,83.6,1.1,98.9,32.2,9.5,37.3,14.4,6.5,2.0,,,48.8,32.6,5.1,4.8,8.7,,66.6,5.5,45.5,2.5,75.3,22.1,,,,,,,24.8,20.9,28.6,18.9,31.6,,28.9,6.9,5.8,44.7,22.1,20.5,,21.1,16.5,26.8,16.5,6.8,9.1,3.2,62.4,12.3,100.0,1.8,,14.6,28.5,5.9,60.6,13.6,11.0,42.7,,93.2,6.0,76.8,23.2,18.6,4.6,0.8,,59.0,85.8,93.4,6.6,14.2,41.0,40.2,59.8,49.4,17.0,111.4,68.2,41.0,54.7,45.3,41.0,1.0,11.9,5.9,,81.2,,,,,49.5,,49.2,,18.2,81.8,0.3,81.1,18.6
0,10473,,68.2,30.7,27.8,11.0,6.2,2.8,34.2,16.9,31.8,91.6,42.7,37.3,31.9,,,,99.5,87.6,12.4,91.6,0.5,99.5,35.3,10.0,37.5,12.6,4.7,1.7,,,50.2,30.3,4.3,5.9,9.3,,72.4,4.3,58.7,,67.0,33.0,,,,,,,21.8,5.6,41.4,14.4,38.5,,28.6,7.5,4.6,39.3,21.9,26.7,,10.6,13.7,28.8,19.3,9.5,12.5,5.6,75.7,18.1,99.9,3.5,,15.8,25.5,7.0,60.0,13.4,14.5,41.0,,96.8,2.9,66.1,33.9,21.8,12.1,0.3,,76.4,87.5,90.3,9.7,12.5,23.6,59.1,40.9,33.1,28.9,36.8,86.0,23.6,42.4,57.6,23.6,0.5,3.8,16.3,,79.2,0.3,,,,33.1,,33.1,,14.6,85.4,0.1,85.0,14.9
0,10474,,68.8,38.0,23.7,13.1,6.9,2.9,38.2,22.0,31.2,84.7,31.6,46.5,21.6,,,,91.4,87.9,12.1,84.7,8.6,91.4,31.5,7.3,38.1,14.2,8.9,2.7,,,56.7,25.6,4.4,4.0,9.4,,72.3,3.3,50.0,13.7,42.2,44.1,,,,,,,39.9,,19.2,45.9,34.9,,31.2,7.7,5.4,43.6,21.4,21.9,,19.7,16.9,27.2,17.1,7.6,9.1,2.5,63.4,11.6,100.0,1.4,,11.2,31.5,3.9,60.5,10.9,8.0,42.2,,87.2,11.8,59.6,40.4,36.0,4.4,1.1,,62.2,86.7,90.5,9.5,13.3,37.8,29.0,71.0,46.1,17.9,101.0,80.5,37.8,64.2,35.8,37.8,0.4,0.7,29.1,,69.8,,,,,50.5,,54.3,,21.2,78.8,,83.6,16.4
0,10475,,55.9,19.1,23.0,6.2,8.4,3.1,24.5,9.7,44.1,98.7,55.9,22.7,43.5,,,,96.6,79.4,20.6,98.7,3.4,96.6,45.0,10.3,31.5,10.3,2.9,1.4,,,40.6,28.7,4.7,11.3,14.7,,74.8,2.7,28.4,,40.5,59.5,,,,,,,27.2,15.5,29.1,7.2,48.2,,22.2,5.9,5.1,38.0,20.9,30.1,,5.7,8.4,28.8,18.9,9.9,18.4,9.9,85.8,28.3,100.0,4.9,,18.2,18.9,4.7,57.8,11.2,23.3,46.9,,95.3,4.4,83.9,16.1,11.3,4.9,0.4,,73.7,89.7,86.8,13.2,10.3,26.3,76.5,23.5,34.0,22.5,14.4,86.9,26.3,31.7,68.3,26.3,5.1,8.0,19.0,,67.7,0.1,,,,36.8,,42.8,,17.5,82.5,0.4,86.9,12.7
0,11004,,66.7,21.1,54.6,16.6,3.0,0.9,9.1,3.5,33.3,87.5,41.2,24.8,34.8,,,,94.1,86.2,13.8,87.5,5.9,94.1,36.1,19.8,29.9,9.9,4.3,0.9,,,29.7,52.8,0.9,8.0,8.5,,53.1,7.2,35.2,,39.3,60.7,,,,,,,32.6,8.8,42.9,21.8,26.5,,19.2,8.4,4.5,31.8,17.5,37.8,,4.4,3.9,27.5,12.7,9.0,25.6,16.9,91.7,42.5,100.0,2.7,,11.0,18.6,2.0,64.8,7.7,16.6,34.1,,94.8,5.1,71.4,28.6,25.9,2.7,0.1,,61.1,98.4,95.3,4.7,1.6,38.9,80.7,19.3,39.9,2.5,286.2,92.8,38.9,23.9,76.1,38.9,6.4,70.8,2.5,,20.3,,,,,32.0,,28.8,,9.2,90.8,0.5,91.6,7.9
0,11101,,51.4,21.2,32.9,13.1,3.4,0.7,15.1,7.4,48.6,73.3,14.9,23.5,14.5,,,,98.0,70.6,29.4,73.3,2.0,98.0,44.7,14.9,24.0,7.3,9.1,3.2,,,47.6,39.6,2.6,3.1,7.2,,56.8,4.8,15.9,5.4,53.5,41.0,,,,,,,15.2,76.6,,,23.4,,21.2,7.9,4.2,36.7,17.9,33.3,,6.7,5.9,24.1,10.2,5.1,28.7,19.4,87.4,48.0,100.0,2.0,,7.2,19.3,1.6,72.2,5.3,8.4,37.1,,82.8,15.0,41.1,58.9,41.8,17.2,2.2,,64.2,95.9,70.8,29.2,4.1,35.8,49.9,50.1,38.4,6.8,287.9,72.0,35.8,51.3,48.7,35.8,14.1,41.9,1.5,1.3,39.9,1.3,,,,47.3,,49.6,,10.0,90.0,0.2,93.1,6.7
0,11102,,48.8,15.7,33.5,11.3,4.1,0.3,11.1,4.1,51.2,68.2,16.8,17.6,19.9,,,,99.0,68.2,31.8,68.2,1.0,99.0,42.9,14.5,21.7,9.0,11.9,3.6,,,48.6,38.4,2.4,4.3,6.2,,63.3,3.0,25.8,,70.6,29.4,,,,,,,31.2,19.2,15.8,27.4,37.7,,20.3,8.9,2.6,30.1,18.9,39.4,,8.0,6.7,20.1,10.9,6.2,32.0,16.1,85.2,48.1,100.0,1.7,,9.4,15.9,5.9,73.0,6.0,11.1,37.0,,86.2,12.3,52.3,47.7,30.6,17.1,1.4,,59.9,95.5,70.7,29.3,4.5,40.1,54.1,45.9,42.8,6.4,229.6,69.8,40.1,44.4,55.6,40.1,23.8,26.3,5.1,0.1,43.4,1.3,,,,44.5,,47.8,,9.6,90.4,0.2,91.2,8.6
0,11103,,47.2,16.1,34.5,11.2,4.4,1.0,8.2,3.8,52.8,61.7,14.0,16.9,19.6,,,,99.7,63.5,36.5,61.7,0.3,99.7,43.5,14.9,19.2,6.5,15.9,3.7,,,48.4,38.1,1.5,4.0,7.9,,66.6,2.6,7.2,,63.0,37.0,,,,,,,10.7,,,15.2,84.8,,17.7,4.4,3.7,26.2,16.0,49.6,,7.5,4.3,20.6,9.8,6.1,33.6,18.1,88.2,51.7,100.0,1.8,,8.3,12.6,2.9,76.1,5.1,11.3,35.6,,84.6,14.3,46.2,53.8,32.5,21.3,1.1,,57.7,96.0,68.4,31.6,4.0,42.3,56.0,44.0,44.6,5.2,281.5,71.7,42.3,38.1,61.9,42.3,34.3,26.8,6.5,0.5,31.1,0.8,,,,41.6,,44.1,,9.2,90.8,0.1,94.3,5.6
0,11104,,46.9,17.9,35.8,14.8,5.1,1.6,6.0,1.5,53.1,74.9,19.8,19.4,22.1,,,,99.9,68.4,31.6,74.9,0.1,99.9,44.5,16.0,22.7,6.9,9.8,3.7,,,43.4,42.9,2.2,4.5,7.0,,58.5,3.6,26.6,,49.4,50.6,,,,,,,43.9,,50.4,,49.6,,17.4,5.3,4.3,34.8,20.1,35.5,,7.2,6.8,21.2,10.6,8.4,29.4,16.4,86.0,45.9,100.0,1.7,,6.7,16.1,0.8,71.0,3.8,12.9,30.3,,89.6,8.5,54.5,45.5,31.2,14.3,1.9,,52.9,94.1,76.1,23.9,5.9,47.1,39.6,60.4,50.3,6.2,238.1,35.4,47.1,48.4,51.6,47.1,16.5,40.8,2.9,0.2,38.9,0.7,,,,52.9,,51.5,,11.2,88.8,0.1,92.5,7.4
0,11105,,51.8,17.1,36.7,13.4,5.7,1.3,9.3,2.4,48.2,64.6,19.0,19.6,23.6,,,,99.9,69.1,30.9,64.6,0.1,99.9,41.1,15.1,22.2,8.2,13.3,3.8,,,44.9,41.1,1.8,5.1,7.1,,62.2,4.0,10.4,,78.0,22.0,,,,,,,40.5,32.1,2.7,19.8,45.4,,19.4,6.3,4.4,30.8,17.1,41.4,,7.5,5.6,20.0,11.3,7.0,31.1,17.4,86.9,48.6,99.9,1.8,,9.1,14.8,1.9,72.2,5.4,12.9,37.7,,87.3,11.4,49.6,50.4,35.7,14.7,1.2,,62.7,94.4,73.4,26.6,5.6,37.3,63.4,36.6,40.9,8.7,136.7,56.5,37.3,35.7,64.3,37.3,40.5,24.6,5.5,0.1,28.5,0.9,,,,35.1,,39.0,,11.5,88.5,0.3,94.5,5.2
0,11106,,47.3,15.1,32.1,10.4,5.0,1.0,10.2,3.6,52.7,72.1,20.3,18.6,23.3,,,,99.4,67.3,32.7,72.1,0.6,99.4,44.6,14.3,20.0,9.9,11.3,2.8,,,45.7,38.6,2.4,5.5,7.7,,63.1,3.1,20.2,1.1,61.9,37.0,,,,,,,33.2,4.8,11.4,29.8,54.0,,20.0,5.8,3.4,36.0,14.2,40.6,,8.0,6.0,18.4,10.9,6.8,33.7,16.2,86.0,49.9,100.0,2.5,,10.7,15.2,4.3,71.2,5.6,13.6,44.8,,87.0,11.2,46.5,53.5,35.0,18.5,1.7,,59.5,93.8,71.4,28.6,6.2,40.5,55.8,44.2,44.2,8.3,189.6,64.8,40.5,40.4,59.6,40.5,20.3,36.4,3.2,0.2,38.8,1.0,,,,44.3,,49.7,,11.7,88.3,0.3,93.8,5.9
0,11109,,49.3,17.9,45.5,16.5,2.3,0.5,1.6,0.9,50.7,71.6,,17.9,2.7,,,,100.0,67.0,33.0,71.6,,100.0,49.4,22.5,14.6,4.7,8.9,5.4,,,33.7,58.7,1.6,1.6,4.4,,44.3,6.7,9.6,,35.7,64.3,,,,,,,100.0,,100.0,,,,14.2,8.2,12.7,21.8,8.0,49.4,,,0.8,7.0,5.8,2.7,40.2,43.4,99.2,83.6,100.0,,,1.4,14.6,,83.8,1.4,1.7,15.2,,72.1,26.2,28.1,71.9,41.0,30.9,1.7,,62.1,95.9,57.4,42.6,4.1,37.9,39.3,60.7,40.4,6.2,633.1,56.3,37.9,70.1,29.9,37.9,41.3,47.0,0.5,4.6,6.0,0.6,,,,31.5,,5.9,,0.5,99.5,,100.0,
0,11201,,46.6,20.4,36.2,15.8,2.2,0.8,8.2,3.9,53.4,71.3,18.6,22.1,18.6,,,,91.8,65.6,34.4,71.3,8.2,91.8,48.7,17.6,20.9,3.6,9.2,5.2,,,45.7,42.9,1.5,3.8,6.1,,58.0,4.8,15.5,,54.0,46.0,,,,,,,43.1,20.0,,34.7,45.3,,21.4,10.0,6.0,29.7,10.3,44.0,,2.6,2.8,9.8,7.9,2.8,35.7,38.4,94.6,74.1,100.0,1.8,,8.2,17.9,2.0,71.6,5.6,10.5,36.0,,80.5,17.6,33.8,66.2,41.7,24.4,1.9,,80.3,96.0,56.3,43.7,4.0,19.7,49.8,50.2,22.9,13.8,152.2,82.2,19.7,48.6,51.4,19.7,26.3,39.8,4.9,1.7,22.4,4.8,,,,27.6,,27.2,,6.6,93.4,0.3,96.3,3.4
0,11203,,66.6,24.2,30.8,10.6,7.1,2.2,28.7,11.4,33.4,89.5,38.8,30.6,36.8,,,,97.7,85.4,14.6,89.5,2.3,97.7,37.7,11.7,32.0,13.9,4.8,1.5,,,44.8,35.1,4.3,6.3,9.6,,71.1,2.3,41.9,,65.5,34.5,,,,,,,21.7,23.6,7.7,26.1,42.7,,25.7,5.0,5.6,38.4,19.4,31.4,,6.3,7.2,36.0,19.1,7.9,15.7,7.7,86.5,23.5,100.0,1.7,,8.7,22.4,2.2,60.1,4.9,17.5,29.9,,94.8,4.7,78.8,21.2,12.4,8.7,0.4,,48.6,96.6,90.8,9.2,3.4,51.4,70.3,29.7,53.1,3.1,263.5,63.1,51.4,27.9,72.1,51.4,1.0,3.6,2.1,,93.0,0.3,,,,38.2,,35.5,,20.3,79.7,0.5,92.2,7.3
0,11204,,76.9,35.2,58.9,29.0,6.4,1.9,11.6,4.2,23.1,85.1,39.7,38.0,31.5,,,,99.8,91.2,8.8,85.1,0.2,99.8,30.7,18.0,36.5,11.1,3.7,1.0,,,30.4,56.9,1.6,5.6,5.5,,46.5,6.6,13.0,,74.6,25.4,,,,,,,12.8,23.9,32.0,2.9,41.2,,29.4,6.6,7.1,45.1,19.3,22.0,,16.1,10.7,28.4,10.6,7.0,18.7,8.5,73.2,27.2,100.0,1.5,,10.3,29.3,2.0,57.1,6.7,13.6,43.5,,92.0,7.0,85.4,14.6,9.0,5.7,1.1,,54.9,95.6,94.9,5.1,4.4,45.1,58.3,41.7,47.5,5.1,302.7,48.5,45.1,42.4,57.6,45.1,27.4,57.1,2.9,,12.1,0.6,,,,55.0,,52.9,,16.3,83.7,0.3,87.9,11.8
0,11205,,50.8,27.0,30.2,17.3,4.3,1.6,16.4,8.1,49.2,70.0,15.7,30.4,16.0,,,,94.4,73.6,26.4,70.0,5.6,94.4,37.5,11.4,34.9,6.7,9.6,3.2,,,55.6,32.1,2.9,2.7,6.7,,69.7,6.0,31.6,2.1,68.8,29.1,,,,,,,22.9,24.0,21.7,16.6,37.7,,32.1,10.4,5.4,36.9,15.4,32.0,,7.3,9.8,20.1,13.4,4.3,25.9,19.2,82.9,45.1,99.9,1.9,,9.8,29.0,3.6,63.8,8.8,7.3,43.6,,85.9,12.6,54.0,46.0,26.4,19.6,1.6,,80.3,95.9,73.6,26.4,4.1,19.7,45.2,54.8,23.0,14.4,132.9,66.6,19.7,55.5,44.5,19.7,13.1,26.5,8.4,0.8,48.1,3.1,,,,39.9,,41.1,,12.6,87.4,,87.7,12.3
0,11206,,57.1,26.4,27.7,13.8,5.8,1.8,23.7,10.8,42.9,64.2,23.7,30.9,24.6,,,,99.3,75.8,24.2,64.2,0.7,99.3,35.4,9.8,35.3,8.7,10.8,1.9,,,55.0,29.6,3.5,5.1,6.8,,69.5,4.9,28.4,2.8,75.0,22.3,,,,,,,39.5,10.9,14.8,12.8,61.5,,31.3,7.4,6.8,42.2,21.2,22.4,,13.4,12.7,27.1,15.1,4.5,20.5,6.7,73.9,27.2,100.0,1.7,,12.6,29.3,2.7,60.4,11.4,10.3,47.6,,90.0,9.3,64.4,35.6,23.2,12.5,0.7,,78.5,90.8,78.9,21.1,9.2,21.5,55.3,44.7,28.7,25.2,49.2,80.8,21.5,42.0,58.0,21.5,12.5,25.6,1.6,0.8,58.5,1.0,,,,39.7,,39.1,,20.1,79.9,0.6,85.0,14.4
0,11207,,60.5,27.1,24.1,10.4,7.1,2.2,29.3,14.5,39.5,85.6,22.0,32.9,24.5,,,,97.4,82.1,17.9,85.6,2.6,97.4,37.1,8.9,34.0,13.6,6.4,2.1,,,55.3,28.2,4.0,5.1,7.5,,74.4,5.2,60.8,1.1,79.0,19.9,,,,,,,32.0,11.2,23.3,14.8,50.8,,27.5,6.6,5.2,40.4,19.6,28.2,,9.7,12.1,37.0,17.8,8.0,10.9,4.5,78.2,15.5,100.0,3.0,,14.1,25.4,5.7,63.5,12.2,11.1,44.4,,92.9,6.8,69.0,31.0,19.9,11.1,0.3,,67.4,93.4,86.5,13.5,6.6,32.6,58.2,41.8,37.0,11.9,102.0,74.1,32.6,38.5,61.5,32.6,1.7,3.3,5.5,,89.1,0.4,,,,38.9,,39.3,,14.6,85.4,0.4,84.3,15.4
0,11208,,70.8,33.2,33.6,15.5,8.4,2.9,28.7,14.9,29.2,86.7,25.2,40.8,22.1,,,,99.4,88.4,11.6,86.7,0.6,99.4,32.8,10.8,36.3,15.1,4.8,1.4,,,51.1,34.6,3.3,4.6,6.4,,68.0,4.8,39.8,9.1,72.9,18.0,,,,,,,26.0,19.2,19.2,5.7,55.8,,28.7,7.6,7.3,40.6,22.1,22.4,,10.5,8.5,47.4,13.5,5.3,10.6,4.1,80.9,14.7,100.0,1.4,,9.1,28.5,2.3,62.5,7.9,9.0,38.3,,95.4,4.0,61.7,38.3,26.4,11.8,0.6,,61.4,92.5,92.3,7.7,7.5,38.6,56.8,43.2,43.2,10.7,115.9,71.5,38.6,45.2,54.8,38.6,1.1,13.7,5.0,,80.0,0.1,,,,32.0,,32.0,,11.4,88.6,0.2,86.4,13.5
0,11209,,55.5,22.2,43.5,18.7,3.5,0.7,8.5,2.8,44.5,83.9,31.5,23.9,30.5,,,,99.4,76.6,23.4,83.9,0.6,99.4,43.4,18.8,26.1,6.2,5.4,2.1,,,34.4,49.7,1.6,6.4,8.0,,50.8,5.1,9.0,2.5,56.9,40.6,,,,,,,30.4,19.9,13.1,38.8,28.2,,21.6,8.4,4.0,38.8,15.9,32.9,,5.8,6.0,18.8,13.4,6.1,28.4,21.5,88.2,49.9,99.6,3.8,,10.9,19.4,2.4,63.5,6.8,17.0,35.7,,89.8,8.8,64.2,35.8,18.5,17.3,1.4,,68.2,95.2,84.2,15.8,4.8,31.8,64.2,35.8,35.1,9.3,160.1,57.3,31.8,37.2,62.8,31.8,30.1,42.9,8.4,0.3,17.3,1.0,,,,38.8,,36.3,,11.2,88.8,0.4,94.3,5.2
0,11210,,71.6,31.2,43.2,20.4,6.2,1.9,22.2,8.9,28.4,85.0,28.4,36.9,29.6,,,,99.5,88.8,11.2,85.0,0.5,99.5,33.4,14.4,36.7,11.8,3.7,1.3,,,41.3,42.8,3.2,4.8,7.8,,62.1,4.8,25.2,0.7,59.9,39.4,,,,,,,19.5,3.1,16.0,28.5,52.4,,32.3,5.2,5.5,39.7,21.9,27.7,,5.3,5.8,27.2,19.2,6.9,20.7,14.9,88.9,35.6,100.0,1.6,,8.3,28.4,2.7,58.3,6.3,13.2,28.9,,94.0,5.4,78.1,21.9,13.1,8.8,0.6,,60.1,96.8,91.1,8.9,3.2,39.9,63.3,36.7,41.8,4.6,311.3,56.1,39.9,35.9,64.1,39.9,6.5,10.3,4.6,0.1,78.2,0.3,,,,37.7,,33.3,,9.0,91.0,0.1,92.2,7.7
0,11211,,53.5,23.8,40.4,18.6,2.9,0.9,10.2,4.3,46.5,60.9,14.9,26.4,16.7,,,,99.3,72.4,27.6,60.9,0.7,99.3,38.7,15.6,30.0,4.7,11.1,3.5,,,47.4,42.5,2.1,3.0,5.0,,60.1,7.2,14.9,,66.6,33.4,,,,,,,31.0,19.1,5.0,5.0,70.8,,26.1,10.6,7.9,41.2,17.5,22.8,,8.3,9.1,18.5,11.0,3.5,32.7,16.9,82.6,49.6,100.0,1.2,,8.5,26.2,2.4,65.4,6.5,8.4,43.0,,87.9,11.0,51.1,48.9,31.5,17.5,1.1,,79.0,94.3,72.7,27.3,5.7,21.0,51.9,48.1,25.5,17.8,96.2,79.7,21.0,42.4,57.6,21.0,33.9,22.8,1.8,1.7,36.3,3.6,,,,37.9,,36.3,,17.5,82.5,0.3,87.1,12.6
0,11212,,50.3,20.7,16.3,5.5,5.0,1.5,29.0,13.6,49.7,94.1,24.9,26.4,26.0,,,,91.5,75.9,24.1,94.1,8.5,91.5,44.9,7.3,30.7,12.7,4.3,1.3,,,57.2,23.6,4.5,6.4,8.2,,79.8,4.6,57.8,,79.8,20.2,,,,,,,34.5,14.2,37.7,5.3,42.8,,25.6,7.5,5.2,38.0,22.8,26.4,,8.7,13.7,35.9,18.6,8.4,10.5,4.2,77.7,14.6,100.0,1.9,,14.6,23.6,6.2,63.4,12.7,13.1,39.2,,91.1,8.4,68.0,32.0,29.0,3.0,0.5,,65.5,95.5,87.8,12.2,4.5,34.5,58.5,41.5,37.5,7.8,151.8,65.0,34.5,35.3,64.7,34.5,1.0,3.1,4.6,,91.1,0.1,,,,44.5,,45.1,,20.9,79.1,0.1,84.7,15.2
0,11213,,58.2,25.3,23.3,11.0,6.8,1.8,28.2,12.6,41.8,79.7,24.3,31.6,23.8,,,,98.7,78.8,21.2,79.7,1.3,98.7,38.3,9.0,32.4,12.6,7.7,2.1,,,54.3,26.6,5.2,4.6,9.3,,74.9,3.6,33.0,0.9,68.2,30.9,,,,,,,29.6,10.7,19.2,26.9,43.2,,28.7,7.4,4.3,37.0,21.3,30.1,,7.1,10.9,28.3,18.8,6.9,17.9,10.1,82.0,28.1,99.9,1.7,,11.1,24.8,4.9,64.0,8.7,11.2,38.2,,91.3,7.4,64.7,35.3,20.5,14.8,1.3,,65.1,95.2,80.1,19.9,4.8,34.9,60.6,39.4,38.1,8.3,139.2,56.0,34.9,34.3,65.7,34.9,7.7,7.5,2.6,0.4,80.5,1.3,,,,32.5,,34.0,,14.4,85.6,0.2,85.1,14.7
0,11214,,71.1,30.6,51.4,22.9,7.7,2.3,12.0,5.4,28.9,81.6,41.6,33.7,34.1,,,,98.9,87.0,13.0,81.6,1.1,98.9,34.8,17.8,29.1,12.6,5.7,1.7,,,30.4,53.4,1.9,7.2,7.1,,47.5,5.5,16.6,1.5,56.9,41.7,,,,,,,18.8,12.5,18.8,19.4,49.3,,23.3,7.2,5.1,40.0,18.4,29.4,,14.8,9.2,26.1,11.1,7.2,20.6,11.0,76.0,31.6,100.0,1.7,,10.3,21.8,2.2,62.0,6.0,16.1,38.0,,89.4,9.2,85.9,14.1,9.2,5.0,1.4,,44.3,94.6,93.4,6.6,5.4,55.7,59.9,40.1,58.1,4.1,387.6,48.0,55.7,44.2,55.8,55.7,28.2,55.8,2.5,,13.4,0.1,,,,67.6,,66.0,,13.7,86.3,0.3,91.1,8.5
0,11215,,57.4,29.1,48.2,25.0,2.1,0.8,7.1,3.3,42.6,61.9,16.8,31.0,18.7,,,,99.4,73.9,26.1,61.9,0.6,99.4,41.1,19.9,24.6,3.7,10.7,4.0,,,38.2,52.1,1.3,3.2,5.2,,52.6,4.8,16.1,,46.3,53.7,,,,,,,24.2,7.0,8.4,7.7,76.9,,21.8,12.5,7.4,39.1,16.4,24.6,,3.4,3.2,8.3,6.7,2.9,36.2,39.2,93.4,75.5,100.0,1.9,,6.5,21.5,2.6,68.1,5.0,10.4,24.7,,84.8,13.9,58.8,41.2,25.4,15.7,1.3,,82.8,94.9,59.2,40.8,5.1,17.2,49.4,50.6,21.4,19.9,83.9,76.2,17.2,44.1,55.9,17.2,35.1,27.0,2.0,2.8,29.4,3.8,,,,25.4,,32.6,,5.0,95.0,0.3,95.6,4.1
0,11216,,45.8,15.9,23.3,9.2,4.7,0.9,17.9,5.8,54.2,65.7,18.3,19.5,22.0,,,,98.9,63.6,36.4,65.7,1.1,98.9,43.2,10.1,21.5,9.3,15.9,3.5,,,56.9,27.7,3.6,4.6,7.2,,74.3,2.6,34.6,2.3,63.1,34.6,,,,,,,29.1,7.2,17.2,11.0,64.6,,20.3,8.8,3.7,30.7,17.5,39.4,,5.6,7.2,21.4,12.9,6.0,28.9,17.9,87.1,46.8,100.0,3.0,,11.2,15.6,6.1,72.9,7.6,11.5,41.1,,85.5,13.5,62.9,37.1,23.3,13.7,1.0,,73.8,96.5,63.6,36.4,3.5,26.2,58.4,41.6,28.7,8.9,151.1,69.7,26.2,37.6,62.4,26.2,9.7,15.8,4.9,0.5,66.8,2.2,,,,30.5,,29.8,,12.2,87.8,0.2,89.8,10.0
0,11217,,48.8,22.4,35.1,16.8,3.0,1.0,10.7,4.6,51.2,66.2,13.4,25.5,17.3,,,,98.2,68.0,32.0,66.2,1.8,98.2,42.9,15.0,23.4,6.2,12.5,4.7,,,49.5,38.5,2.1,3.6,6.3,,63.8,4.6,19.4,,63.4,36.6,,,,,,,48.5,12.2,17.2,6.5,64.1,,21.2,10.8,3.0,36.7,19.9,29.7,,4.9,6.3,10.2,8.6,3.4,33.2,33.3,88.8,66.5,100.0,2.4,,9.9,18.8,4.5,71.5,7.7,9.7,36.4,,84.1,15.0,53.3,46.7,32.5,14.2,0.9,,82.7,94.8,60.3,39.7,5.2,17.3,49.8,50.2,21.6,19.9,89.4,85.8,17.3,48.8,51.2,17.3,29.0,21.8,4.7,3.5,37.1,3.9,,,,27.2,,34.8,,7.7,92.3,,94.5,5.5
0,11218,,65.2,33.5,49.7,27.1,4.0,1.4,11.5,5.1,34.8,75.5,28.2,36.4,25.6,,,,99.0,84.2,15.8,75.5,1.0,99.0,33.7,16.8,36.0,7.4,6.1,2.2,,,36.9,50.6,2.3,4.3,5.9,,46.7,7.7,9.9,2.0,60.1,37.9,,,,,,,25.2,17.7,13.9,14.9,53.5,,28.8,8.4,6.9,43.5,20.2,21.0,,8.7,7.9,19.9,13.0,5.5,24.1,21.0,83.4,45.1,100.0,1.7,,8.7,29.1,2.2,59.3,6.2,11.7,37.6,,91.7,7.4,72.9,27.1,15.0,12.1,0.9,,65.0,95.3,79.2,20.8,4.7,35.0,57.9,42.1,38.1,8.1,202.0,55.8,35.0,45.3,54.7,35.0,20.5,45.5,2.0,0.2,30.5,1.3,,,,48.4,,49.2,,11.7,88.3,0.5,90.2,9.3
0,11219,,78.1,42.9,63.9,38.0,4.9,1.7,9.4,3.2,21.9,83.5,46.3,46.0,28.7,,,,98.8,92.4,7.6,83.5,1.2,98.8,27.5,17.5,43.2,8.3,3.6,0.8,,,28.8,59.5,1.5,5.7,4.5,,41.1,11.1,6.1,0.8,74.9,24.4,,,,,,,40.9,22.6,38.1,12.6,26.6,,36.0,8.6,8.7,44.7,20.8,17.2,,16.8,17.2,32.7,10.1,4.0,12.1,7.1,66.0,19.2,100.0,1.1,,8.9,37.7,1.7,50.8,6.5,11.5,42.7,,92.7,6.2,76.6,23.4,13.1,10.2,1.1,,65.7,94.9,94.6,5.4,5.1,34.3,50.6,49.4,37.7,8.9,198.4,55.8,34.3,46.8,53.2,34.3,22.4,57.1,2.5,0.2,16.8,1.1,,,,52.7,,53.5,,25.5,74.5,0.7,77.5,21.9
0,11220,,74.5,34.4,51.2,24.7,7.7,2.5,15.5,7.2,25.5,71.6,29.9,40.7,27.3,,,,99.7,88.8,11.2,71.6,0.3,99.7,29.5,15.0,30.4,14.9,10.2,1.6,,,36.9,51.2,2.5,4.0,5.4,,50.5,5.3,29.6,,85.9,14.1,,,,,,,38.6,25.9,23.8,21.5,28.8,,24.8,6.1,7.4,43.3,19.6,23.7,,23.9,23.0,20.9,7.7,3.7,13.9,7.0,53.1,20.9,100.0,1.2,,8.3,24.8,2.0,64.3,5.6,10.9,38.8,,90.0,8.4,75.2,24.8,13.5,11.2,1.6,,44.6,90.0,90.5,9.5,10.0,55.4,38.5,61.5,59.9,7.4,219.0,74.4,55.4,54.3,45.7,55.4,4.8,56.4,2.4,,36.2,0.1,,,,71.9,,65.4,,15.7,84.3,0.1,84.2,15.6
0,11221,,53.4,22.4,21.7,9.7,7.4,2.0,24.3,10.8,46.6,64.7,19.5,27.6,22.1,,,,98.8,72.3,27.7,64.7,1.2,98.8,37.3,8.0,28.4,12.1,14.1,3.2,,,59.7,24.4,4.3,4.9,6.7,,77.1,3.5,49.3,4.1,63.9,32.0,,,,,,,32.3,20.0,6.0,18.8,55.2,,24.3,6.4,3.2,36.8,21.4,32.2,,9.4,11.8,25.4,16.1,6.0,21.0,10.3,78.8,31.3,100.0,2.1,,9.4,21.7,2.6,68.2,7.0,10.2,39.8,,87.9,11.4,57.3,42.7,26.5,16.3,0.7,,76.4,92.9,73.1,26.9,7.1,23.6,49.3,50.7,29.0,18.7,77.4,76.2,23.6,41.4,58.6,23.6,8.6,10.2,4.1,0.5,76.2,0.5,,,,43.9,,45.2,,15.1,84.9,0.5,86.0,13.6
0,11222,,40.2,13.7,31.4,11.2,2.6,0.6,6.2,1.9,59.8,59.5,13.9,15.2,17.6,,,,99.5,56.1,43.9,59.5,0.5,99.5,47.5,15.1,16.4,3.7,17.3,5.9,,,52.0,36.6,1.7,4.5,5.1,,66.4,4.2,17.8,,44.8,55.2,,,,,,,6.7,22.2,,,77.8,,13.9,8.2,5.6,28.9,13.1,44.2,,4.4,4.5,15.3,12.8,4.2,39.1,19.7,91.1,58.7,100.0,1.3,,8.2,11.9,2.0,77.7,5.3,10.4,37.7,,86.0,13.0,60.2,39.8,24.1,15.6,1.0,,74.3,95.7,55.6,44.4,4.3,25.7,53.4,46.6,28.9,11.0,136.1,71.6,25.7,42.3,57.7,25.7,60.3,15.6,1.2,1.4,19.0,2.5,,,,41.0,,34.2,,9.1,90.9,0.7,89.9,9.4
0,11223,,72.1,32.6,51.0,23.7,6.7,2.5,14.3,6.4,27.9,85.4,44.0,37.0,33.7,,,,99.9,88.6,11.4,85.4,0.1,99.9,34.2,17.4,32.8,10.6,4.9,1.7,,,31.5,52.0,2.3,6.9,7.3,,50.1,6.2,32.9,6.0,79.5,14.5,,,,,,,33.2,32.3,21.1,11.7,34.9,,26.1,8.5,7.5,37.6,21.1,25.3,,11.9,10.2,27.3,11.9,6.9,19.9,11.8,77.9,31.7,100.0,2.2,,11.3,25.9,1.8,58.3,7.4,15.8,41.5,,90.0,8.5,81.2,18.8,11.5,7.2,1.4,,52.8,95.1,92.7,7.3,4.9,47.2,64.7,35.3,49.8,5.2,254.2,59.8,47.2,40.1,59.9,47.2,29.2,54.2,2.3,0.1,13.8,0.4,,,,63.0,,55.7,,14.3,85.7,0.4,93.6,6.0
0,11224,,64.1,22.6,35.7,9.7,5.2,1.9,23.2,11.1,35.9,89.3,57.6,26.1,45.5,,,,97.3,83.4,16.6,89.3,2.7,97.3,41.2,14.8,31.7,8.2,4.1,1.6,,,36.1,39.4,3.8,9.7,11.0,,65.5,4.4,35.8,2.5,69.2,28.2,,,,,,,26.3,18.7,5.5,33.7,42.0,,22.7,6.2,6.4,37.9,23.6,26.0,,10.5,9.1,23.9,11.6,9.0,20.5,15.3,80.3,35.8,100.0,2.4,,21.2,21.6,4.4,53.5,14.1,24.8,51.2,,91.9,7.4,84.0,16.0,12.1,3.9,0.8,,55.5,92.9,91.0,9.0,7.1,44.5,76.7,23.3,48.4,8.1,84.8,85.9,44.5,23.5,76.5,44.5,61.6,22.7,1.7,,14.0,,,,,65.6,,51.9,,25.3,74.7,1.0,90.7,8.4
0,11225,,52.3,20.2,25.3,10.5,5.5,2.2,21.5,7.6,47.7,70.3,19.7,25.1,25.8,,,,99.8,71.8,28.2,70.3,0.2,99.8,41.0,10.3,26.7,10.2,11.8,3.6,,,53.2,30.1,4.3,4.2,8.1,,70.4,2.4,33.2,,54.1,45.9,,,,,,,41.0,4.2,26.1,25.1,44.6,,24.0,5.2,4.7,36.1,17.9,36.0,,4.6,8.4,23.0,18.8,6.6,22.6,16.0,87.0,38.6,100.0,2.0,,7.0,19.5,2.8,67.9,4.8,12.6,25.4,,90.9,8.8,59.2,40.8,20.5,20.3,0.3,,62.1,96.2,71.9,28.1,3.8,37.9,64.1,35.9,40.2,5.8,199.2,54.2,37.9,33.1,66.9,37.9,6.6,6.1,8.9,0.5,77.2,0.7,,,,33.1,,34.2,,15.9,84.1,0.5,89.5,10.0
0,11226,,60.6,25.0,26.7,12.4,7.0,2.1,26.8,10.5,39.4,78.3,21.9,31.7,26.5,,,,99.2,80.6,19.4,78.3,0.8,99.2,36.9,9.9,30.5,15.0,7.7,2.4,,,52.1,31.1,4.1,5.0,7.6,,71.3,4.7,38.9,,61.8,38.2,,,,,,,29.6,13.9,29.9,16.4,39.8,,26.6,5.6,6.5,37.3,21.0,29.6,,7.5,8.5,33.4,16.7,5.5,18.7,9.7,84.1,28.4,100.0,1.2,,7.4,23.8,2.0,64.5,6.2,11.7,25.4,,93.6,5.6,58.4,41.6,27.8,13.8,0.8,,55.4,96.8,80.9,19.1,3.2,44.6,58.6,41.4,46.4,3.8,293.2,70.1,44.6,37.7,62.3,44.6,2.8,6.2,5.0,0.1,85.6,0.3,,,,43.7,,42.6,,16.4,83.6,0.1,87.4,12.5
0,11228,,75.2,30.8,57.3,24.7,5.1,1.1,12.9,5.0,24.8,87.6,42.9,33.9,35.5,,,,99.6,89.9,10.1,87.6,0.4,99.6,34.2,19.3,29.8,12.6,4.1,1.1,,,29.5,56.5,1.8,6.8,5.5,,49.4,4.5,25.7,7.1,73.4,19.5,,,,,,,23.8,24.3,20.4,24.9,30.4,,24.2,7.9,5.0,35.2,22.2,29.7,,12.5,8.4,27.5,10.5,7.5,21.5,12.0,79.1,33.5,99.9,2.8,,11.1,21.9,3.0,60.8,6.4,17.3,38.1,,90.9,8.1,76.6,23.4,10.8,12.5,1.0,,57.8,96.1,92.2,7.8,3.9,42.2,63.5,36.5,44.5,5.1,279.5,58.9,42.2,38.7,61.3,42.2,21.0,61.0,4.7,0.1,12.8,0.5,,,,52.5,,42.8,,12.5,87.5,0.4,93.5,6.1
0,11229,,69.7,27.6,51.3,21.2,5.1,1.2,13.4,5.2,30.3,88.9,42.7,30.8,35.1,,,,99.7,87.0,13.0,88.9,0.3,99.7,37.1,19.0,30.9,9.5,3.4,1.1,,,30.4,53.8,1.7,7.0,7.1,,50.0,6.0,23.9,1.1,77.4,21.5,,,,,,,29.6,17.8,14.2,14.9,53.0,,24.3,5.5,4.9,41.6,17.5,30.5,,9.3,5.9,27.3,12.5,7.5,22.6,15.0,84.8,37.6,100.0,2.1,,10.2,22.2,1.6,60.0,6.0,17.8,34.9,,92.1,6.8,77.3,22.7,13.4,9.3,1.1,,52.9,95.9,92.9,7.1,4.1,47.1,68.8,31.2,49.2,4.4,297.6,61.8,47.1,35.8,64.2,47.1,38.2,48.4,1.4,0.1,11.5,0.4,,,,56.6,,46.7,,13.4,86.6,0.4,93.8,5.8
0,11230,,65.6,30.4,49.6,24.6,4.5,1.1,11.4,4.6,34.4,86.1,45.0,33.7,33.6,,,,99.3,86.0,14.0,86.1,0.7,99.3,34.6,17.1,36.5,8.5,3.4,1.0,,,32.1,51.6,2.7,7.0,6.7,,47.0,7.9,10.2,3.0,72.4,24.6,,,,,,,20.5,21.5,35.4,12.6,30.4,,30.3,6.8,7.6,40.0,18.0,27.6,,9.3,8.0,22.2,11.9,7.7,23.2,17.8,82.7,41.0,100.0,1.3,,12.2,29.3,1.2,55.4,7.7,15.3,49.9,,92.7,6.5,81.6,18.4,12.5,6.0,0.8,,58.4,96.6,89.6,10.4,3.4,41.6,61.1,38.9,43.6,4.6,346.7,46.7,41.6,44.1,55.9,41.6,34.2,44.6,1.6,0.2,19.1,0.3,,,,58.0,,57.2,,17.5,82.5,0.5,86.6,12.9
0,11231,,59.7,28.8,42.3,19.9,2.6,0.7,14.7,8.2,40.3,71.2,23.2,31.8,20.1,,,,99.8,77.3,22.7,71.2,0.2,99.8,41.6,17.7,28.3,4.5,7.9,3.4,,,40.5,46.9,3.0,4.0,5.6,,56.0,6.0,19.5,,52.8,47.2,,,,,,,31.5,36.6,19.4,9.7,34.3,,23.4,13.2,7.4,36.5,19.1,23.8,,5.2,6.6,12.8,10.1,2.5,31.4,31.5,88.2,62.9,100.0,2.2,,10.7,23.7,2.2,65.7,8.8,10.6,40.9,,87.7,10.7,65.1,34.9,20.3,14.6,1.6,,83.1,94.5,68.2,31.8,5.5,16.9,57.7,42.3,21.4,21.3,70.0,82.5,16.9,41.6,58.4,16.9,38.6,24.9,3.6,2.2,26.8,3.9,,,,30.3,,37.0,,12.9,87.1,0.1,95.3,4.6
0,11232,,66.0,30.4,41.3,19.8,8.0,3.2,16.6,7.4,34.0,60.8,14.3,35.9,18.6,,,,92.7,82.1,17.9,60.8,7.3,92.7,34.4,14.0,28.7,11.2,11.6,3.8,,,45.4,41.3,3.3,3.3,6.8,,59.1,5.4,28.3,,51.3,48.7,,,,,,,32.4,16.7,,16.7,66.7,,22.9,5.2,4.4,45.9,19.8,24.8,,16.6,14.4,24.0,10.6,4.1,18.4,12.0,69.0,30.3,100.0,2.1,,9.2,23.8,2.9,67.6,7.7,8.6,38.8,,87.3,11.7,55.8,44.2,26.8,17.4,1.0,,60.5,91.8,75.3,24.7,8.2,39.5,41.6,58.4,44.4,11.1,130.5,77.8,39.5,45.0,55.0,39.5,8.4,36.1,1.3,0.1,52.9,1.2,,,,54.7,,48.6,,9.2,90.8,,89.8,10.2
0,11233,,59.7,28.7,20.5,9.6,8.9,3.2,30.3,15.9,40.3,80.2,23.8,34.4,23.4,,,,98.1,79.2,20.8,80.2,1.9,98.1,39.0,7.9,31.1,14.3,7.7,2.1,,,56.3,25.6,4.7,5.8,7.6,,75.6,2.2,50.5,2.8,62.1,35.1,,,,,,,29.7,16.9,18.2,11.9,52.9,,27.0,10.6,5.1,41.0,19.9,23.4,,8.5,12.0,32.1,14.8,7.6,17.0,8.2,79.6,25.1,100.0,2.1,,10.4,26.1,2.2,63.0,8.8,10.9,39.5,,93.4,6.0,64.9,35.1,23.5,11.6,0.6,,75.7,97.3,82.8,17.2,2.7,24.3,60.3,39.7,26.3,7.9,152.4,58.5,24.3,42.1,57.9,24.3,3.0,6.3,9.3,0.8,79.7,1.0,,,,32.5,,32.9,,11.0,89.0,0.1,78.8,21.1
0,11234,,76.3,30.0,51.4,21.3,6.0,1.6,19.0,7.2,23.7,86.1,39.7,34.9,36.9,,,,99.9,90.8,9.2,86.1,0.1,99.9,33.3,17.1,34.4,11.8,3.4,1.1,,,35.7,48.3,2.6,6.4,7.0,,58.7,3.7,25.3,,63.4,36.6,,,,,,,29.6,10.6,16.4,13.7,59.3,,27.4,6.5,5.0,38.4,20.6,29.5,,4.8,5.3,30.1,16.6,8.4,20.4,14.3,89.9,34.8,100.0,3.0,,9.2,23.7,1.9,59.4,6.4,16.8,29.4,,95.0,4.7,83.0,17.0,6.6,10.4,0.3,,62.4,96.9,93.5,6.5,3.1,37.6,75.6,24.4,39.6,4.9,119.5,67.7,37.6,23.5,76.5,37.6,15.8,16.3,2.8,0.1,64.7,0.4,,,,40.8,,31.4,,10.0,90.0,0.2,92.3,7.5
0,11235,,61.3,23.0,46.9,18.6,4.6,1.1,9.8,3.4,38.7,87.3,48.8,25.2,40.8,,,,98.3,80.8,19.2,87.3,1.7,98.3,42.0,19.7,25.8,8.2,4.2,1.3,,,25.4,52.3,2.8,9.9,9.6,,46.5,5.7,17.4,3.3,80.7,16.0,,,,,,,25.2,17.9,27.5,13.4,41.3,,20.3,6.1,5.1,40.3,18.6,30.0,,7.3,5.4,22.1,9.8,7.6,27.9,19.9,87.3,47.8,99.9,1.7,,15.2,19.1,1.7,58.0,7.5,22.9,45.8,,90.0,8.7,83.1,16.9,8.7,8.1,1.3,,36.5,95.0,93.7,6.3,5.0,63.5,69.4,30.6,65.3,2.8,505.3,56.8,63.5,38.8,61.2,63.5,58.4,33.6,1.1,,6.7,0.2,,,,67.6,,55.5,,17.3,82.7,0.2,93.3,6.4
0,11236,,73.3,28.1,35.2,13.9,7.3,2.3,30.9,11.9,26.7,89.5,29.6,35.2,31.0,,,,98.4,89.7,10.3,89.5,1.6,98.4,33.7,11.9,33.9,16.5,4.0,1.4,,,46.2,35.7,3.6,5.4,9.0,,70.2,2.3,54.5,,65.4,34.6,,,,,,,27.3,15.1,14.4,14.0,56.5,,28.4,6.9,4.2,36.5,19.4,33.0,,6.3,6.9,30.6,18.8,9.7,18.2,9.5,86.8,27.7,99.9,1.8,,7.9,23.7,2.1,63.0,5.9,13.3,27.8,,94.8,4.9,82.1,17.9,13.7,4.2,0.3,,54.3,95.1,93.6,6.4,4.9,45.7,75.0,25.0,48.3,5.5,145.2,67.8,45.7,28.1,71.9,45.7,1.8,5.1,2.8,,89.9,0.3,,,,39.1,,25.2,,11.6,88.4,0.2,92.1,7.6
0,11237,,53.2,25.6,26.5,13.3,6.7,3.1,20.0,9.2,46.8,49.8,12.2,30.5,16.0,,,,97.0,69.2,30.8,49.8,3.0,97.0,35.0,9.1,27.9,10.3,17.7,3.5,,,59.9,27.8,3.9,2.6,5.8,,72.1,3.0,61.1,,63.3,36.7,,,,,,,19.1,16.5,16.5,7.9,59.2,,25.9,7.0,4.5,39.8,18.7,30.0,,15.6,13.8,23.8,12.1,4.4,22.0,8.2,70.6,30.2,100.0,1.4,,8.6,21.8,3.5,71.5,7.1,6.7,41.6,,86.2,12.3,55.7,44.3,28.5,15.8,1.6,,63.2,90.2,72.3,27.7,9.8,36.8,36.8,63.2,43.0,14.4,100.4,80.4,36.8,49.2,50.8,36.8,5.7,13.9,1.1,0.2,78.9,0.3,,,,45.2,,46.7,,11.3,88.7,2.3,84.5,13.2
0,11238,,45.3,18.5,29.1,12.6,3.9,1.1,12.4,4.8,54.7,66.9,17.3,20.4,20.3,,,,97.7,63.1,36.9,66.9,2.3,97.7,46.1,13.5,21.0,5.8,13.7,4.3,,,51.9,34.4,3.5,4.3,5.9,,66.9,3.7,17.9,,34.9,65.1,,,,,,,34.3,29.7,8.8,9.6,51.9,,17.6,8.7,6.0,35.0,15.7,34.6,,3.9,5.5,13.6,10.2,4.8,33.9,28.1,90.6,62.0,100.0,1.9,,9.9,16.0,2.1,72.5,7.1,11.5,38.3,,85.8,13.4,58.8,41.2,23.3,17.8,0.9,,79.1,96.1,57.2,42.8,3.9,20.9,62.7,37.3,24.0,12.9,101.0,68.9,20.9,34.3,65.7,20.9,15.4,17.6,8.2,2.3,54.2,2.3,,,,23.8,,24.2,,9.3,90.7,0.3,91.5,8.2
0,11239,,50.1,14.8,21.0,3.7,4.6,1.2,24.6,9.9,49.9,98.1,57.0,23.2,48.3,,,,99.5,73.9,26.1,98.1,0.5,99.5,51.3,10.7,23.8,12.9,1.3,0.9,,,39.3,29.0,6.1,14.4,11.2,,65.1,3.5,45.5,,86.9,13.1,,,,,,,76.1,1.8,16.3,5.2,76.7,,24.8,8.4,4.9,41.8,17.2,27.7,,9.6,12.7,35.0,16.5,7.0,12.1,7.2,77.8,19.2,100.0,3.6,,23.5,20.4,5.5,50.7,12.6,29.0,55.1,,95.7,4.3,82.0,18.0,15.9,2.1,,,70.4,89.9,88.4,11.6,10.1,29.6,86.0,14.0,36.7,19.3,25.2,90.8,29.6,18.7,81.3,29.6,42.9,13.4,5.9,,37.9,,,,,58.8,,27.6,,27.3,72.7,0.8,88.7,10.5
0,11354,,67.3,22.7,46.2,17.0,6.4,1.0,14.7,4.6,32.7,79.7,39.4,25.2,34.6,,,,96.7,83.1,16.9,79.7,3.3,96.7,37.7,17.4,26.0,12.6,6.3,0.9,,,29.2,52.0,2.3,8.8,7.6,,51.0,2.6,4.8,2.0,70.9,27.2,,,,,,,15.3,15.1,32.3,15.1,37.5,,19.6,5.3,2.4,36.6,16.4,39.3,,12.4,14.2,29.5,12.7,10.7,13.4,7.1,73.4,20.5,100.0,1.8,,8.6,16.6,1.2,65.2,4.5,18.2,29.8,,92.3,6.2,75.2,24.8,19.3,5.4,1.5,,33.9,95.9,93.5,6.5,4.1,66.1,46.3,53.7,67.5,2.1,977.0,80.8,66.1,49.9,50.1,66.1,5.5,79.6,0.3,,14.5,0.2,,,,79.9,,70.7,,20.9,79.1,0.3,91.4,8.3
0,11355,,71.6,23.8,52.1,19.6,5.5,0.8,13.9,3.3,28.4,78.6,39.4,27.8,36.5,,,,99.4,86.2,13.8,78.6,0.6,99.4,34.3,17.9,26.3,14.6,6.9,0.5,,,29.0,55.9,2.0,7.0,6.1,,47.5,3.2,27.7,,73.4,26.6,,,,,,,24.1,27.2,24.5,7.5,40.8,,20.3,5.4,5.7,36.1,16.9,36.0,,15.3,14.8,30.7,10.1,9.5,12.2,7.3,69.9,19.5,99.9,1.2,,7.7,17.5,1.6,65.1,3.8,17.4,28.5,,91.3,6.4,73.9,26.1,17.6,8.5,2.2,,29.3,94.3,94.4,5.6,5.7,70.7,45.6,54.4,72.4,2.3,969.7,70.2,70.7,53.3,46.7,70.7,2.5,83.3,0.4,0.1,13.8,,,,,81.2,,68.4,,20.5,79.5,0.1,90.0,10.0
0,11356,,75.8,35.2,56.9,28.6,4.4,0.8,14.5,5.9,24.2,75.3,28.3,38.0,27.9,,,,99.8,89.8,10.2,75.3,0.2,99.8,32.0,18.1,32.9,12.2,4.9,1.7,,,31.5,54.5,2.4,5.8,5.8,,46.5,4.4,23.5,2.0,84.7,13.3,,,,,,,35.3,23.2,40.4,10.7,25.7,,23.1,5.1,3.0,40.4,22.9,28.5,,11.4,11.0,32.5,13.9,12.1,12.7,6.4,77.6,19.1,99.7,2.4,,5.7,24.2,0.9,62.7,4.0,13.0,22.8,,94.0,5.6,71.7,28.3,21.6,6.7,0.4,,53.5,98.1,96.1,3.9,1.9,46.5,50.8,49.2,47.6,2.2,839.0,69.3,46.5,46.9,53.1,46.5,7.9,52.2,0.9,0.2,38.7,,,,,72.7,,73.4,,17.9,82.1,0.3,94.7,5.1
0,11357,,73.6,26.3,59.6,22.9,3.3,1.4,10.7,2.0,26.4,92.2,50.3,29.0,40.8,,,,99.4,89.5,10.5,92.2,0.6,99.4,36.6,21.9,30.7,7.9,2.9,0.8,,,26.0,58.2,1.4,7.4,7.0,,45.4,6.3,3.5,,64.5,35.5,,,,,,,7.5,58.9,20.5,4.1,16.4,,22.5,7.0,5.9,37.3,20.1,29.8,,7.7,6.5,24.4,14.6,8.0,23.5,15.3,85.8,38.9,100.0,3.5,,11.6,20.7,1.0,58.0,6.4,21.3,35.9,,92.9,6.8,75.9,24.1,23.3,0.8,0.3,,66.4,97.2,96.0,4.0,2.8,33.6,71.6,28.4,35.4,5.3,121.9,71.5,33.6,25.4,74.6,33.6,33.8,49.2,0.6,,16.0,0.4,,,,48.5,,37.9,,11.2,88.8,0.4,94.9,4.7
0,11358,,73.3,25.2,58.1,21.4,4.8,1.1,10.5,2.8,26.7,79.4,39.9,28.0,36.5,,,,99.8,87.7,12.3,79.4,0.2,99.8,35.1,20.5,28.7,11.2,4.5,1.1,,,30.0,56.5,1.7,6.3,5.6,,48.5,4.0,10.9,,57.5,42.5,,,,,,,22.9,24.3,30.0,26.6,19.0,,21.6,5.6,5.6,34.4,18.6,35.8,,8.8,8.3,25.8,14.1,11.8,18.5,12.6,82.9,31.1,100.0,2.8,,6.5,18.3,1.3,62.5,3.2,19.2,22.4,,94.6,4.6,62.6,37.4,22.7,14.6,0.7,,50.1,97.4,94.3,5.7,2.6,49.9,58.0,42.0,51.2,2.6,416.8,71.5,49.9,35.3,64.7,49.9,12.5,69.7,0.5,0.1,16.8,0.4,,,,65.9,,54.1,,12.1,87.9,0.1,94.1,5.8
0,11360,,62.7,19.8,47.4,15.8,4.9,1.1,10.5,3.0,37.3,93.1,51.6,21.1,44.9,,,,99.9,82.5,17.5,93.1,0.1,99.9,43.8,20.9,25.4,8.0,2.0,1.0,,,23.3,55.5,1.3,10.9,9.0,,41.9,9.4,10.6,,32.2,67.8,,,,,,,4.4,,,100.0,,,19.5,10.2,4.2,39.0,15.3,31.3,,3.9,3.2,17.5,14.7,7.1,29.9,23.7,92.8,53.6,100.0,5.1,,11.7,17.6,0.8,55.4,5.8,27.0,30.9,,91.5,6.9,67.8,32.2,23.2,9.0,1.7,,63.7,98.3,92.7,7.3,1.7,36.3,70.9,29.1,37.4,2.9,339.3,78.5,36.3,25.2,74.8,36.3,19.5,66.2,1.7,0.2,11.8,0.5,,,,47.2,,25.4,,9.1,90.9,0.4,94.9,4.7
0,11361,,68.5,24.5,53.6,19.4,4.1,1.4,10.9,3.6,31.5,84.2,30.8,26.4,33.4,,,,98.3,85.6,14.4,84.2,1.7,98.3,37.4,20.2,29.0,9.4,3.9,1.3,,,31.3,53.1,2.0,6.5,7.0,,50.6,5.0,13.2,5.5,48.8,45.7,,,,,,,26.5,22.7,7.0,14.6,55.7,,22.2,5.0,4.8,33.8,20.7,35.7,,6.8,6.0,21.1,15.4,9.0,24.6,17.1,87.2,41.6,99.9,3.3,,9.9,18.2,1.7,63.6,6.5,18.2,30.3,,91.8,7.3,67.5,32.5,24.2,8.3,0.9,,58.3,97.6,91.4,8.6,2.4,41.7,64.5,35.5,43.0,3.2,351.5,76.3,41.7,35.4,64.6,41.7,13.3,72.3,0.9,,12.9,0.6,,,,50.9,,26.9,,7.7,92.3,0.1,96.6,3.3
0,11362,,69.9,24.2,56.8,20.5,3.7,0.8,9.4,2.9,30.1,87.1,42.0,25.1,43.0,,,,98.6,86.4,13.6,87.1,1.4,98.6,38.8,21.8,27.1,8.9,3.4,1.3,,,26.8,55.6,1.4,8.2,7.8,,52.1,3.4,,,23.8,76.2,,,,,,,9.2,41.5,58.5,,,,19.7,8.6,6.8,34.2,17.8,32.6,,5.7,4.3,21.9,16.4,8.2,23.5,19.9,90.0,43.4,100.0,3.3,,10.1,17.4,0.5,57.2,4.9,25.4,28.4,,94.0,5.2,51.9,48.1,29.5,18.6,0.8,,59.0,97.4,93.0,7.0,2.6,41.0,76.2,23.8,42.6,3.7,237.5,75.9,41.0,23.4,76.6,41.0,17.3,71.2,0.5,0.2,10.5,0.3,,,,53.1,,50.1,,13.0,87.0,0.2,95.6,4.2
0,11363,,73.8,24.0,60.2,20.9,3.4,0.3,10.2,2.8,26.2,92.8,45.4,25.1,39.3,,,,100.0,88.7,11.3,92.8,,100.0,38.3,23.0,31.5,5.9,1.3,0.5,,,24.2,60.2,0.8,7.3,7.5,,50.3,1.7,,,56.5,43.5,,,,,,,20.8,,,,100.0,,20.4,4.9,4.3,48.7,16.2,25.9,,1.8,2.1,21.9,12.8,6.8,29.9,24.7,96.1,54.6,100.0,3.6,,8.4,19.3,,59.2,5.9,21.6,22.5,,95.4,4.6,47.3,52.7,36.0,16.7,,,67.4,97.3,91.2,8.8,2.7,32.6,72.2,27.8,34.5,5.3,153.9,63.3,32.6,29.6,70.4,32.6,17.2,62.6,,,19.5,0.8,,,,39.8,,28.3,,4.8,95.2,0.8,92.7,6.6
0,11364,,71.0,28.1,52.9,21.4,5.4,1.5,12.7,5.1,29.0,94.7,42.9,30.5,36.1,,,,99.8,88.6,11.4,94.7,0.2,99.8,36.9,19.5,29.0,11.0,3.5,1.3,,,29.1,55.5,1.7,6.3,7.5,,49.8,4.0,5.5,,48.0,52.0,,,,,,,26.4,22.6,41.1,19.6,16.6,,22.8,6.4,3.3,39.7,21.5,29.1,,5.7,4.9,23.3,13.4,9.4,25.8,17.5,89.4,43.4,100.0,2.8,,8.1,20.8,2.4,61.0,4.1,18.2,27.8,,92.7,6.1,82.0,18.0,12.4,5.6,1.2,,55.0,96.6,93.1,6.9,3.4,45.0,72.5,27.5,46.9,4.0,244.1,70.6,45.0,32.2,67.8,45.0,7.4,79.5,0.7,,12.1,0.5,,,,53.9,,39.0,,7.0,93.0,0.5,95.2,4.2
0,11365,,73.0,30.1,52.5,22.5,3.9,0.6,16.6,7.0,27.0,86.0,39.1,33.5,30.0,,,,99.9,88.6,11.4,86.0,0.1,99.9,34.7,18.2,31.6,11.4,4.2,1.0,,,30.1,54.6,1.4,7.6,6.2,,50.2,5.7,18.8,,55.9,44.1,,,,,,,24.2,32.2,17.3,25.6,24.9,,23.8,6.3,5.0,34.5,20.3,33.9,,7.0,6.0,25.1,15.5,9.3,22.5,14.6,87.0,37.1,100.0,3.3,,7.9,21.5,2.2,63.7,6.0,14.8,24.7,,91.1,8.1,66.7,33.3,21.9,11.4,0.8,,55.1,97.0,93.9,6.1,3.0,44.9,66.4,33.6,46.6,3.6,293.4,59.9,44.9,37.1,62.9,44.9,7.1,71.7,0.4,0.2,20.3,0.3,,,,50.1,,34.7,,10.4,89.6,0.1,93.5,6.4
0,11366,,79.3,30.0,58.4,24.6,6.4,1.4,14.5,3.9,20.7,76.4,44.1,32.0,36.7,,,,98.8,90.9,9.1,76.4,1.2,98.8,32.0,18.9,32.0,12.5,4.6,0.9,,,33.6,53.1,1.9,5.9,5.5,,54.0,5.8,37.7,11.6,39.7,48.7,,,,,,,17.8,58.9,20.0,,21.1,,25.9,5.3,2.4,34.3,20.5,37.5,,5.4,6.7,21.6,12.8,9.1,27.1,17.3,87.9,44.4,100.0,2.4,,8.5,21.6,3.0,61.8,5.9,16.6,25.2,,93.3,6.3,71.8,28.2,22.7,5.5,0.4,,50.4,97.6,90.8,9.2,2.4,49.6,71.9,28.1,50.8,2.4,389.9,49.2,49.6,26.8,73.2,49.6,12.4,72.9,1.9,,12.4,0.5,,,,46.7,,33.4,,7.5,92.5,0.5,96.2,3.3
0,11367,,71.3,30.2,50.7,21.2,4.0,1.3,16.6,7.6,28.7,88.4,40.3,32.0,32.1,,,,97.5,87.8,12.2,88.4,2.5,97.5,35.7,18.0,33.4,9.0,3.9,1.1,,,33.8,51.3,1.4,5.8,7.6,,53.4,8.6,16.4,,79.8,20.2,,,,,,,19.6,,48.4,14.2,37.4,,29.5,8.1,4.6,36.6,15.5,35.1,,9.4,6.0,26.7,13.4,7.8,21.5,15.3,84.6,36.8,99.9,3.0,,10.2,25.2,3.8,58.8,7.3,15.9,30.7,,90.6,8.7,66.3,33.7,18.9,14.8,0.7,,60.1,94.5,89.4,10.6,5.5,39.9,63.7,36.3,43.2,7.6,167.5,69.8,39.9,36.7,63.3,39.9,13.1,62.8,2.5,,20.9,0.7,,,,50.1,,40.8,,12.2,87.8,0.5,91.5,8.0
0,11368,,78.8,40.1,42.9,23.9,12.5,5.1,23.3,11.2,21.2,71.6,34.6,48.9,24.2,,,,99.4,91.0,9.0,71.6,0.6,99.4,25.5,10.9,31.6,19.2,12.8,2.5,,,44.2,40.0,4.1,4.2,7.5,,58.1,5.3,48.9,3.2,64.1,32.8,,,,,,,32.9,23.8,26.8,18.2,31.2,,27.5,7.5,6.3,45.4,19.6,21.1,,27.2,10.0,32.1,12.1,6.2,9.4,3.0,62.8,12.4,100.0,0.9,,10.6,28.3,5.3,63.2,8.5,8.4,44.5,,91.6,7.2,76.4,23.6,14.8,8.8,1.2,,39.9,95.1,93.0,7.0,4.9,60.1,35.9,64.1,62.1,3.1,474.9,56.6,60.1,53.3,46.7,60.1,1.7,14.6,3.1,0.2,80.5,,,,,62.3,,64.2,,13.4,86.6,0.1,83.5,16.4
0,11369,,69.4,29.7,44.6,19.7,7.2,2.5,17.6,7.5,30.6,86.8,33.8,35.4,34.1,,,,97.0,88.3,11.7,86.8,3.0,97.0,31.1,13.6,30.9,17.3,7.1,1.6,,,41.4,42.7,2.9,6.0,7.0,,57.5,3.5,40.3,3.3,69.0,27.7,,,,,,,15.4,5.0,17.4,38.1,39.4,,24.1,5.0,3.8,37.9,21.0,32.3,,15.5,8.6,40.3,11.2,7.1,11.5,5.7,75.8,17.2,100.0,2.1,,9.4,22.6,1.2,62.9,6.5,14.5,34.4,,93.9,5.3,76.5,23.5,17.9,5.5,0.8,,44.7,96.1,91.2,8.8,3.9,55.3,54.4,45.6,57.0,3.1,366.2,66.7,55.3,40.7,59.3,55.3,3.0,17.1,2.1,,77.6,0.2,,,,55.5,,55.6,,14.0,86.0,0.1,91.8,8.1
0,11370,,73.9,28.9,56.1,21.6,7.1,3.0,10.6,4.3,26.1,88.2,35.5,32.4,33.9,,,,78.0,90.2,9.8,88.2,22.0,78.0,31.5,17.4,30.6,14.5,5.9,1.3,,,48.6,41.1,1.2,4.5,4.5,,53.7,5.9,25.8,,67.8,32.2,,,,,,,9.3,,39.3,11.5,49.2,,19.2,5.2,4.1,31.5,21.6,37.6,,11.2,16.1,33.4,11.3,5.8,14.1,8.0,72.7,22.2,100.0,1.0,,8.6,21.1,1.9,63.2,5.0,15.8,31.8,,78.6,21.0,39.5,60.5,56.6,3.9,0.4,,55.6,94.5,92.9,7.1,5.5,44.4,61.8,38.2,47.5,6.5,146.8,47.9,44.4,34.2,65.8,44.4,15.3,35.7,2.0,0.1,46.9,0.1,,,,51.7,,53.6,,9.0,91.0,0.9,89.7,9.4
0,11372,,59.3,25.6,37.7,17.1,7.5,3.8,14.2,4.7,40.7,76.9,25.8,28.7,29.6,,,,99.5,78.1,21.9,76.9,0.5,99.5,38.7,14.3,26.2,10.2,10.6,2.8,,,41.3,40.7,3.0,5.0,10.0,,58.6,3.8,42.5,,77.8,22.2,,,,,,,44.1,23.9,20.7,7.8,47.6,,20.6,7.7,3.7,38.9,19.5,30.2,,13.2,9.5,29.1,11.0,7.6,18.3,11.2,77.3,29.5,100.0,1.7,,8.4,18.7,2.3,66.1,5.4,15.2,29.3,,93.8,4.9,59.2,40.8,31.1,9.7,1.3,,41.6,92.6,86.2,13.8,7.4,58.4,38.4,61.6,61.5,5.0,276.8,70.3,58.4,45.6,54.4,58.4,7.3,26.8,1.1,0.3,64.3,0.2,,,,57.8,,60.8,,10.9,89.1,0.1,89.1,10.8
0,11373,,68.6,28.7,46.1,21.7,8.1,2.1,14.4,4.9,31.4,68.3,29.8,32.9,29.7,,,,99.6,84.0,16.0,68.3,0.4,99.6,32.4,14.8,27.2,16.1,9.5,1.3,,,36.3,48.5,3.0,5.5,6.7,,49.1,4.5,16.6,4.6,69.4,26.0,,,,,,,16.8,9.7,32.0,12.5,45.8,,23.3,5.1,6.1,37.4,19.3,32.1,,17.4,7.4,32.5,10.8,5.6,19.0,7.4,75.2,26.4,100.0,0.9,,8.7,20.9,2.7,65.6,5.4,13.4,34.2,,91.4,6.8,76.8,23.2,15.2,8.1,1.8,,33.0,95.4,94.8,5.2,4.6,67.0,50.3,49.7,68.5,2.2,703.8,58.1,67.0,49.2,50.8,67.0,2.3,55.1,0.5,,42.0,0.1,,,,60.9,,63.5,,12.0,88.0,0.2,92.2,7.6
0,11374,,54.6,16.7,40.2,12.9,4.5,0.7,9.8,3.0,45.4,88.6,34.5,18.4,34.4,,,,99.9,76.1,23.9,88.6,0.1,99.9,45.6,18.2,22.4,9.5,4.3,1.5,,,31.5,49.0,2.5,7.9,9.0,,53.4,5.8,9.6,,64.8,35.2,,,,,,,18.0,21.7,,18.3,60.0,,18.3,7.1,4.0,34.5,16.1,38.2,,5.6,4.2,19.7,12.0,8.1,29.5,20.9,90.2,50.4,100.0,1.6,,12.3,15.4,2.1,63.5,7.4,21.1,34.7,,90.4,8.4,63.7,36.3,29.2,7.1,1.2,,40.8,95.8,86.9,13.1,4.2,59.2,66.0,34.0,60.9,2.8,434.7,83.0,59.2,36.1,63.9,59.2,24.7,56.3,2.7,,15.8,0.4,,,,47.0,,42.2,,13.0,87.0,0.7,93.5,5.8
0,11375,,55.7,21.0,43.8,17.3,3.0,0.8,8.9,2.9,44.3,87.7,34.7,22.7,33.8,,,,99.4,77.1,22.9,87.7,0.6,99.4,45.0,19.9,23.7,6.8,4.6,2.1,,,28.8,53.6,1.8,6.9,8.9,,48.0,8.1,12.3,,39.9,60.1,,,,,,,28.0,35.4,37.9,7.9,18.8,,20.5,9.8,6.0,41.4,11.6,31.3,,3.6,2.7,15.0,11.5,6.0,31.7,29.4,93.7,61.2,100.0,2.3,,9.9,19.2,0.8,61.0,5.6,19.8,31.9,,89.4,9.6,65.4,34.6,25.7,8.9,1.1,,55.3,96.0,86.1,13.9,4.0,44.7,68.9,31.1,46.9,4.7,241.4,62.4,44.7,34.9,65.1,44.7,23.1,56.2,1.6,0.1,18.3,0.8,,,,38.4,,29.0,,9.6,90.4,0.3,95.2,4.5
0,11377,,61.6,24.3,42.1,18.4,8.0,2.2,11.4,3.7,38.4,77.0,27.5,27.1,30.2,,,,99.6,80.6,19.4,77.0,0.4,99.6,36.5,15.1,26.4,12.8,9.4,2.6,,,41.8,43.8,1.9,6.0,6.5,,56.1,3.1,19.8,,54.0,46.0,,,,,,,55.3,10.3,28.3,24.8,36.6,,21.7,5.9,4.5,36.6,17.7,35.3,,12.0,10.5,32.2,9.4,7.1,20.2,8.4,77.4,28.7,100.0,1.9,,6.1,17.8,1.7,67.2,4.1,15.0,20.7,,93.4,5.3,66.0,34.0,25.8,8.2,1.2,,41.5,95.1,87.6,12.4,4.9,58.5,38.4,61.6,60.6,3.4,499.7,69.7,58.5,50.6,49.4,58.5,9.3,49.5,0.8,0.1,40.2,0.1,,,,58.4,,61.2,,11.5,88.5,0.2,90.4,9.4
0,11378,,68.8,33.7,47.5,23.4,6.3,2.9,15.0,7.4,31.2,82.4,29.4,36.6,26.9,,,,99.4,86.6,13.4,82.4,0.6,99.4,34.0,16.3,32.9,10.4,6.3,1.8,,,35.9,47.7,1.9,6.4,8.1,,54.3,3.8,41.2,,84.5,15.5,,,,,,,22.2,14.0,37.8,35.6,12.6,,25.7,7.6,4.7,38.6,21.5,27.5,,7.3,6.3,33.6,15.4,9.1,19.1,9.3,86.4,28.3,100.0,2.5,,7.7,24.3,2.6,63.4,5.1,12.3,31.5,,92.4,6.8,70.3,29.7,25.4,4.2,0.8,,61.7,95.5,94.9,5.1,4.5,38.3,58.2,41.8,41.1,6.8,169.3,61.2,38.3,39.1,60.9,38.3,42.4,21.0,1.5,,34.7,0.4,,,,41.6,,34.7,,11.1,88.9,0.4,92.9,6.7
0,11379,,70.4,27.5,53.2,21.4,5.6,2.5,11.6,3.6,29.6,84.1,33.4,30.4,33.1,,,,99.0,86.9,13.1,84.1,1.0,99.0,36.0,19.2,31.4,8.3,5.0,1.9,,,29.3,53.8,1.6,7.7,7.5,,49.6,3.7,35.7,,71.7,28.3,,,,,,,14.5,29.5,42.4,11.4,16.7,,23.3,5.9,4.7,42.3,18.3,28.8,,6.7,6.0,29.6,16.4,8.1,20.8,12.4,87.3,33.3,99.9,2.9,,9.1,20.6,4.0,62.5,5.5,16.8,28.9,,92.7,6.9,78.1,21.9,16.0,5.9,0.4,,65.2,96.7,94.8,5.2,3.3,34.8,68.7,31.3,37.0,5.8,140.9,62.4,34.8,33.7,66.3,34.8,50.4,25.0,0.7,0.3,23.5,0.2,,,,39.0,,30.0,,10.4,89.6,0.4,92.5,7.1
0,11385,,70.9,31.2,46.7,21.6,7.4,2.1,16.7,7.5,29.1,66.4,26.4,35.4,23.9,,,,99.8,85.0,15.0,66.4,0.2,99.8,33.0,15.5,30.5,12.2,8.8,2.5,,,39.8,45.5,2.7,5.2,6.7,,56.0,3.3,22.9,2.0,68.8,29.2,,,,,,,23.7,27.3,25.9,10.5,36.3,,24.4,5.9,6.7,40.8,20.0,26.6,,10.0,7.1,31.9,17.3,7.1,17.4,9.2,82.9,26.6,100.0,1.9,,6.2,23.4,1.7,66.2,4.7,10.4,25.8,,92.6,6.3,42.3,57.7,44.4,13.3,1.0,,58.6,93.7,91.6,8.4,6.3,41.4,52.3,47.7,45.1,8.2,181.4,74.0,41.4,47.9,52.1,41.4,40.8,13.3,4.2,0.3,41.1,0.4,,,,43.0,,41.1,,10.1,89.9,0.3,89.3,10.4
0,11411,,78.4,23.6,44.8,15.8,5.4,1.6,28.3,6.2,21.6,87.4,45.0,34.2,46.1,,,,99.9,91.8,8.2,87.4,0.1,99.9,30.2,13.5,32.8,19.4,4.1,0.8,,,39.5,38.8,3.7,7.8,10.3,,69.6,3.0,46.9,2.7,51.7,45.6,,,,,,,20.9,25.6,8.0,,66.3,,23.6,4.2,4.1,32.9,24.0,34.8,,3.8,4.3,26.8,23.1,10.4,19.4,12.2,91.9,31.6,99.9,3.8,,9.4,18.8,4.2,62.0,5.8,19.2,26.4,,95.4,4.0,63.7,36.3,22.1,14.3,0.6,,61.2,98.0,81.9,18.1,2.0,38.8,74.2,25.8,40.0,3.0,267.3,66.9,38.8,26.7,73.3,38.8,1.6,0.6,3.4,,94.0,0.4,,,,29.5,,34.5,,7.8,92.2,0.8,91.7,7.5
0,11412,,77.9,26.4,37.8,13.3,8.2,3.2,31.9,9.9,22.1,86.0,38.5,37.0,38.7,,,,99.8,92.0,8.0,86.0,0.2,99.8,29.5,11.3,34.3,20.3,4.5,1.0,,,44.5,34.7,4.4,6.5,9.9,,68.6,3.6,47.5,,36.6,63.4,,,,,,,24.3,3.0,15.0,31.8,50.1,,26.7,6.5,3.2,35.9,20.6,33.8,,5.7,6.1,32.3,23.0,9.0,14.5,9.3,88.1,23.8,99.8,3.7,,9.9,22.0,2.2,63.3,7.0,14.7,34.3,,96.2,3.5,46.6,53.4,43.1,10.3,0.3,,64.3,97.5,87.3,12.7,2.5,35.7,70.6,29.4,37.4,4.4,189.9,62.3,35.7,34.0,66.0,35.7,1.8,2.6,2.6,0.3,92.6,0.1,,,,38.9,,19.1,,10.0,90.0,0.9,89.9,9.2
0,11413,,79.2,27.5,41.1,15.8,7.2,2.4,30.9,9.3,20.8,84.0,34.7,38.3,39.4,,,,99.4,92.4,7.6,84.0,0.6,99.4,29.3,12.0,34.2,18.9,5.5,1.1,,,42.2,38.6,3.7,6.2,9.3,,66.1,3.9,38.6,,62.7,37.3,,,,,,,18.9,6.8,16.7,35.9,40.6,,26.7,6.9,3.4,38.3,22.0,29.4,,4.8,6.4,29.2,23.2,10.1,16.8,9.6,88.9,26.4,99.9,4.2,,8.8,23.2,2.9,60.5,6.0,16.3,27.5,,94.7,4.4,59.2,40.8,35.9,4.9,0.9,,61.9,97.5,85.7,14.3,2.5,38.1,70.8,29.2,39.6,3.8,254.6,63.6,38.1,32.8,67.2,38.1,1.4,2.1,4.2,0.1,91.8,0.4,,,,33.6,,35.8,,7.5,92.5,0.7,89.2,10.1
0,11414,,72.8,26.5,49.6,19.1,6.5,0.9,16.8,6.5,27.2,89.6,49.7,30.1,41.3,,,,99.9,88.3,11.7,89.6,0.1,99.9,36.6,18.3,31.2,9.8,4.2,1.7,,,30.9,50.1,2.0,8.3,8.7,,57.8,5.1,19.2,,44.1,55.9,,,,,,,11.7,38.0,,32.6,29.3,,22.5,6.5,3.2,39.5,21.5,29.3,,5.8,8.1,31.2,17.0,10.0,17.7,10.2,86.1,27.9,99.8,5.4,,15.1,20.3,6.7,57.6,8.6,22.0,40.1,,92.2,7.3,70.5,29.5,12.7,16.8,0.5,,79.9,97.3,97.6,2.4,2.7,20.1,82.5,17.5,22.3,9.7,39.8,90.4,20.1,28.3,71.7,20.1,42.5,20.1,1.2,,35.0,1.2,,,,32.5,,32.6,,13.9,86.1,0.5,95.1,4.4
0,11415,,50.9,21.6,37.7,17.3,3.5,1.3,9.7,3.0,49.1,82.5,28.4,23.2,29.1,,,,99.8,74.2,25.8,82.5,0.2,99.8,43.3,16.5,26.8,7.0,6.4,2.7,,,39.0,44.1,1.4,5.5,10.0,,56.0,4.3,5.9,,47.0,53.0,,,,,,,17.6,20.8,,,79.2,,24.0,5.2,6.5,34.8,17.5,36.0,,3.6,4.6,18.9,16.6,9.5,27.6,19.3,91.8,46.9,100.0,2.4,,9.2,20.5,3.0,63.6,5.4,15.9,32.1,,89.6,9.4,57.3,42.7,36.9,5.8,1.0,,58.2,92.6,84.1,15.9,7.4,41.8,64.4,35.6,46.1,9.3,129.6,49.0,41.8,41.1,58.9,41.8,23.4,41.4,2.5,,32.0,0.7,,,,37.8,,37.0,,9.5,90.5,0.4,90.5,9.0
0,11416,,83.6,38.8,55.4,28.5,8.2,1.9,20.0,8.4,16.4,76.1,28.9,47.0,26.4,,,,99.7,93.7,6.3,76.1,0.3,99.7,26.7,14.7,33.7,19.5,5.3,1.6,,,36.7,49.5,1.8,5.1,7.1,,54.6,3.2,26.3,,76.8,23.2,,,,,,,14.0,13.8,13.2,18.9,54.1,,28.7,4.6,3.7,37.8,24.1,29.8,,12.2,10.6,33.4,15.2,7.1,16.0,5.4,77.1,21.4,100.0,2.5,,9.5,25.3,3.5,64.5,7.6,10.3,35.8,,90.8,8.2,66.8,33.2,26.3,7.0,0.9,,49.2,93.3,95.4,4.6,6.7,50.8,60.4,39.6,54.1,6.1,217.9,63.8,50.8,42.2,57.8,50.8,4.2,30.1,2.0,,63.3,0.4,,,,41.0,,35.4,,8.8,91.2,0.3,94.9,4.8
0,11417,,82.3,34.3,59.1,25.7,7.3,2.5,15.9,6.0,17.7,85.6,35.0,40.5,30.4,,,,99.9,94.0,6.0,85.6,0.1,99.9,28.4,16.8,35.1,15.6,4.1,1.3,,,35.0,50.9,2.1,5.3,6.7,,53.9,2.9,37.6,,71.0,29.0,,,,,,,19.7,7.7,27.7,8.4,56.2,,28.3,4.6,3.2,36.4,20.7,35.2,,10.8,11.5,28.5,17.6,6.8,17.2,7.6,77.7,24.8,100.0,2.8,,10.4,23.5,4.9,64.0,7.7,12.5,35.0,,91.0,8.4,74.3,25.7,15.4,10.3,0.6,,55.1,92.5,96.5,3.5,7.5,44.9,64.9,35.1,49.0,8.5,137.8,63.7,44.9,41.1,58.9,44.9,7.9,31.8,0.8,,59.4,0.1,,,,38.3,,34.6,,8.7,91.3,0.4,94.8,4.8
0,11418,,77.1,37.0,50.5,25.9,7.8,2.9,18.9,8.1,22.9,78.0,25.5,42.3,26.1,,,,99.0,90.4,9.6,78.0,1.0,99.0,28.7,14.4,34.3,14.5,8.1,2.0,,,40.1,46.1,2.6,4.9,6.3,,55.8,3.3,28.8,8.8,73.3,17.9,,,,,,,18.2,33.2,19.9,11.6,35.3,,26.2,4.7,4.9,39.5,22.7,28.3,,12.7,10.0,28.4,14.8,7.2,17.7,9.2,77.4,26.9,100.0,1.5,,8.9,25.1,1.3,64.0,7.2,10.9,35.9,,90.8,8.2,70.4,29.6,19.8,9.8,1.0,,50.1,92.9,93.8,6.2,7.1,49.9,55.0,45.0,53.5,6.7,206.0,65.7,49.9,44.9,55.1,49.9,5.4,26.8,1.5,,66.3,0.1,,,,47.2,,49.8,,6.5,93.5,0.2,89.8,10.0
0,11419,,86.2,32.6,60.8,24.3,8.4,1.5,17.0,6.8,13.8,67.9,25.0,42.2,31.2,,,,99.9,94.3,5.7,67.9,0.1,99.9,25.2,15.1,33.9,20.3,5.6,0.9,,,37.3,50.4,1.9,5.1,5.3,,55.6,3.6,22.4,5.4,80.6,13.9,,,,,,,22.3,3.4,24.6,26.3,45.7,,25.5,4.3,5.5,34.3,19.7,36.3,,17.7,10.7,32.3,13.9,5.6,14.8,5.1,71.6,19.9,100.0,1.2,,8.9,21.6,1.8,66.9,6.6,11.5,35.2,,93.3,5.0,77.1,22.9,15.1,7.8,1.6,,36.8,94.0,94.6,5.4,6.0,63.2,64.5,35.5,65.5,3.4,354.3,71.2,63.2,41.7,58.3,63.2,0.8,27.3,0.3,,71.6,0.1,,,,42.0,,36.5,,9.4,90.6,0.4,92.3,7.3
0,11420,,84.7,31.9,55.3,21.2,9.3,3.2,20.1,7.5,15.3,87.9,36.7,41.0,30.1,,,,99.8,94.9,5.1,87.9,0.2,99.8,27.2,15.1,34.6,18.4,4.7,1.1,,,37.1,47.2,2.2,6.3,7.2,,58.7,3.3,19.0,1.2,68.6,30.1,,,,,,,26.6,29.8,34.6,3.1,32.5,,25.9,3.9,4.6,35.2,21.5,34.8,,13.0,13.7,30.9,16.6,6.9,14.4,4.6,73.3,19.0,100.0,1.8,,12.1,20.9,7.1,67.3,9.8,11.7,34.8,,94.8,4.3,65.0,35.0,24.8,10.2,0.9,,48.5,92.3,91.9,8.1,7.7,51.5,70.4,29.6,55.2,6.8,126.0,70.9,51.5,37.7,62.3,51.5,1.2,13.9,0.8,,84.0,,,,,36.3,,31.4,,8.3,91.7,0.2,92.4,7.4
0,11421,,79.3,31.6,51.1,20.8,8.7,2.4,19.5,8.4,20.7,79.7,34.0,37.0,30.4,,,,99.9,91.9,8.1,79.7,0.1,99.9,28.4,14.4,33.8,17.0,6.4,1.6,,,38.0,47.1,2.4,4.8,7.7,,58.4,3.0,47.7,6.1,72.6,21.3,,,,,,,11.3,34.1,3.8,12.1,50.0,,24.0,6.2,4.1,40.7,23.0,26.1,,14.3,9.1,28.7,15.4,8.3,17.5,6.7,76.6,24.2,100.0,2.8,,8.4,22.7,3.5,64.7,6.1,12.6,28.9,,90.2,9.0,60.4,39.6,33.0,6.6,0.7,,51.5,93.1,93.9,6.1,6.9,48.5,58.3,41.7,52.0,6.8,154.4,76.2,48.5,39.6,60.4,48.5,7.4,26.7,0.5,,65.0,0.3,,,,45.4,,42.8,,8.1,91.9,0.2,92.3,7.6
0,11422,,78.0,30.0,42.0,17.8,7.1,2.9,28.8,9.3,22.0,85.1,38.0,39.5,31.7,,,,99.8,91.9,8.1,85.1,0.2,99.8,30.1,12.6,34.0,17.8,5.5,1.3,,,42.2,36.8,4.2,5.8,11.0,,71.0,4.1,59.6,,80.5,19.5,,,,,,,18.4,37.8,29.1,,33.1,,27.1,5.5,3.8,33.1,19.9,37.7,,4.0,7.9,27.8,23.7,9.2,16.4,11.0,88.2,27.4,99.8,3.3,,9.1,21.5,5.6,65.5,6.5,13.0,28.5,,94.2,5.1,69.1,30.9,20.0,10.9,0.7,,57.5,96.0,89.7,10.3,4.0,42.5,71.1,28.9,44.8,5.2,181.2,60.3,42.5,28.4,71.6,42.5,2.0,3.6,6.9,,87.4,,,,,34.2,,40.7,,6.1,93.9,0.3,93.0,6.7
0,11423,,73.5,27.1,45.0,17.7,9.4,4.4,19.0,5.0,26.5,84.3,27.2,32.8,32.4,,,,98.5,89.8,10.2,84.3,1.5,98.5,31.6,14.1,33.4,16.0,4.8,1.4,,,38.5,44.5,2.5,5.9,8.5,,60.7,3.2,34.7,,77.0,23.0,,,,,,,14.9,,31.7,8.5,59.8,,24.9,6.5,3.6,33.8,18.9,37.2,,9.6,6.7,29.0,17.1,8.6,20.0,9.0,83.8,29.0,100.0,2.7,,11.7,20.1,2.5,65.6,8.7,14.3,38.6,,95.2,4.0,76.8,23.2,18.8,4.4,0.8,,46.5,95.3,90.8,9.2,4.7,53.5,68.8,31.2,55.7,3.9,307.7,53.8,53.5,38.5,61.5,53.5,3.1,23.9,4.4,,68.4,0.1,,,,43.8,,50.0,,7.7,92.3,0.6,89.5,10.0
0,11426,,75.1,30.7,63.6,27.2,3.0,1.6,8.5,2.0,24.9,79.4,35.2,34.2,34.3,,,,99.5,90.5,9.5,79.4,0.5,99.5,30.7,19.5,32.6,13.9,3.3,1.1,,,27.7,59.5,2.0,5.2,5.7,,43.9,5.4,,,81.7,18.3,,,,,,,18.8,69.4,25.9,,4.7,,25.1,7.8,6.6,35.5,17.8,32.2,,4.2,6.7,30.1,14.2,7.0,21.9,15.8,89.1,37.8,100.0,2.6,,7.3,22.4,,62.2,4.6,15.4,28.7,,92.0,7.4,90.1,9.9,5.7,4.2,0.6,,57.8,97.3,94.5,5.5,2.7,42.2,69.4,30.6,43.8,3.6,408.2,71.2,42.2,45.1,54.9,42.2,2.9,70.3,0.4,,26.3,,,,,39.2,,28.8,,6.0,94.0,0.3,96.1,3.6
0,11427,,75.0,29.6,59.0,24.5,4.0,1.0,12.0,4.1,25.0,90.2,37.5,33.2,34.9,,,,96.2,90.6,9.4,90.2,3.8,96.2,32.4,19.3,31.5,13.0,3.8,0.8,,,32.8,53.0,1.3,6.1,6.8,,47.6,6.9,22.9,12.4,47.4,40.2,,,,,,,21.2,32.3,4.0,12.9,50.8,,23.8,8.0,4.5,34.6,17.2,35.7,,7.0,8.3,26.9,17.6,8.1,19.6,12.6,84.7,32.2,100.0,3.1,,9.2,22.2,1.2,61.8,6.8,16.0,29.8,,93.0,6.3,79.0,21.0,18.7,2.4,0.8,,53.1,93.4,93.4,6.6,6.6,46.9,75.4,24.6,50.4,6.9,114.4,67.2,46.9,31.8,68.2,46.9,5.2,43.8,2.3,0.1,48.6,0.1,,,,43.1,,41.1,,11.8,88.2,,95.3,4.7
0,11428,,84.2,32.2,65.1,26.5,4.1,0.6,15.0,5.1,15.8,87.3,46.1,38.8,35.3,,,,99.9,94.4,5.6,87.3,0.1,99.9,29.4,18.9,34.8,14.9,2.0,0.4,,,33.2,54.9,1.7,5.1,5.0,,53.1,4.9,28.9,,61.8,38.2,,,,,,,12.1,23.3,31.9,21.6,23.3,,27.2,5.5,5.2,32.9,20.6,35.8,,7.9,8.2,37.3,17.8,9.8,12.8,6.1,83.9,18.9,100.0,1.8,,8.0,20.8,1.1,64.1,6.2,15.2,25.3,,93.4,6.2,82.3,17.7,10.7,7.0,0.4,,50.3,94.3,95.2,4.8,5.7,49.7,80.6,19.4,52.5,5.4,118.1,80.8,49.7,26.2,73.8,49.7,3.9,24.9,1.4,,69.5,0.3,,,,48.9,,50.1,,10.9,89.1,0.2,93.5,6.3
0,11429,,81.6,27.2,45.7,16.9,9.9,2.6,26.1,7.7,18.4,79.7,35.8,36.0,36.7,,,,99.5,93.2,6.8,79.7,0.5,99.5,26.9,12.4,35.3,19.8,5.5,1.1,,,48.9,37.0,2.5,4.6,7.0,,70.6,3.9,10.6,,70.6,29.4,,,,,,,28.5,10.9,12.4,29.7,47.0,,26.1,4.7,4.5,34.1,21.6,35.1,,6.3,9.0,27.1,20.9,10.4,17.3,8.9,84.7,26.2,100.0,2.7,,9.7,20.7,3.1,64.9,7.2,14.4,30.6,,92.2,6.4,70.1,29.9,20.9,8.9,1.4,,56.5,97.4,90.3,9.7,2.6,43.5,68.0,32.0,45.0,3.2,386.8,56.2,43.5,34.1,65.9,43.5,1.8,4.9,3.8,,89.0,0.5,,,,43.5,,41.0,,6.3,93.7,,92.3,7.7
0,11432,,69.7,30.0,49.3,24.1,5.8,1.3,14.6,4.6,30.3,82.5,29.4,34.9,29.5,,,,92.5,86.7,13.3,82.5,7.5,92.5,32.3,15.8,31.4,14.7,5.8,1.1,,,39.3,46.9,1.6,5.7,6.5,,57.4,5.0,17.3,0.5,76.4,23.2,,,,,,,19.5,17.6,19.3,8.0,55.0,,29.3,4.8,3.9,31.2,16.5,43.5,,12.0,7.7,23.3,13.2,7.8,23.2,12.9,80.4,36.1,100.0,1.6,,8.7,23.9,2.6,63.4,6.3,12.7,31.9,,87.7,10.5,61.3,38.7,22.7,16.0,1.8,,43.3,96.1,85.2,14.8,3.9,56.7,61.8,38.2,58.4,2.9,544.3,66.3,56.7,47.1,52.9,56.7,4.3,53.3,2.4,0.1,39.7,0.2,,,,46.5,,51.5,,12.2,87.8,0.4,91.0,8.5
0,11433,,73.2,30.9,33.0,15.2,8.0,2.0,32.1,13.7,26.8,85.7,43.1,41.1,33.3,,,,99.6,90.4,9.6,85.7,0.4,99.6,28.9,9.6,36.8,18.5,6.2,1.5,,,52.6,31.2,4.1,5.5,6.6,,74.1,3.6,49.4,,71.1,28.9,,,,,,,28.3,11.6,26.5,20.4,41.5,,27.9,4.7,3.4,43.3,22.9,25.7,,11.4,12.1,34.7,18.1,7.6,11.3,4.9,76.5,16.2,100.0,3.2,,10.7,25.4,3.4,62.4,8.4,12.2,37.3,,88.9,9.0,74.9,25.1,22.6,2.5,2.1,,60.3,95.0,88.7,11.3,5.0,39.7,55.3,44.7,42.8,7.1,266.9,71.0,39.7,47.8,52.2,39.7,0.4,17.9,6.7,,75.0,,,,,57.1,,49.5,,14.7,85.3,0.3,83.0,16.7
0,11434,,66.4,25.7,30.2,11.9,6.2,2.1,30.1,11.7,33.6,90.5,38.7,34.9,36.2,,,,96.6,86.9,13.1,90.5,3.4,96.6,33.8,10.3,33.8,17.3,4.8,1.0,,,47.1,31.2,4.3,6.4,11.0,,73.7,4.5,52.2,8.2,70.1,21.7,,,,,,,17.6,12.0,22.6,12.2,53.1,,28.6,7.5,4.5,38.6,19.3,30.0,,4.5,9.0,32.4,24.0,8.4,14.6,7.2,86.5,21.8,100.0,4.4,,11.3,24.4,2.5,60.9,8.6,14.7,36.7,,91.7,8.0,59.6,40.4,29.3,11.1,0.3,,68.7,98.0,85.9,14.1,2.0,31.3,72.3,27.7,32.7,4.3,196.6,44.3,31.3,36.9,63.1,31.3,1.2,3.0,8.1,,87.3,0.3,,,,42.1,,35.9,,11.2,88.8,0.3,82.4,17.3
0,11435,,70.7,25.9,45.2,18.3,8.3,1.6,17.2,6.0,29.3,81.9,24.4,33.0,26.3,,,,97.9,87.0,13.0,81.9,2.1,97.9,32.5,14.6,29.9,16.5,6.5,1.4,,,40.8,46.8,2.0,5.7,4.7,,51.1,4.0,33.1,3.2,63.0,33.8,,,,,,,16.3,23.2,26.4,17.3,33.1,,24.3,7.2,7.1,39.2,16.5,30.1,,13.0,10.1,24.1,17.2,7.9,19.1,8.5,76.9,27.7,100.0,1.6,,9.5,22.1,3.4,66.3,7.7,11.6,31.9,,91.1,8.0,74.8,25.2,20.7,4.5,0.9,,46.3,95.6,90.7,9.3,4.4,53.7,55.8,44.2,55.7,3.6,449.7,58.2,53.7,49.0,51.0,53.7,4.6,34.0,2.3,,58.8,0.2,,,,54.1,,55.9,,9.1,90.9,0.1,90.1,9.8
0,11436,,80.3,27.8,41.3,16.3,11.3,1.9,27.6,9.7,19.7,72.0,31.2,39.7,30.9,,,,98.8,91.5,8.5,72.0,1.2,98.8,28.1,11.6,33.7,19.5,7.1,1.8,,,44.3,37.6,3.3,7.2,7.7,,63.9,4.8,43.5,,74.0,26.0,,,,,,,36.2,7.4,22.5,20.1,50.0,,26.2,6.4,3.6,41.4,21.9,26.7,,7.4,11.8,33.0,19.7,7.7,13.4,6.9,80.7,20.3,100.0,3.8,,11.1,23.2,4.7,66.3,9.2,10.5,37.3,,92.9,6.8,48.5,51.5,40.9,10.6,0.2,,60.8,96.5,87.9,12.1,3.5,39.2,62.5,37.5,41.3,5.1,198.8,60.1,39.2,41.3,58.7,39.2,0.8,6.9,4.7,,87.0,0.5,,,,41.3,,37.4,,6.1,93.9,,89.2,10.8
0,11691,,68.6,33.8,38.0,18.8,4.4,2.0,26.3,13.1,31.4,91.3,38.8,41.5,26.9,,,,95.9,88.6,11.4,91.3,4.1,95.9,32.0,12.1,40.2,11.9,3.8,1.2,,,43.2,37.5,4.4,6.1,8.8,,63.1,6.2,34.8,4.0,66.2,29.8,,,,,,,39.1,32.4,22.5,19.8,25.3,,32.5,8.4,6.3,43.6,18.8,22.8,,10.1,14.8,24.6,17.6,7.2,15.6,10.2,75.1,25.8,99.9,2.6,,15.5,32.7,7.9,56.8,13.5,10.6,49.4,,90.2,9.4,60.4,39.6,32.7,6.9,0.4,,69.5,94.5,90.3,9.7,5.5,30.5,60.9,39.1,34.3,11.2,103.9,58.1,30.5,36.5,63.5,30.5,8.3,9.8,8.5,,72.7,0.8,,,,41.3,,45.1,,15.9,84.1,0.2,86.3,13.5
0,11692,,72.9,33.1,29.1,12.0,8.5,3.0,35.3,18.1,27.1,87.7,31.1,42.6,24.1,,,,95.8,89.2,10.8,87.7,4.2,95.8,33.9,9.8,37.8,14.9,3.6,1.3,,,47.5,32.3,5.9,5.6,8.8,,68.2,4.7,37.6,3.5,55.4,41.1,,,,,,,42.2,12.6,11.1,15.1,61.2,,32.5,8.3,7.1,43.5,18.7,22.5,,9.4,14.9,26.0,18.2,8.1,15.4,8.1,75.7,23.4,99.7,2.2,,16.4,30.7,7.9,59.0,15.1,10.3,49.4,,90.0,9.0,57.4,42.6,36.7,5.9,1.0,,68.2,94.2,90.2,9.8,5.8,31.8,65.9,34.1,35.7,11.1,87.4,59.3,31.8,33.7,66.3,31.8,8.9,15.4,12.1,,63.4,0.2,,,,38.5,,43.6,,8.9,91.1,0.1,83.9,15.9
0,11693,,62.7,24.5,33.0,11.7,9.3,2.9,20.4,9.8,37.3,81.2,28.9,29.3,26.7,,,,97.8,82.1,17.9,81.2,2.2,97.8,38.4,12.9,34.8,8.7,5.3,2.4,,,43.4,34.5,2.9,8.3,10.8,,65.0,6.5,67.7,3.6,64.1,32.3,,,,,,,59.5,6.4,62.1,,31.5,,24.0,9.1,3.8,37.8,18.3,30.9,,6.1,10.5,30.7,18.7,7.7,15.7,10.7,83.4,26.4,99.9,2.9,,14.4,23.1,4.7,64.5,12.6,12.3,41.9,,95.9,4.1,51.1,48.9,48.7,0.2,,,74.6,94.0,94.9,5.1,6.0,25.4,70.4,29.6,29.9,14.9,49.4,79.5,25.4,34.7,65.3,25.4,49.6,11.9,1.6,,36.7,0.2,,,,44.0,,35.8,,10.4,89.6,,89.9,10.1
0,11694,,58.4,21.2,45.4,16.9,4.5,0.9,8.6,3.4,41.6,90.0,32.1,22.7,30.4,,,,93.4,79.9,20.1,90.0,6.6,93.4,42.5,19.5,28.7,4.6,4.7,2.2,,,34.9,47.1,3.5,7.7,6.8,,50.9,6.3,29.1,13.7,35.0,51.3,,,,,,,68.9,58.4,,7.6,34.0,,22.7,11.7,4.0,34.2,22.5,27.6,,4.0,6.3,23.6,16.2,6.4,23.9,19.5,89.7,43.4,100.0,5.4,,17.2,21.0,3.0,60.8,15.3,18.1,40.1,,92.5,7.5,47.5,52.5,41.6,10.9,,,85.3,98.5,92.8,7.2,1.5,14.7,70.3,29.7,15.9,7.8,72.6,85.7,14.7,27.9,72.1,14.7,37.8,17.3,3.8,0.2,39.9,1.1,,,,31.7,,29.7,,11.8,88.2,0.5,90.9,8.6
0,11697,,67.8,25.1,59.1,23.5,5.1,0.7,3.7,0.8,32.2,92.0,52.4,26.5,45.9,,,,99.9,86.5,13.5,92.0,0.1,99.9,38.6,23.1,33.6,2.8,1.9,1.3,,,25.9,59.6,2.1,7.1,5.3,,44.4,9.2,,,26.9,73.1,,,,,,,,,,,,,25.5,8.3,5.9,37.6,21.4,26.8,,0.4,1.9,18.6,21.0,7.3,28.1,22.6,97.7,50.8,100.0,9.8,,13.9,22.8,4.2,51.8,9.1,25.4,32.5,,93.6,6.4,39.6,60.4,24.4,36.0,,,97.2,99.2,92.2,7.8,0.8,2.8,99.0,1.0,3.6,22.7,37.9,27.6,2.8,9.1,90.9,2.8,59.6,20.2,10.1,,10.1,,,,,16.7,,,,11.5,88.5,0.7,95.3,4.0
