County Name;State FIPS;County Code;County FIPS;ZIP Code;File Date
Albany;36;001;36001;12007;07/25/2007
Albany;36;001;36001;12009;07/25/2007
Albany;36;001;36001;12023;07/25/2007
Albany;36;001;36001;12041;07/25/2007
Albany;36;001;36001;12045;07/25/2007
Albany;36;001;36001;12046;07/25/2007
Albany;36;001;36001;12047;07/25/2007
Albany;36;001;36001;12053;07/25/2007
Albany;36;001;36001;12054;07/25/2007
Albany;36;001;36001;12055;07/25/2007
Albany;36;001;36001;12059;07/25/2007
Albany;36;001;36001;12067;07/25/2007
Albany;36;001;36001;12077;07/25/2007
Albany;36;001;36001;12083;07/25/2007
Albany;36;001;36001;12084;07/25/2007
Albany;36;001;36001;12085;07/25/2007
Albany;36;001;36001;12087;07/25/2007
Albany;36;001;36001;12107;07/25/2007
Albany;36;001;36001;12110;07/25/2007
Albany;36;001;36001;12120;07/25/2007
Albany;36;001;36001;12122;07/25/2007
Albany;36;001;36001;12128;07/25/2007
Albany;36;001;36001;12143;07/25/2007
Albany;36;001;36001;12147;07/25/2007
Albany;36;001;36001;12157;07/25/2007
Albany;36;001;36001;12158;07/25/2007
Albany;36;001;36001;12159;07/25/2007
Albany;36;001;36001;12161;07/25/2007
Albany;36;001;36001;12183;07/25/2007
Albany;36;001;36001;12186;07/25/2007
Albany;36;001;36001;12189;07/25/2007
Albany;36;001;36001;12193;07/25/2007
Albany;36;001;36001;12201;07/25/2007
Albany;36;001;36001;12202;07/25/2007
Albany;36;001;36001;12203;07/25/2007
Albany;36;001;36001;12204;07/25/2007
Albany;36;001;36001;12205;07/25/2007
Albany;36;001;36001;12206;07/25/2007
Albany;36;001;36001;12207;07/25/2007
Albany;36;001;36001;12208;07/25/2007
Albany;36;001;36001;12209;07/25/2007
Albany;36;001;36001;12210;07/25/2007
Albany;36;001;36001;12211;07/25/2007
Albany;36;001;36001;12212;07/25/2007
Albany;36;001;36001;12220;07/25/2007
Albany;36;001;36001;12222;07/25/2007
Albany;36;001;36001;12223;07/25/2007
Albany;36;001;36001;12224;07/25/2007
Albany;36;001;36001;12226;07/25/2007
Albany;36;001;36001;12227;07/25/2007
Albany;36;001;36001;12228;07/25/2007
Albany;36;001;36001;12229;07/25/2007
Albany;36;001;36001;12230;07/25/2007
Albany;36;001;36001;12231;07/25/2007
Albany;36;001;36001;12232;07/25/2007
Albany;36;001;36001;12233;07/25/2007
Albany;36;001;36001;12234;07/25/2007
Albany;36;001;36001;12235;07/25/2007
Albany;36;001;36001;12236;07/25/2007
Albany;36;001;36001;12237;07/25/2007
Albany;36;001;36001;12238;07/25/2007
Albany;36;001;36001;12239;07/25/2007
Albany;36;001;36001;12240;07/25/2007
Albany;36;001;36001;12241;07/25/2007
Albany;36;001;36001;12242;07/25/2007
Albany;36;001;36001;12243;07/25/2007
Albany;36;001;36001;12244;07/25/2007
Albany;36;001;36001;12245;07/25/2007
Albany;36;001;36001;12246;07/25/2007
Albany;36;001;36001;12247;07/25/2007
Albany;36;001;36001;12248;07/25/2007
Albany;36;001;36001;12249;07/25/2007
Albany;36;001;36001;12250;07/25/2007
Albany;36;001;36001;12252;07/25/2007
Albany;36;001;36001;12255;07/25/2007
Albany;36;001;36001;12256;07/25/2007
Albany;36;001;36001;12257;07/25/2007
Albany;36;001;36001;12260;07/25/2007
Albany;36;001;36001;12261;07/25/2007
Albany;36;001;36001;12288;07/25/2007
Albany;36;001;36001;12303;07/25/2007
Albany;36;001;36001;12304;07/25/2007
Albany;36;001;36001;12306;07/25/2007
Albany;36;001;36001;12309;07/25/2007
Albany;36;001;36001;12460;07/25/2007
Albany;36;001;36001;12469;07/25/2007
Allegany;36;003;36003;14024;07/25/2007
Allegany;36;003;36003;14029;07/25/2007
Allegany;36;003;36003;14060;07/25/2007
Allegany;36;003;36003;14065;07/25/2007
Allegany;36;003;36003;14437;07/25/2007
Allegany;36;003;36003;14536;07/25/2007
Allegany;36;003;36003;14707;07/25/2007
Allegany;36;003;36003;14708;07/25/2007
Allegany;36;003;36003;14709;07/25/2007
Allegany;36;003;36003;14711;07/25/2007
Allegany;36;003;36003;14714;07/25/2007
Allegany;36;003;36003;14715;07/25/2007
Allegany;36;003;36003;14717;07/25/2007
Allegany;36;003;36003;14721;07/25/2007
Allegany;36;003;36003;14727;07/25/2007
Allegany;36;003;36003;14735;07/25/2007
Allegany;36;003;36003;14737;07/25/2007
Allegany;36;003;36003;14739;07/25/2007
Allegany;36;003;36003;14744;07/25/2007
Allegany;36;003;36003;14745;07/25/2007
Allegany;36;003;36003;14754;07/25/2007
Allegany;36;003;36003;14770;07/25/2007
Allegany;36;003;36003;14774;07/25/2007
Allegany;36;003;36003;14777;07/25/2007
Allegany;36;003;36003;14786;07/25/2007
Allegany;36;003;36003;14802;07/25/2007
Allegany;36;003;36003;14803;07/25/2007
Allegany;36;003;36003;14804;07/25/2007
Allegany;36;003;36003;14806;07/25/2007
Allegany;36;003;36003;14807;07/25/2007
Allegany;36;003;36003;14813;07/25/2007
Allegany;36;003;36003;14822;07/25/2007
Allegany;36;003;36003;14836;07/25/2007
Allegany;36;003;36003;14843;07/25/2007
Allegany;36;003;36003;14846;07/25/2007
Allegany;36;003;36003;14880;07/25/2007
Allegany;36;003;36003;14884;07/25/2007
Allegany;36;003;36003;14895;07/25/2007
Allegany;36;003;36003;14897;07/25/2007
Bronx;36;005;36005;10451;07/25/2007
Bronx;36;005;36005;10452;07/25/2007
Bronx;36;005;36005;10453;07/25/2007
Bronx;36;005;36005;10454;07/25/2007
Bronx;36;005;36005;10455;07/25/2007
Bronx;36;005;36005;10456;07/25/2007
Bronx;36;005;36005;10457;07/25/2007
Bronx;36;005;36005;10458;07/25/2007
Bronx;36;005;36005;10459;07/25/2007
Bronx;36;005;36005;10460;07/25/2007
Bronx;36;005;36005;10461;07/25/2007
Bronx;36;005;36005;10462;07/25/2007
Bronx;36;005;36005;10463;07/25/2007
Bronx;36;005;36005;10464;07/25/2007
Bronx;36;005;36005;10465;07/25/2007
Bronx;36;005;36005;10466;07/25/2007
Bronx;36;005;36005;10467;07/25/2007
Bronx;36;005;36005;10468;07/25/2007
Bronx;36;005;36005;10469;07/25/2007
Bronx;36;005;36005;10470;07/25/2007
Bronx;36;005;36005;10471;07/25/2007
Bronx;36;005;36005;10472;07/25/2007
Bronx;36;005;36005;10473;07/25/2007
Bronx;36;005;36005;10474;07/25/2007
Bronx;36;005;36005;10475;07/25/2007
Bronx;36;005;36005;10499;07/25/2007
Bronx;36;005;36005;10550;07/25/2007
Bronx;36;005;36005;10704;07/25/2007
Bronx;36;005;36005;10705;07/25/2007
Bronx;36;005;36005;10803;07/25/2007
Broome;36;007;36007;13730;07/25/2007
Broome;36;007;36007;13736;07/25/2007
Broome;36;007;36007;13737;07/25/2007
Broome;36;007;36007;13744;07/25/2007
Broome;36;007;36007;13745;07/25/2007
Broome;36;007;36007;13746;07/25/2007
Broome;36;007;36007;13748;07/25/2007
Broome;36;007;36007;13749;07/25/2007
Broome;36;007;36007;13754;07/25/2007
Broome;36;007;36007;13760;07/25/2007
Broome;36;007;36007;13761;07/25/2007
Broome;36;007;36007;13762;07/25/2007
Broome;36;007;36007;13763;07/25/2007
Broome;36;007;36007;13777;07/25/2007
Broome;36;007;36007;13778;07/25/2007
Broome;36;007;36007;13787;07/25/2007
Broome;36;007;36007;13790;07/25/2007
Broome;36;007;36007;13794;07/25/2007
Broome;36;007;36007;13795;07/25/2007
Broome;36;007;36007;13797;07/25/2007
Broome;36;007;36007;13802;07/25/2007
Broome;36;007;36007;13803;07/25/2007
Broome;36;007;36007;13811;07/25/2007
Broome;36;007;36007;13813;07/25/2007
Broome;36;007;36007;13826;07/25/2007
Broome;36;007;36007;13833;07/25/2007
Broome;36;007;36007;13835;07/25/2007
Broome;36;007;36007;13848;07/25/2007
Broome;36;007;36007;13850;07/25/2007
Broome;36;007;36007;13851;07/25/2007
Broome;36;007;36007;13862;07/25/2007
Broome;36;007;36007;13863;07/25/2007
Broome;36;007;36007;13865;07/25/2007
Broome;36;007;36007;13901;07/25/2007
Broome;36;007;36007;13902;07/25/2007
Broome;36;007;36007;13903;07/25/2007
Broome;36;007;36007;13904;07/25/2007
Broome;36;007;36007;13905;07/25/2007
Cattaraugus;36;009;36009;14009;07/25/2007
Cattaraugus;36;009;36009;14030;07/25/2007
Cattaraugus;36;009;36009;14041;07/25/2007
Cattaraugus;36;009;36009;14042;07/25/2007
Cattaraugus;36;009;36009;14060;07/25/2007
Cattaraugus;36;009;36009;14065;07/25/2007
Cattaraugus;36;009;36009;14070;07/25/2007
Cattaraugus;36;009;36009;14081;07/25/2007
Cattaraugus;36;009;36009;14101;07/25/2007
Cattaraugus;36;009;36009;14129;07/25/2007
Cattaraugus;36;009;36009;14133;07/25/2007
Cattaraugus;36;009;36009;14138;07/25/2007
Cattaraugus;36;009;36009;14141;07/25/2007
Cattaraugus;36;009;36009;14168;07/25/2007
Cattaraugus;36;009;36009;14171;07/25/2007
Cattaraugus;36;009;36009;14173;07/25/2007
Cattaraugus;36;009;36009;14706;07/25/2007
Cattaraugus;36;009;36009;14719;07/25/2007
Cattaraugus;36;009;36009;14726;07/25/2007
Cattaraugus;36;009;36009;14727;07/25/2007
Cattaraugus;36;009;36009;14729;07/25/2007
Cattaraugus;36;009;36009;14730;07/25/2007
Cattaraugus;36;009;36009;14731;07/25/2007
Cattaraugus;36;009;36009;14737;07/25/2007
Cattaraugus;36;009;36009;14738;07/25/2007
Cattaraugus;36;009;36009;14741;07/25/2007
Cattaraugus;36;009;36009;14743;07/25/2007
Cattaraugus;36;009;36009;14747;07/25/2007
Cattaraugus;36;009;36009;14748;07/25/2007
Cattaraugus;36;009;36009;14751;07/25/2007
Cattaraugus;36;009;36009;14753;07/25/2007
Cattaraugus;36;009;36009;14755;07/25/2007
Cattaraugus;36;009;36009;14760;07/25/2007
Cattaraugus;36;009;36009;14766;07/25/2007
Cattaraugus;36;009;36009;14770;07/25/2007
Cattaraugus;36;009;36009;14772;07/25/2007
Cattaraugus;36;009;36009;14778;07/25/2007
Cattaraugus;36;009;36009;14779;07/25/2007
Cattaraugus;36;009;36009;14783;07/25/2007
Cattaraugus;36;009;36009;14788;07/25/2007
Cayuga;36;011;36011;13021;07/25/2007
Cayuga;36;011;36011;13022;07/25/2007
Cayuga;36;011;36011;13024;07/25/2007
Cayuga;36;011;36011;13026;07/25/2007
Cayuga;36;011;36011;13027;07/25/2007
Cayuga;36;011;36011;13033;07/25/2007
Cayuga;36;011;36011;13034;07/25/2007
Cayuga;36;011;36011;13045;07/25/2007
Cayuga;36;011;36011;13064;07/25/2007
Cayuga;36;011;36011;13071;07/25/2007
Cayuga;36;011;36011;13073;07/25/2007
Cayuga;36;011;36011;13074;07/25/2007
Cayuga;36;011;36011;13080;07/25/2007
Cayuga;36;011;36011;13081;07/25/2007
Cayuga;36;011;36011;13092;07/25/2007
Cayuga;36;011;36011;13111;07/25/2007
Cayuga;36;011;36011;13113;07/25/2007
Cayuga;36;011;36011;13117;07/25/2007
Cayuga;36;011;36011;13118;07/25/2007
Cayuga;36;011;36011;13126;07/25/2007
Cayuga;36;011;36011;13139;07/25/2007
Cayuga;36;011;36011;13140;07/25/2007
Cayuga;36;011;36011;13143;07/25/2007
Cayuga;36;011;36011;13147;07/25/2007
Cayuga;36;011;36011;13152;07/25/2007
Cayuga;36;011;36011;13156;07/25/2007
Cayuga;36;011;36011;13160;07/25/2007
Cayuga;36;011;36011;13166;07/25/2007
Cayuga;36;011;36011;14882;07/25/2007
Chautauqua;36;013;36013;14048;07/25/2007
Chautauqua;36;013;36013;14062;07/25/2007
Chautauqua;36;013;36013;14063;07/25/2007
Chautauqua;36;013;36013;14081;07/25/2007
Chautauqua;36;013;36013;14135;07/25/2007
Chautauqua;36;013;36013;14136;07/25/2007
Chautauqua;36;013;36013;14138;07/25/2007
Chautauqua;36;013;36013;14166;07/25/2007
Chautauqua;36;013;36013;14701;07/25/2007
Chautauqua;36;013;36013;14702;07/25/2007
Chautauqua;36;013;36013;14710;07/25/2007
Chautauqua;36;013;36013;14712;07/25/2007
Chautauqua;36;013;36013;14716;07/25/2007
Chautauqua;36;013;36013;14718;07/25/2007
Chautauqua;36;013;36013;14720;07/25/2007
Chautauqua;36;013;36013;14722;07/25/2007
Chautauqua;36;013;36013;14723;07/25/2007
Chautauqua;36;013;36013;14724;07/25/2007
Chautauqua;36;013;36013;14726;07/25/2007
Chautauqua;36;013;36013;14728;07/25/2007
Chautauqua;36;013;36013;14732;07/25/2007
Chautauqua;36;013;36013;14733;07/25/2007
Chautauqua;36;013;36013;14736;07/25/2007
Chautauqua;36;013;36013;14738;07/25/2007
Chautauqua;36;013;36013;14740;07/25/2007
Chautauqua;36;013;36013;14742;07/25/2007
Chautauqua;36;013;36013;14747;07/25/2007
Chautauqua;36;013;36013;14750;07/25/2007
Chautauqua;36;013;36013;14752;07/25/2007
Chautauqua;36;013;36013;14756;07/25/2007
Chautauqua;36;013;36013;14757;07/25/2007
Chautauqua;36;013;36013;14758;07/25/2007
Chautauqua;36;013;36013;14767;07/25/2007
Chautauqua;36;013;36013;14769;07/25/2007
Chautauqua;36;013;36013;14775;07/25/2007
Chautauqua;36;013;36013;14781;07/25/2007
Chautauqua;36;013;36013;14782;07/25/2007
Chautauqua;36;013;36013;14784;07/25/2007
Chautauqua;36;013;36013;14785;07/25/2007
Chautauqua;36;013;36013;14787;07/25/2007
Chemung;36;015;36015;14805;07/25/2007
Chemung;36;015;36015;14812;07/25/2007
Chemung;36;015;36015;14814;07/25/2007
Chemung;36;015;36015;14816;07/25/2007
Chemung;36;015;36015;14824;07/25/2007
Chemung;36;015;36015;14825;07/25/2007
Chemung;36;015;36015;14830;07/25/2007
Chemung;36;015;36015;14838;07/25/2007
Chemung;36;015;36015;14845;07/25/2007
Chemung;36;015;36015;14859;07/25/2007
Chemung;36;015;36015;14861;07/25/2007
Chemung;36;015;36015;14864;07/25/2007
Chemung;36;015;36015;14871;07/25/2007
Chemung;36;015;36015;14872;07/25/2007
Chemung;36;015;36015;14889;07/25/2007
Chemung;36;015;36015;14892;07/25/2007
Chemung;36;015;36015;14894;07/25/2007
Chemung;36;015;36015;14901;07/25/2007
Chemung;36;015;36015;14902;07/25/2007
Chemung;36;015;36015;14903;07/25/2007
Chemung;36;015;36015;14904;07/25/2007
Chemung;36;015;36015;14905;07/25/2007
Chemung;36;015;36015;14925;07/25/2007
Chenango;36;017;36017;13040;07/25/2007
Chenango;36;017;36017;13052;07/25/2007
Chenango;36;017;36017;13072;07/25/2007
Chenango;36;017;36017;13124;07/25/2007
Chenango;36;017;36017;13136;07/25/2007
Chenango;36;017;36017;13155;07/25/2007
Chenango;36;017;36017;13332;07/25/2007
Chenango;36;017;36017;13411;07/25/2007
Chenango;36;017;36017;13460;07/25/2007
Chenango;36;017;36017;13464;07/25/2007
Chenango;36;017;36017;13485;07/25/2007
Chenango;36;017;36017;13730;07/25/2007
Chenango;36;017;36017;13733;07/25/2007
Chenango;36;017;36017;13746;07/25/2007
Chenango;36;017;36017;13758;07/25/2007
Chenango;36;017;36017;13778;07/25/2007
Chenango;36;017;36017;13780;07/25/2007
Chenango;36;017;36017;13787;07/25/2007
Chenango;36;017;36017;13801;07/25/2007
Chenango;36;017;36017;13809;07/25/2007
Chenango;36;017;36017;13813;07/25/2007
Chenango;36;017;36017;13814;07/25/2007
Chenango;36;017;36017;13815;07/25/2007
Chenango;36;017;36017;13830;07/25/2007
Chenango;36;017;36017;13832;07/25/2007
Chenango;36;017;36017;13833;07/25/2007
Chenango;36;017;36017;13841;07/25/2007
Chenango;36;017;36017;13843;07/25/2007
Chenango;36;017;36017;13844;07/25/2007
Chenango;36;017;36017;13863;07/25/2007
Clinton;36;019;36019;12901;07/25/2007
Clinton;36;019;36019;12903;07/25/2007
Clinton;36;019;36019;12910;07/25/2007
Clinton;36;019;36019;12911;07/25/2007
Clinton;36;019;36019;12912;07/25/2007
Clinton;36;019;36019;12918;07/25/2007
Clinton;36;019;36019;12919;07/25/2007
Clinton;36;019;36019;12920;07/25/2007
Clinton;36;019;36019;12921;07/25/2007
Clinton;36;019;36019;12923;07/25/2007
Clinton;36;019;36019;12924;07/25/2007
Clinton;36;019;36019;12929;07/25/2007
Clinton;36;019;36019;12933;07/25/2007
Clinton;36;019;36019;12934;07/25/2007
Clinton;36;019;36019;12935;07/25/2007
Clinton;36;019;36019;12944;07/25/2007
Clinton;36;019;36019;12952;07/25/2007
Clinton;36;019;36019;12955;07/25/2007
Clinton;36;019;36019;12958;07/25/2007
Clinton;36;019;36019;12959;07/25/2007
Clinton;36;019;36019;12962;07/25/2007
Clinton;36;019;36019;12972;07/25/2007
Clinton;36;019;36019;12978;07/25/2007
Clinton;36;019;36019;12979;07/25/2007
Clinton;36;019;36019;12981;07/25/2007
Clinton;36;019;36019;12985;07/25/2007
Clinton;36;019;36019;12992;07/25/2007
Clinton;36;019;36019;12997;07/25/2007
Columbia;36;021;36021;12017;07/25/2007
Columbia;36;021;36021;12024;07/25/2007
Columbia;36;021;36021;12029;07/25/2007
Columbia;36;021;36021;12037;07/25/2007
Columbia;36;021;36021;12050;07/25/2007
Columbia;36;021;36021;12060;07/25/2007
Columbia;36;021;36021;12062;07/25/2007
Columbia;36;021;36021;12075;07/25/2007
Columbia;36;021;36021;12106;07/25/2007
Columbia;36;021;36021;12115;07/25/2007
Columbia;36;021;36021;12123;07/25/2007
Columbia;36;021;36021;12125;07/25/2007
Columbia;36;021;36021;12130;07/25/2007
Columbia;36;021;36021;12132;07/25/2007
Columbia;36;021;36021;12136;07/25/2007
Columbia;36;021;36021;12156;07/25/2007
Columbia;36;021;36021;12165;07/25/2007
Columbia;36;021;36021;12168;07/25/2007
Columbia;36;021;36021;12172;07/25/2007
Columbia;36;021;36021;12173;07/25/2007
Columbia;36;021;36021;12174;07/25/2007
Columbia;36;021;36021;12184;07/25/2007
Columbia;36;021;36021;12195;07/25/2007
Columbia;36;021;36021;12502;07/25/2007
Columbia;36;021;36021;12503;07/25/2007
Columbia;36;021;36021;12513;07/25/2007
Columbia;36;021;36021;12516;07/25/2007
Columbia;36;021;36021;12517;07/25/2007
Columbia;36;021;36021;12521;07/25/2007
Columbia;36;021;36021;12523;07/25/2007
Columbia;36;021;36021;12526;07/25/2007
Columbia;36;021;36021;12529;07/25/2007
Columbia;36;021;36021;12530;07/25/2007
Columbia;36;021;36021;12534;07/25/2007
Columbia;36;021;36021;12541;07/25/2007
Columbia;36;021;36021;12544;07/25/2007
Columbia;36;021;36021;12546;07/25/2007
Columbia;36;021;36021;12565;07/25/2007
Columbia;36;021;36021;12567;07/25/2007
Columbia;36;021;36021;12571;07/25/2007
Columbia;36;021;36021;12583;07/25/2007
Cortland;36;023;36023;13040;07/25/2007
Cortland;36;023;36023;13045;07/25/2007
Cortland;36;023;36023;13052;07/25/2007
Cortland;36;023;36023;13053;07/25/2007
Cortland;36;023;36023;13056;07/25/2007
Cortland;36;023;36023;13077;07/25/2007
Cortland;36;023;36023;13087;07/25/2007
Cortland;36;023;36023;13101;07/25/2007
Cortland;36;023;36023;13141;07/25/2007
Cortland;36;023;36023;13158;07/25/2007
Cortland;36;023;36023;13159;07/25/2007
Cortland;36;023;36023;13738;07/25/2007
Cortland;36;023;36023;13784;07/25/2007
Cortland;36;023;36023;13803;07/25/2007
Cortland;36;023;36023;13835;07/25/2007
Cortland;36;023;36023;13863;07/25/2007
Delaware;36;025;36025;12093;07/25/2007
Delaware;36;025;36025;12155;07/25/2007
Delaware;36;025;36025;12167;07/25/2007
Delaware;36;025;36025;12406;07/25/2007
Delaware;36;025;36025;12421;07/25/2007
Delaware;36;025;36025;12430;07/25/2007
Delaware;36;025;36025;12434;07/25/2007
Delaware;36;025;36025;12438;07/25/2007
Delaware;36;025;36025;12455;07/25/2007
Delaware;36;025;36025;12459;07/25/2007
Delaware;36;025;36025;12465;07/25/2007
Delaware;36;025;36025;12468;07/25/2007
Delaware;36;025;36025;12474;07/25/2007
Delaware;36;025;36025;12758;07/25/2007
Delaware;36;025;36025;12760;07/25/2007
Delaware;36;025;36025;12776;07/25/2007
Delaware;36;025;36025;13731;07/25/2007
Delaware;36;025;36025;13733;07/25/2007
Delaware;36;025;36025;13739;07/25/2007
Delaware;36;025;36025;13740;07/25/2007
Delaware;36;025;36025;13750;07/25/2007
Delaware;36;025;36025;13751;07/25/2007
Delaware;36;025;36025;13752;07/25/2007
Delaware;36;025;36025;13753;07/25/2007
Delaware;36;025;36025;13754;07/25/2007
Delaware;36;025;36025;13755;07/25/2007
Delaware;36;025;36025;13756;07/25/2007
Delaware;36;025;36025;13757;07/25/2007
Delaware;36;025;36025;13774;07/25/2007
Delaware;36;025;36025;13775;07/25/2007
Delaware;36;025;36025;13782;07/25/2007
Delaware;36;025;36025;13783;07/25/2007
Delaware;36;025;36025;13786;07/25/2007
Delaware;36;025;36025;13788;07/25/2007
Delaware;36;025;36025;13804;07/25/2007
Delaware;36;025;36025;13806;07/25/2007
Delaware;36;025;36025;13820;07/25/2007
Delaware;36;025;36025;13825;07/25/2007
Delaware;36;025;36025;13838;07/25/2007
Delaware;36;025;36025;13839;07/25/2007
Delaware;36;025;36025;13842;07/25/2007
Delaware;36;025;36025;13846;07/25/2007
Delaware;36;025;36025;13847;07/25/2007
Delaware;36;025;36025;13849;07/25/2007
Delaware;36;025;36025;13856;07/25/2007
Delaware;36;025;36025;13860;07/25/2007
Dutchess;36;027;36027;10516;07/25/2007
Dutchess;36;027;36027;12501;07/25/2007
Dutchess;36;027;36027;12504;07/25/2007
Dutchess;36;027;36027;12506;07/25/2007
Dutchess;36;027;36027;12507;07/25/2007
Dutchess;36;027;36027;12508;07/25/2007
Dutchess;36;027;36027;12510;07/25/2007
Dutchess;36;027;36027;12511;07/25/2007
Dutchess;36;027;36027;12512;07/25/2007
Dutchess;36;027;36027;12514;07/25/2007
Dutchess;36;027;36027;12522;07/25/2007
Dutchess;36;027;36027;12524;07/25/2007
Dutchess;36;027;36027;12527;07/25/2007
Dutchess;36;027;36027;12531;07/25/2007
Dutchess;36;027;36027;12533;07/25/2007
Dutchess;36;027;36027;12537;07/25/2007
Dutchess;36;027;36027;12538;07/25/2007
Dutchess;36;027;36027;12540;07/25/2007
Dutchess;36;027;36027;12545;07/25/2007
Dutchess;36;027;36027;12546;07/25/2007
Dutchess;36;027;36027;12564;07/25/2007
Dutchess;36;027;36027;12567;07/25/2007
Dutchess;36;027;36027;12569;07/25/2007
Dutchess;36;027;36027;12570;07/25/2007
Dutchess;36;027;36027;12571;07/25/2007
Dutchess;36;027;36027;12572;07/25/2007
Dutchess;36;027;36027;12574;07/25/2007
Dutchess;36;027;36027;12578;07/25/2007
Dutchess;36;027;36027;12580;07/25/2007
Dutchess;36;027;36027;12581;07/25/2007
Dutchess;36;027;36027;12582;07/25/2007
Dutchess;36;027;36027;12583;07/25/2007
Dutchess;36;027;36027;12585;07/25/2007
Dutchess;36;027;36027;12590;07/25/2007
Dutchess;36;027;36027;12592;07/25/2007
Dutchess;36;027;36027;12594;07/25/2007
Dutchess;36;027;36027;12601;07/25/2007
Dutchess;36;027;36027;12602;07/25/2007
Dutchess;36;027;36027;12603;07/25/2007
Dutchess;36;027;36027;12604;07/25/2007
Erie;36;029;36029;14001;07/25/2007
Erie;36;029;36029;14004;07/25/2007
Erie;36;029;36029;14006;07/25/2007
Erie;36;029;36029;14010;07/25/2007
Erie;36;029;36029;14013;07/25/2007
Erie;36;029;36029;14025;07/25/2007
Erie;36;029;36029;14026;07/25/2007
Erie;36;029;36029;14027;07/25/2007
Erie;36;029;36029;14030;07/25/2007
Erie;36;029;36029;14031;07/25/2007
Erie;36;029;36029;14032;07/25/2007
Erie;36;029;36029;14033;07/25/2007
Erie;36;029;36029;14034;07/25/2007
Erie;36;029;36029;14035;07/25/2007
Erie;36;029;36029;14037;07/25/2007
Erie;36;029;36029;14038;07/25/2007
Erie;36;029;36029;14043;07/25/2007
Erie;36;029;36029;14047;07/25/2007
Erie;36;029;36029;14051;07/25/2007
Erie;36;029;36029;14052;07/25/2007
Erie;36;029;36029;14055;07/25/2007
Erie;36;029;36029;14057;07/25/2007
Erie;36;029;36029;14059;07/25/2007
Erie;36;029;36029;14061;07/25/2007
Erie;36;029;36029;14068;07/25/2007
Erie;36;029;36029;14069;07/25/2007
Erie;36;029;36029;14070;07/25/2007
Erie;36;029;36029;14072;07/25/2007
Erie;36;029;36029;14075;07/25/2007
Erie;36;029;36029;14080;07/25/2007
Erie;36;029;36029;14081;07/25/2007
Erie;36;029;36029;14085;07/25/2007
Erie;36;029;36029;14086;07/25/2007
Erie;36;029;36029;14091;07/25/2007
Erie;36;029;36029;14102;07/25/2007
Erie;36;029;36029;14110;07/25/2007
Erie;36;029;36029;14111;07/25/2007
Erie;36;029;36029;14112;07/25/2007
Erie;36;029;36029;14127;07/25/2007
Erie;36;029;36029;14134;07/25/2007
Erie;36;029;36029;14139;07/25/2007
Erie;36;029;36029;14140;07/25/2007
Erie;36;029;36029;14141;07/25/2007
Erie;36;029;36029;14145;07/25/2007
Erie;36;029;36029;14150;07/25/2007
Erie;36;029;36029;14151;07/25/2007
Erie;36;029;36029;14169;07/25/2007
Erie;36;029;36029;14170;07/25/2007
Erie;36;029;36029;14201;07/25/2007
Erie;36;029;36029;14202;07/25/2007
Erie;36;029;36029;14203;07/25/2007
Erie;36;029;36029;14204;07/25/2007
Erie;36;029;36029;14205;07/25/2007
Erie;36;029;36029;14206;07/25/2007
Erie;36;029;36029;14207;07/25/2007
Erie;36;029;36029;14208;07/25/2007
Erie;36;029;36029;14209;07/25/2007
Erie;36;029;36029;14210;07/25/2007
Erie;36;029;36029;14211;07/25/2007
Erie;36;029;36029;14212;07/25/2007
Erie;36;029;36029;14213;07/25/2007
Erie;36;029;36029;14214;07/25/2007
Erie;36;029;36029;14215;07/25/2007
Erie;36;029;36029;14216;07/25/2007
Erie;36;029;36029;14217;07/25/2007
Erie;36;029;36029;14218;07/25/2007
Erie;36;029;36029;14219;07/25/2007
Erie;36;029;36029;14220;07/25/2007
Erie;36;029;36029;14221;07/25/2007
Erie;36;029;36029;14222;07/25/2007
Erie;36;029;36029;14223;07/25/2007
Erie;36;029;36029;14224;07/25/2007
Erie;36;029;36029;14225;07/25/2007
Erie;36;029;36029;14226;07/25/2007
Erie;36;029;36029;14227;07/25/2007
Erie;36;029;36029;14228;07/25/2007
Erie;36;029;36029;14231;07/25/2007
Erie;36;029;36029;14233;07/25/2007
Erie;36;029;36029;14240;07/25/2007
Erie;36;029;36029;14241;07/25/2007
Erie;36;029;36029;14260;07/25/2007
Erie;36;029;36029;14261;07/25/2007
Erie;36;029;36029;14263;07/25/2007
Erie;36;029;36029;14264;07/25/2007
Erie;36;029;36029;14265;07/25/2007
Erie;36;029;36029;14267;07/25/2007
Erie;36;029;36029;14269;07/25/2007
Erie;36;029;36029;14270;07/25/2007
Erie;36;029;36029;14272;07/25/2007
Erie;36;029;36029;14273;07/25/2007
Erie;36;029;36029;14276;07/25/2007
Erie;36;029;36029;14280;07/25/2007
Essex;36;031;36031;12836;07/25/2007
Essex;36;031;36031;12851;07/25/2007
Essex;36;031;36031;12852;07/25/2007
Essex;36;031;36031;12853;07/25/2007
Essex;36;031;36031;12855;07/25/2007
Essex;36;031;36031;12857;07/25/2007
Essex;36;031;36031;12858;07/25/2007
Essex;36;031;36031;12870;07/25/2007
Essex;36;031;36031;12872;07/25/2007
Essex;36;031;36031;12879;07/25/2007
Essex;36;031;36031;12883;07/25/2007
Essex;36;031;36031;12911;07/25/2007
Essex;36;031;36031;12912;07/25/2007
Essex;36;031;36031;12913;07/25/2007
Essex;36;031;36031;12928;07/25/2007
Essex;36;031;36031;12932;07/25/2007
Essex;36;031;36031;12936;07/25/2007
Essex;36;031;36031;12941;07/25/2007
Essex;36;031;36031;12942;07/25/2007
Essex;36;031;36031;12943;07/25/2007
Essex;36;031;36031;12944;07/25/2007
Essex;36;031;36031;12946;07/25/2007
Essex;36;031;36031;12950;07/25/2007
Essex;36;031;36031;12956;07/25/2007
Essex;36;031;36031;12960;07/25/2007
Essex;36;031;36031;12961;07/25/2007
Essex;36;031;36031;12964;07/25/2007
Essex;36;031;36031;12972;07/25/2007
Essex;36;031;36031;12974;07/25/2007
Essex;36;031;36031;12975;07/25/2007
Essex;36;031;36031;12977;07/25/2007
Essex;36;031;36031;12983;07/25/2007
Essex;36;031;36031;12987;07/25/2007
Essex;36;031;36031;12989;07/25/2007
Essex;36;031;36031;12993;07/25/2007
Essex;36;031;36031;12996;07/25/2007
Essex;36;031;36031;12997;07/25/2007
Essex;36;031;36031;12998;07/25/2007
Franklin;36;033;36033;12912;07/25/2007
Franklin;36;033;36033;12913;07/25/2007
Franklin;36;033;36033;12914;07/25/2007
Franklin;36;033;36033;12915;07/25/2007
Franklin;36;033;36033;12916;07/25/2007
Franklin;36;033;36033;12917;07/25/2007
Franklin;36;033;36033;12920;07/25/2007
Franklin;36;033;36033;12926;07/25/2007
Franklin;36;033;36033;12930;07/25/2007
Franklin;36;033;36033;12937;07/25/2007
Franklin;36;033;36033;12939;07/25/2007
Franklin;36;033;36033;12945;07/25/2007
Franklin;36;033;36033;12953;07/25/2007
Franklin;36;033;36033;12955;07/25/2007
Franklin;36;033;36033;12957;07/25/2007
Franklin;36;033;36033;12966;07/25/2007
Franklin;36;033;36033;12967;07/25/2007
Franklin;36;033;36033;12969;07/25/2007
Franklin;36;033;36033;12970;07/25/2007
Franklin;36;033;36033;12976;07/25/2007
Franklin;36;033;36033;12980;07/25/2007
Franklin;36;033;36033;12983;07/25/2007
Franklin;36;033;36033;12986;07/25/2007
Franklin;36;033;36033;12989;07/25/2007
Franklin;36;033;36033;12995;07/25/2007
Franklin;36;033;36033;13655;07/25/2007
Franklin;36;033;36033;13683;07/25/2007
Fulton;36;035;36035;12010;07/25/2007
Fulton;36;035;36035;12025;07/25/2007
Fulton;36;035;36035;12032;07/25/2007
Fulton;36;035;36035;12068;07/25/2007
Fulton;36;035;36035;12070;07/25/2007
Fulton;36;035;36035;12078;07/25/2007
Fulton;36;035;36035;12086;07/25/2007
Fulton;36;035;36035;12095;07/25/2007
Fulton;36;035;36035;12117;07/25/2007
Fulton;36;035;36035;12134;07/25/2007
Fulton;36;035;36035;13329;07/25/2007
Fulton;36;035;36035;13339;07/25/2007
Fulton;36;035;36035;13452;07/25/2007
Fulton;36;035;36035;13454;07/25/2007
Fulton;36;035;36035;13470;07/25/2007
Genesee;36;037;36037;14001;07/25/2007
Genesee;36;037;36037;14004;07/25/2007
Genesee;36;037;36037;14005;07/25/2007
Genesee;36;037;36037;14011;07/25/2007
Genesee;36;037;36037;14013;07/25/2007
Genesee;36;037;36037;14020;07/25/2007
Genesee;36;037;36037;14021;07/25/2007
Genesee;36;037;36037;14036;07/25/2007
Genesee;36;037;36037;14040;07/25/2007
Genesee;36;037;36037;14054;07/25/2007
Genesee;36;037;36037;14056;07/25/2007
Genesee;36;037;36037;14058;07/25/2007
Genesee;36;037;36037;14103;07/25/2007
Genesee;36;037;36037;14105;07/25/2007
Genesee;36;037;36037;14125;07/25/2007
Genesee;36;037;36037;14143;07/25/2007
Genesee;36;037;36037;14416;07/25/2007
Genesee;36;037;36037;14422;07/25/2007
Genesee;36;037;36037;14428;07/25/2007
Genesee;36;037;36037;14482;07/25/2007
Genesee;36;037;36037;14525;07/25/2007
Genesee;36;037;36037;14557;07/25/2007
Genesee;36;037;36037;14591;07/25/2007
Greene;36;039;36039;12015;07/25/2007
Greene;36;039;36039;12042;07/25/2007
Greene;36;039;36039;12046;07/25/2007
Greene;36;039;36039;12051;07/25/2007
Greene;36;039;36039;12058;07/25/2007
Greene;36;039;36039;12083;07/25/2007
Greene;36;039;36039;12087;07/25/2007
Greene;36;039;36039;12124;07/25/2007
Greene;36;039;36039;12143;07/25/2007
Greene;36;039;36039;12176;07/25/2007
Greene;36;039;36039;12192;07/25/2007
Greene;36;039;36039;12405;07/25/2007
Greene;36;039;36039;12407;07/25/2007
Greene;36;039;36039;12413;07/25/2007
Greene;36;039;36039;12414;07/25/2007
Greene;36;039;36039;12418;07/25/2007
Greene;36;039;36039;12422;07/25/2007
Greene;36;039;36039;12423;07/25/2007
Greene;36;039;36039;12424;07/25/2007
Greene;36;039;36039;12427;07/25/2007
Greene;36;039;36039;12430;07/25/2007
Greene;36;039;36039;12431;07/25/2007
Greene;36;039;36039;12436;07/25/2007
Greene;36;039;36039;12439;07/25/2007
Greene;36;039;36039;12442;07/25/2007
Greene;36;039;36039;12444;07/25/2007
Greene;36;039;36039;12450;07/25/2007
Greene;36;039;36039;12451;07/25/2007
Greene;36;039;36039;12452;07/25/2007
Greene;36;039;36039;12454;07/25/2007
Greene;36;039;36039;12460;07/25/2007
Greene;36;039;36039;12463;07/25/2007
Greene;36;039;36039;12468;07/25/2007
Greene;36;039;36039;12469;07/25/2007
Greene;36;039;36039;12470;07/25/2007
Greene;36;039;36039;12473;07/25/2007
Greene;36;039;36039;12477;07/25/2007
Greene;36;039;36039;12480;07/25/2007
Greene;36;039;36039;12482;07/25/2007
Greene;36;039;36039;12485;07/25/2007
Greene;36;039;36039;12492;07/25/2007
Greene;36;039;36039;12495;07/25/2007
Greene;36;039;36039;12496;07/25/2007
Hamilton;36;041;36041;12032;07/25/2007
Hamilton;36;041;36041;12108;07/25/2007
Hamilton;36;041;36041;12134;07/25/2007
Hamilton;36;041;36041;12139;07/25/2007
Hamilton;36;041;36041;12164;07/25/2007
Hamilton;36;041;36041;12190;07/25/2007
Hamilton;36;041;36041;12812;07/25/2007
Hamilton;36;041;36041;12842;07/25/2007
Hamilton;36;041;36041;12847;07/25/2007
Hamilton;36;041;36041;12864;07/25/2007
Hamilton;36;041;36041;13331;07/25/2007
Hamilton;36;041;36041;13353;07/25/2007
Hamilton;36;041;36041;13360;07/25/2007
Hamilton;36;041;36041;13436;07/25/2007
Herkimer;36;043;36043;13304;07/25/2007
Herkimer;36;043;36043;13322;07/25/2007
Herkimer;36;043;36043;13324;07/25/2007
Herkimer;36;043;36043;13329;07/25/2007
Herkimer;36;043;36043;13331;07/25/2007
Herkimer;36;043;36043;13338;07/25/2007
Herkimer;36;043;36043;13339;07/25/2007
Herkimer;36;043;36043;13340;07/25/2007
Herkimer;36;043;36043;13350;07/25/2007
Herkimer;36;043;36043;13357;07/25/2007
Herkimer;36;043;36043;13361;07/25/2007
Herkimer;36;043;36043;13365;07/25/2007
Herkimer;36;043;36043;13367;07/25/2007
Herkimer;36;043;36043;13406;07/25/2007
Herkimer;36;043;36043;13407;07/25/2007
Herkimer;36;043;36043;13413;07/25/2007
Herkimer;36;043;36043;13416;07/25/2007
Herkimer;36;043;36043;13420;07/25/2007
Herkimer;36;043;36043;13431;07/25/2007
Herkimer;36;043;36043;13438;07/25/2007
Herkimer;36;043;36043;13439;07/25/2007
Herkimer;36;043;36043;13454;07/25/2007
Herkimer;36;043;36043;13456;07/25/2007
Herkimer;36;043;36043;13470;07/25/2007
Herkimer;36;043;36043;13472;07/25/2007
Herkimer;36;043;36043;13475;07/25/2007
Herkimer;36;043;36043;13491;07/25/2007
Herkimer;36;043;36043;13501;07/25/2007
Herkimer;36;043;36043;13502;07/25/2007
Jefferson;36;045;36045;13083;07/25/2007
Jefferson;36;045;36045;13145;07/25/2007
Jefferson;36;045;36045;13601;07/25/2007
Jefferson;36;045;36045;13602;07/25/2007
Jefferson;36;045;36045;13603;07/25/2007
Jefferson;36;045;36045;13605;07/25/2007
Jefferson;36;045;36045;13606;07/25/2007
Jefferson;36;045;36045;13607;07/25/2007
Jefferson;36;045;36045;13608;07/25/2007
Jefferson;36;045;36045;13611;07/25/2007
Jefferson;36;045;36045;13612;07/25/2007
Jefferson;36;045;36045;13615;07/25/2007
Jefferson;36;045;36045;13616;07/25/2007
Jefferson;36;045;36045;13618;07/25/2007
Jefferson;36;045;36045;13619;07/25/2007
Jefferson;36;045;36045;13622;07/25/2007
Jefferson;36;045;36045;13624;07/25/2007
Jefferson;36;045;36045;13626;07/25/2007
Jefferson;36;045;36045;13628;07/25/2007
Jefferson;36;045;36045;13631;07/25/2007
Jefferson;36;045;36045;13632;07/25/2007
Jefferson;36;045;36045;13634;07/25/2007
Jefferson;36;045;36045;13636;07/25/2007
Jefferson;36;045;36045;13637;07/25/2007
Jefferson;36;045;36045;13638;07/25/2007
Jefferson;36;045;36045;13640;07/25/2007
Jefferson;36;045;36045;13641;07/25/2007
Jefferson;36;045;36045;13643;07/25/2007
Jefferson;36;045;36045;13646;07/25/2007
Jefferson;36;045;36045;13650;07/25/2007
Jefferson;36;045;36045;13651;07/25/2007
Jefferson;36;045;36045;13656;07/25/2007
Jefferson;36;045;36045;13659;07/25/2007
Jefferson;36;045;36045;13661;07/25/2007
Jefferson;36;045;36045;13665;07/25/2007
Jefferson;36;045;36045;13671;07/25/2007
Jefferson;36;045;36045;13673;07/25/2007
Jefferson;36;045;36045;13674;07/25/2007
Jefferson;36;045;36045;13675;07/25/2007
Jefferson;36;045;36045;13679;07/25/2007
Jefferson;36;045;36045;13682;07/25/2007
Jefferson;36;045;36045;13685;07/25/2007
Jefferson;36;045;36045;13691;07/25/2007
Jefferson;36;045;36045;13692;07/25/2007
Jefferson;36;045;36045;13693;07/25/2007
Kings;36;047;36047;11201;07/25/2007
Kings;36;047;36047;11202;07/25/2007
Kings;36;047;36047;11203;07/25/2007
Kings;36;047;36047;11204;07/25/2007
Kings;36;047;36047;11205;07/25/2007
Kings;36;047;36047;11206;07/25/2007
Kings;36;047;36047;11207;07/25/2007
Kings;36;047;36047;11208;07/25/2007
Kings;36;047;36047;11209;07/25/2007
Kings;36;047;36047;11210;07/25/2007
Kings;36;047;36047;11211;07/25/2007
Kings;36;047;36047;11212;07/25/2007
Kings;36;047;36047;11213;07/25/2007
Kings;36;047;36047;11214;07/25/2007
Kings;36;047;36047;11215;07/25/2007
Kings;36;047;36047;11216;07/25/2007
Kings;36;047;36047;11217;07/25/2007
Kings;36;047;36047;11218;07/25/2007
Kings;36;047;36047;11219;07/25/2007
Kings;36;047;36047;11220;07/25/2007
Kings;36;047;36047;11221;07/25/2007
Kings;36;047;36047;11222;07/25/2007
Kings;36;047;36047;11223;07/25/2007
Kings;36;047;36047;11224;07/25/2007
Kings;36;047;36047;11225;07/25/2007
Kings;36;047;36047;11226;07/25/2007
Kings;36;047;36047;11228;07/25/2007
Kings;36;047;36047;11229;07/25/2007
Kings;36;047;36047;11230;07/25/2007
Kings;36;047;36047;11231;07/25/2007
Kings;36;047;36047;11232;07/25/2007
Kings;36;047;36047;11233;07/25/2007
Kings;36;047;36047;11234;07/25/2007
Kings;36;047;36047;11235;07/25/2007
Kings;36;047;36047;11236;07/25/2007
Kings;36;047;36047;11237;07/25/2007
Kings;36;047;36047;11238;07/25/2007
Kings;36;047;36047;11239;07/25/2007
Kings;36;047;36047;11241;07/25/2007
Kings;36;047;36047;11242;07/25/2007
Kings;36;047;36047;11243;07/25/2007
Kings;36;047;36047;11245;07/25/2007
Kings;36;047;36047;11247;07/25/2007
Kings;36;047;36047;11249;07/25/2007
Kings;36;047;36047;11251;07/25/2007
Kings;36;047;36047;11252;07/25/2007
Kings;36;047;36047;11256;07/25/2007
Kings;36;047;36047;11693;07/25/2007
Lewis;36;049;36049;13305;07/25/2007
Lewis;36;049;36049;13309;07/25/2007
Lewis;36;049;36049;13312;07/25/2007
Lewis;36;049;36049;13316;07/25/2007
Lewis;36;049;36049;13325;07/25/2007
Lewis;36;049;36049;13327;07/25/2007
Lewis;36;049;36049;13343;07/25/2007
Lewis;36;049;36049;13345;07/25/2007
Lewis;36;049;36049;13367;07/25/2007
Lewis;36;049;36049;13368;07/25/2007
Lewis;36;049;36049;13404;07/25/2007
Lewis;36;049;36049;13433;07/25/2007
Lewis;36;049;36049;13437;07/25/2007
Lewis;36;049;36049;13471;07/25/2007
Lewis;36;049;36049;13473;07/25/2007
Lewis;36;049;36049;13489;07/25/2007
Lewis;36;049;36049;13619;07/25/2007
Lewis;36;049;36049;13620;07/25/2007
Lewis;36;049;36049;13626;07/25/2007
Lewis;36;049;36049;13627;07/25/2007
Lewis;36;049;36049;13648;07/25/2007
Lewis;36;049;36049;13665;07/25/2007
Lewis;36;049;36049;13682;07/25/2007
Livingston;36;051;36051;14414;07/25/2007
Livingston;36;051;36051;14423;07/25/2007
Livingston;36;051;36051;14435;07/25/2007
Livingston;36;051;36051;14437;07/25/2007
Livingston;36;051;36051;14454;07/25/2007
Livingston;36;051;36051;14462;07/25/2007
Livingston;36;051;36051;14466;07/25/2007
Livingston;36;051;36051;14472;07/25/2007
Livingston;36;051;36051;14480;07/25/2007
Livingston;36;051;36051;14481;07/25/2007
Livingston;36;051;36051;14482;07/25/2007
Livingston;36;051;36051;14485;07/25/2007
Livingston;36;051;36051;14486;07/25/2007
Livingston;36;051;36051;14487;07/25/2007
Livingston;36;051;36051;14488;07/25/2007
Livingston;36;051;36051;14510;07/25/2007
Livingston;36;051;36051;14517;07/25/2007
Livingston;36;051;36051;14525;07/25/2007
Livingston;36;051;36051;14530;07/25/2007
Livingston;36;051;36051;14533;07/25/2007
Livingston;36;051;36051;14536;07/25/2007
Livingston;36;051;36051;14539;07/25/2007
Livingston;36;051;36051;14545;07/25/2007
Livingston;36;051;36051;14556;07/25/2007
Livingston;36;051;36051;14558;07/25/2007
Livingston;36;051;36051;14560;07/25/2007
Livingston;36;051;36051;14572;07/25/2007
Livingston;36;051;36051;14592;07/25/2007
Livingston;36;051;36051;14822;07/25/2007
Livingston;36;051;36051;14836;07/25/2007
Livingston;36;051;36051;14846;07/25/2007
Madison;36;053;36053;13030;07/25/2007
Madison;36;053;36053;13032;07/25/2007
Madison;36;053;36053;13035;07/25/2007
Madison;36;053;36053;13037;07/25/2007
Madison;36;053;36053;13043;07/25/2007
Madison;36;053;36053;13052;07/25/2007
Madison;36;053;36053;13061;07/25/2007
Madison;36;053;36053;13072;07/25/2007
Madison;36;053;36053;13082;07/25/2007
Madison;36;053;36053;13104;07/25/2007
Madison;36;053;36053;13122;07/25/2007
Madison;36;053;36053;13134;07/25/2007
Madison;36;053;36053;13163;07/25/2007
Madison;36;053;36053;13310;07/25/2007
Madison;36;053;36053;13314;07/25/2007
Madison;36;053;36053;13332;07/25/2007
Madison;36;053;36053;13334;07/25/2007
Madison;36;053;36053;13346;07/25/2007
Madison;36;053;36053;13355;07/25/2007
Madison;36;053;36053;13364;07/25/2007
Madison;36;053;36053;13402;07/25/2007
Madison;36;053;36053;13408;07/25/2007
Madison;36;053;36053;13409;07/25/2007
Madison;36;053;36053;13418;07/25/2007
Madison;36;053;36053;13421;07/25/2007
Madison;36;053;36053;13425;07/25/2007
Madison;36;053;36053;13460;07/25/2007
Madison;36;053;36053;13465;07/25/2007
Madison;36;053;36053;13477;07/25/2007
Madison;36;053;36053;13480;07/25/2007
Madison;36;053;36053;13484;07/25/2007
Madison;36;053;36053;13485;07/25/2007
Madison;36;053;36053;13491;07/25/2007
Monroe;36;055;36055;14410;07/25/2007
Monroe;36;055;36055;14414;07/25/2007
Monroe;36;055;36055;14416;07/25/2007
Monroe;36;055;36055;14420;07/25/2007
Monroe;36;055;36055;14428;07/25/2007
Monroe;36;055;36055;14430;07/25/2007
Monroe;36;055;36055;14445;07/25/2007
Monroe;36;055;36055;14450;07/25/2007
Monroe;36;055;36055;14464;07/25/2007
Monroe;36;055;36055;14467;07/25/2007
Monroe;36;055;36055;14468;07/25/2007
Monroe;36;055;36055;14472;07/25/2007
Monroe;36;055;36055;14476;07/25/2007
Monroe;36;055;36055;14482;07/25/2007
Monroe;36;055;36055;14502;07/25/2007
Monroe;36;055;36055;14506;07/25/2007
Monroe;36;055;36055;14508;07/25/2007
Monroe;36;055;36055;14511;07/25/2007
Monroe;36;055;36055;14514;07/25/2007
Monroe;36;055;36055;14515;07/25/2007
Monroe;36;055;36055;14526;07/25/2007
Monroe;36;055;36055;14534;07/25/2007
Monroe;36;055;36055;14543;07/25/2007
Monroe;36;055;36055;14546;07/25/2007
Monroe;36;055;36055;14559;07/25/2007
Monroe;36;055;36055;14564;07/25/2007
Monroe;36;055;36055;14580;07/25/2007
Monroe;36;055;36055;14586;07/25/2007
Monroe;36;055;36055;14602;07/25/2007
Monroe;36;055;36055;14603;07/25/2007
Monroe;36;055;36055;14604;07/25/2007
Monroe;36;055;36055;14605;07/25/2007
Monroe;36;055;36055;14606;07/25/2007
Monroe;36;055;36055;14607;07/25/2007
Monroe;36;055;36055;14608;07/25/2007
Monroe;36;055;36055;14609;07/25/2007
Monroe;36;055;36055;14610;07/25/2007
Monroe;36;055;36055;14611;07/25/2007
Monroe;36;055;36055;14612;07/25/2007
Monroe;36;055;36055;14613;07/25/2007
Monroe;36;055;36055;14614;07/25/2007
Monroe;36;055;36055;14615;07/25/2007
Monroe;36;055;36055;14616;07/25/2007
Monroe;36;055;36055;14617;07/25/2007
Monroe;36;055;36055;14618;07/25/2007
Monroe;36;055;36055;14619;07/25/2007
Monroe;36;055;36055;14620;07/25/2007
Monroe;36;055;36055;14621;07/25/2007
Monroe;36;055;36055;14622;07/25/2007
Monroe;36;055;36055;14623;07/25/2007
Monroe;36;055;36055;14624;07/25/2007
Monroe;36;055;36055;14625;07/25/2007
Monroe;36;055;36055;14626;07/25/2007
Monroe;36;055;36055;14627;07/25/2007
Monroe;36;055;36055;14638;07/25/2007
Monroe;36;055;36055;14639;07/25/2007
Monroe;36;055;36055;14642;07/25/2007
Monroe;36;055;36055;14643;07/25/2007
Monroe;36;055;36055;14644;07/25/2007
Monroe;36;055;36055;14645;07/25/2007
Monroe;36;055;36055;14646;07/25/2007
Monroe;36;055;36055;14647;07/25/2007
Monroe;36;055;36055;14649;07/25/2007
Monroe;36;055;36055;14650;07/25/2007
Monroe;36;055;36055;14651;07/25/2007
Monroe;36;055;36055;14652;07/25/2007
Monroe;36;055;36055;14653;07/25/2007
Monroe;36;055;36055;14664;07/25/2007
Monroe;36;055;36055;14673;07/25/2007
Monroe;36;055;36055;14683;07/25/2007
Monroe;36;055;36055;14692;07/25/2007
Monroe;36;055;36055;14694;07/25/2007
Montgomery;36;057;36057;12010;07/25/2007
Montgomery;36;057;36057;12016;07/25/2007
Montgomery;36;057;36057;12066;07/25/2007
Montgomery;36;057;36057;12068;07/25/2007
Montgomery;36;057;36057;12069;07/25/2007
Montgomery;36;057;36057;12070;07/25/2007
Montgomery;36;057;36057;12072;07/25/2007
Montgomery;36;057;36057;12086;07/25/2007
Montgomery;36;057;36057;12095;07/25/2007
Montgomery;36;057;36057;12137;07/25/2007
Montgomery;36;057;36057;12160;07/25/2007
Montgomery;36;057;36057;12166;07/25/2007
Montgomery;36;057;36057;12177;07/25/2007
Montgomery;36;057;36057;13317;07/25/2007
Montgomery;36;057;36057;13320;07/25/2007
Montgomery;36;057;36057;13339;07/25/2007
Montgomery;36;057;36057;13410;07/25/2007
Montgomery;36;057;36057;13428;07/25/2007
Montgomery;36;057;36057;13452;07/25/2007
Montgomery;36;057;36057;13459;07/25/2007
Nassau;36;059;36059;11001;07/25/2007
Nassau;36;059;36059;11002;07/25/2007
Nassau;36;059;36059;11003;07/25/2007
Nassau;36;059;36059;11010;07/25/2007
Nassau;36;059;36059;11020;07/25/2007
Nassau;36;059;36059;11021;07/25/2007
Nassau;36;059;36059;11022;07/25/2007
Nassau;36;059;36059;11023;07/25/2007
Nassau;36;059;36059;11024;07/25/2007
Nassau;36;059;36059;11030;07/25/2007
Nassau;36;059;36059;11040;07/25/2007
Nassau;36;059;36059;11041;07/25/2007
Nassau;36;059;36059;11042;07/25/2007
Nassau;36;059;36059;11050;07/25/2007
Nassau;36;059;36059;11051;07/25/2007
Nassau;36;059;36059;11052;07/25/2007
Nassau;36;059;36059;11053;07/25/2007
Nassau;36;059;36059;11054;07/25/2007
Nassau;36;059;36059;11055;07/25/2007
Nassau;36;059;36059;11096;07/25/2007
Nassau;36;059;36059;11501;07/25/2007
Nassau;36;059;36059;11507;07/25/2007
Nassau;36;059;36059;11509;07/25/2007
Nassau;36;059;36059;11510;07/25/2007
Nassau;36;059;36059;11514;07/25/2007
Nassau;36;059;36059;11516;07/25/2007
Nassau;36;059;36059;11518;07/25/2007
Nassau;36;059;36059;11520;07/25/2007
Nassau;36;059;36059;11530;07/25/2007
Nassau;36;059;36059;11531;07/25/2007
Nassau;36;059;36059;11535;07/25/2007
Nassau;36;059;36059;11536;07/25/2007
Nassau;36;059;36059;11542;07/25/2007
Nassau;36;059;36059;11545;07/25/2007
Nassau;36;059;36059;11547;07/25/2007
Nassau;36;059;36059;11548;07/25/2007
Nassau;36;059;36059;11549;07/25/2007
Nassau;36;059;36059;11550;07/25/2007
Nassau;36;059;36059;11551;07/25/2007
Nassau;36;059;36059;11552;07/25/2007
Nassau;36;059;36059;11553;07/25/2007
Nassau;36;059;36059;11554;07/25/2007
Nassau;36;059;36059;11555;07/25/2007
Nassau;36;059;36059;11556;07/25/2007
Nassau;36;059;36059;11557;07/25/2007
Nassau;36;059;36059;11558;07/25/2007
Nassau;36;059;36059;11559;07/25/2007
Nassau;36;059;36059;11560;07/25/2007
Nassau;36;059;36059;11561;07/25/2007
Nassau;36;059;36059;11563;07/25/2007
Nassau;36;059;36059;11565;07/25/2007
Nassau;36;059;36059;11566;07/25/2007
Nassau;36;059;36059;11568;07/25/2007
Nassau;36;059;36059;11569;07/25/2007
Nassau;36;059;36059;11570;07/25/2007
Nassau;36;059;36059;11571;07/25/2007
Nassau;36;059;36059;11572;07/25/2007
Nassau;36;059;36059;11575;07/25/2007
Nassau;36;059;36059;11576;07/25/2007
Nassau;36;059;36059;11577;07/25/2007
Nassau;36;059;36059;11579;07/25/2007
Nassau;36;059;36059;11580;07/25/2007
Nassau;36;059;36059;11581;07/25/2007
Nassau;36;059;36059;11582;07/25/2007
Nassau;36;059;36059;11590;07/25/2007
Nassau;36;059;36059;11592;07/25/2007
Nassau;36;059;36059;11594;07/25/2007
Nassau;36;059;36059;11595;07/25/2007
Nassau;36;059;36059;11596;07/25/2007
Nassau;36;059;36059;11597;07/25/2007
Nassau;36;059;36059;11598;07/25/2007
Nassau;36;059;36059;11599;07/25/2007
Nassau;36;059;36059;11701;07/25/2007
Nassau;36;059;36059;11702;07/25/2007
Nassau;36;059;36059;11709;07/25/2007
Nassau;36;059;36059;11710;07/25/2007
Nassau;36;059;36059;11714;07/25/2007
Nassau;36;059;36059;11724;07/25/2007
Nassau;36;059;36059;11732;07/25/2007
Nassau;36;059;36059;11735;07/25/2007
Nassau;36;059;36059;11736;07/25/2007
Nassau;36;059;36059;11743;07/25/2007
Nassau;36;059;36059;11753;07/25/2007
Nassau;36;059;36059;11756;07/25/2007
Nassau;36;059;36059;11758;07/25/2007
Nassau;36;059;36059;11762;07/25/2007
Nassau;36;059;36059;11765;07/25/2007
Nassau;36;059;36059;11771;07/25/2007
Nassau;36;059;36059;11773;07/25/2007
Nassau;36;059;36059;11774;07/25/2007
Nassau;36;059;36059;11783;07/25/2007
Nassau;36;059;36059;11791;07/25/2007
Nassau;36;059;36059;11793;07/25/2007
Nassau;36;059;36059;11797;07/25/2007
Nassau;36;059;36059;11801;07/25/2007
Nassau;36;059;36059;11802;07/25/2007
Nassau;36;059;36059;11803;07/25/2007
Nassau;36;059;36059;11804;07/25/2007
Nassau;36;059;36059;11815;07/25/2007
Nassau;36;059;36059;11854;07/25/2007
Nassau;36;059;36059;11855;07/25/2007
New York;36;061;36061;10001;07/25/2007
New York;36;061;36061;10002;07/25/2007
New York;36;061;36061;10003;07/25/2007
New York;36;061;36061;10004;07/25/2007
New York;36;061;36061;10005;07/25/2007
New York;36;061;36061;10006;07/25/2007
New York;36;061;36061;10007;07/25/2007
New York;36;061;36061;10008;07/25/2007
New York;36;061;36061;10009;07/25/2007
New York;36;061;36061;10010;07/25/2007
New York;36;061;36061;10011;07/25/2007
New York;36;061;36061;10012;07/25/2007
New York;36;061;36061;10013;07/25/2007
New York;36;061;36061;10014;07/25/2007
New York;36;061;36061;10016;07/25/2007
New York;36;061;36061;10017;07/25/2007
New York;36;061;36061;10018;07/25/2007
New York;36;061;36061;10019;07/25/2007
New York;36;061;36061;10020;07/25/2007
New York;36;061;36061;10021;07/25/2007
New York;36;061;36061;10022;07/25/2007
New York;36;061;36061;10023;07/25/2007
New York;36;061;36061;10024;07/25/2007
New York;36;061;36061;10025;07/25/2007
New York;36;061;36061;10026;07/25/2007
New York;36;061;36061;10027;07/25/2007
New York;36;061;36061;10028;07/25/2007
New York;36;061;36061;10029;07/25/2007
New York;36;061;36061;10030;07/25/2007
New York;36;061;36061;10031;07/25/2007
New York;36;061;36061;10032;07/25/2007
New York;36;061;36061;10033;07/25/2007
New York;36;061;36061;10034;07/25/2007
New York;36;061;36061;10035;07/25/2007
New York;36;061;36061;10036;07/25/2007
New York;36;061;36061;10037;07/25/2007
New York;36;061;36061;10038;07/25/2007
New York;36;061;36061;10039;07/25/2007
New York;36;061;36061;10040;07/25/2007
New York;36;061;36061;10041;07/25/2007
New York;36;061;36061;10043;07/25/2007
New York;36;061;36061;10044;07/25/2007
New York;36;061;36061;10045;07/25/2007
New York;36;061;36061;10047;07/25/2007
New York;36;061;36061;10048;07/25/2007
New York;36;061;36061;10055;07/25/2007
New York;36;061;36061;10065;07/25/2007
New York;36;061;36061;10069;07/25/2007
New York;36;061;36061;10072;07/25/2007
New York;36;061;36061;10075;07/25/2007
New York;36;061;36061;10080;07/25/2007
New York;36;061;36061;10081;07/25/2007
New York;36;061;36061;10082;07/25/2007
New York;36;061;36061;10087;07/25/2007
New York;36;061;36061;10101;07/25/2007
New York;36;061;36061;10102;07/25/2007
New York;36;061;36061;10103;07/25/2007
New York;36;061;36061;10104;07/25/2007
New York;36;061;36061;10105;07/25/2007
New York;36;061;36061;10106;07/25/2007
New York;36;061;36061;10107;07/25/2007
New York;36;061;36061;10108;07/25/2007
New York;36;061;36061;10109;07/25/2007
New York;36;061;36061;10110;07/25/2007
New York;36;061;36061;10111;07/25/2007
New York;36;061;36061;10112;07/25/2007
New York;36;061;36061;10113;07/25/2007
New York;36;061;36061;10114;07/25/2007
New York;36;061;36061;10115;07/25/2007
New York;36;061;36061;10116;07/25/2007
New York;36;061;36061;10117;07/25/2007
New York;36;061;36061;10118;07/25/2007
New York;36;061;36061;10119;07/25/2007
New York;36;061;36061;10120;07/25/2007
New York;36;061;36061;10121;07/25/2007
New York;36;061;36061;10122;07/25/2007
New York;36;061;36061;10123;07/25/2007
New York;36;061;36061;10124;07/25/2007
New York;36;061;36061;10125;07/25/2007
New York;36;061;36061;10126;07/25/2007
New York;36;061;36061;10128;07/25/2007
New York;36;061;36061;10129;07/25/2007
New York;36;061;36061;10130;07/25/2007
New York;36;061;36061;10131;07/25/2007
New York;36;061;36061;10132;07/25/2007
New York;36;061;36061;10133;07/25/2007
New York;36;061;36061;10138;07/25/2007
New York;36;061;36061;10149;07/25/2007
New York;36;061;36061;10150;07/25/2007
New York;36;061;36061;10151;07/25/2007
New York;36;061;36061;10152;07/25/2007
New York;36;061;36061;10153;07/25/2007
New York;36;061;36061;10154;07/25/2007
New York;36;061;36061;10155;07/25/2007
New York;36;061;36061;10156;07/25/2007
New York;36;061;36061;10157;07/25/2007
New York;36;061;36061;10158;07/25/2007
New York;36;061;36061;10159;07/25/2007
New York;36;061;36061;10160;07/25/2007
New York;36;061;36061;10161;07/25/2007
New York;36;061;36061;10162;07/25/2007
New York;36;061;36061;10163;07/25/2007
New York;36;061;36061;10164;07/25/2007
New York;36;061;36061;10165;07/25/2007
New York;36;061;36061;10166;07/25/2007
New York;36;061;36061;10167;07/25/2007
New York;36;061;36061;10168;07/25/2007
New York;36;061;36061;10169;07/25/2007
New York;36;061;36061;10170;07/25/2007
New York;36;061;36061;10171;07/25/2007
New York;36;061;36061;10172;07/25/2007
New York;36;061;36061;10173;07/25/2007
New York;36;061;36061;10174;07/25/2007
New York;36;061;36061;10175;07/25/2007
New York;36;061;36061;10176;07/25/2007
New York;36;061;36061;10177;07/25/2007
New York;36;061;36061;10178;07/25/2007
New York;36;061;36061;10179;07/25/2007
New York;36;061;36061;10185;07/25/2007
New York;36;061;36061;10197;07/25/2007
New York;36;061;36061;10199;07/25/2007
New York;36;061;36061;10213;07/25/2007
New York;36;061;36061;10242;07/25/2007
New York;36;061;36061;10249;07/25/2007
New York;36;061;36061;10256;07/25/2007
New York;36;061;36061;10259;07/25/2007
New York;36;061;36061;10260;07/25/2007
New York;36;061;36061;10261;07/25/2007
New York;36;061;36061;10265;07/25/2007
New York;36;061;36061;10268;07/25/2007
New York;36;061;36061;10269;07/25/2007
New York;36;061;36061;10270;07/25/2007
New York;36;061;36061;10271;07/25/2007
New York;36;061;36061;10272;07/25/2007
New York;36;061;36061;10273;07/25/2007
New York;36;061;36061;10274;07/25/2007
New York;36;061;36061;10275;07/25/2007
New York;36;061;36061;10276;07/25/2007
New York;36;061;36061;10277;07/25/2007
New York;36;061;36061;10278;07/25/2007
New York;36;061;36061;10279;07/25/2007
New York;36;061;36061;10280;07/25/2007
New York;36;061;36061;10281;07/25/2007
New York;36;061;36061;10282;07/25/2007
New York;36;061;36061;10285;07/25/2007
New York;36;061;36061;10286;07/25/2007
New York;36;061;36061;10292;07/25/2007
New York;36;061;36061;10463;07/25/2007
New York;36;061;36061;11201;07/25/2007
Niagara;36;063;36063;14001;07/25/2007
Niagara;36;063;36063;14008;07/25/2007
Niagara;36;063;36063;14012;07/25/2007
Niagara;36;063;36063;14028;07/25/2007
Niagara;36;063;36063;14032;07/25/2007
Niagara;36;063;36063;14067;07/25/2007
Niagara;36;063;36063;14092;07/25/2007
Niagara;36;063;36063;14094;07/25/2007
Niagara;36;063;36063;14095;07/25/2007
Niagara;36;063;36063;14105;07/25/2007
Niagara;36;063;36063;14107;07/25/2007
Niagara;36;063;36063;14108;07/25/2007
Niagara;36;063;36063;14109;07/25/2007
Niagara;36;063;36063;14120;07/25/2007
Niagara;36;063;36063;14126;07/25/2007
Niagara;36;063;36063;14131;07/25/2007
Niagara;36;063;36063;14132;07/25/2007
Niagara;36;063;36063;14144;07/25/2007
Niagara;36;063;36063;14172;07/25/2007
Niagara;36;063;36063;14174;07/25/2007
Niagara;36;063;36063;14301;07/25/2007
Niagara;36;063;36063;14302;07/25/2007
Niagara;36;063;36063;14303;07/25/2007
Niagara;36;063;36063;14304;07/25/2007
Niagara;36;063;36063;14305;07/25/2007
Oneida;36;065;36065;13032;07/25/2007
Oneida;36;065;36065;13042;07/25/2007
Oneida;36;065;36065;13054;07/25/2007
Oneida;36;065;36065;13123;07/25/2007
Oneida;36;065;36065;13157;07/25/2007
Oneida;36;065;36065;13162;07/25/2007
Oneida;36;065;36065;13301;07/25/2007
Oneida;36;065;36065;13303;07/25/2007
Oneida;36;065;36065;13304;07/25/2007
Oneida;36;065;36065;13308;07/25/2007
Oneida;36;065;36065;13309;07/25/2007
Oneida;36;065;36065;13313;07/25/2007
Oneida;36;065;36065;13316;07/25/2007
Oneida;36;065;36065;13318;07/25/2007
Oneida;36;065;36065;13319;07/25/2007
Oneida;36;065;36065;13321;07/25/2007
Oneida;36;065;36065;13322;07/25/2007
Oneida;36;065;36065;13323;07/25/2007
Oneida;36;065;36065;13328;07/25/2007
Oneida;36;065;36065;13338;07/25/2007
Oneida;36;065;36065;13340;07/25/2007
Oneida;36;065;36065;13341;07/25/2007
Oneida;36;065;36065;13352;07/25/2007
Oneida;36;065;36065;13354;07/25/2007
Oneida;36;065;36065;13362;07/25/2007
Oneida;36;065;36065;13363;07/25/2007
Oneida;36;065;36065;13401;07/25/2007
Oneida;36;065;36065;13402;07/25/2007
Oneida;36;065;36065;13403;07/25/2007
Oneida;36;065;36065;13409;07/25/2007
Oneida;36;065;36065;13413;07/25/2007
Oneida;36;065;36065;13417;07/25/2007
Oneida;36;065;36065;13421;07/25/2007
Oneida;36;065;36065;13424;07/25/2007
Oneida;36;065;36065;13425;07/25/2007
Oneida;36;065;36065;13431;07/25/2007
Oneida;36;065;36065;13435;07/25/2007
Oneida;36;065;36065;13438;07/25/2007
Oneida;36;065;36065;13440;07/25/2007
Oneida;36;065;36065;13441;07/25/2007
Oneida;36;065;36065;13442;07/25/2007
Oneida;36;065;36065;13455;07/25/2007
Oneida;36;065;36065;13456;07/25/2007
Oneida;36;065;36065;13461;07/25/2007
Oneida;36;065;36065;13469;07/25/2007
Oneida;36;065;36065;13471;07/25/2007
Oneida;36;065;36065;13476;07/25/2007
Oneida;36;065;36065;13477;07/25/2007
Oneida;36;065;36065;13478;07/25/2007
Oneida;36;065;36065;13479;07/25/2007
Oneida;36;065;36065;13480;07/25/2007
Oneida;36;065;36065;13483;07/25/2007
Oneida;36;065;36065;13486;07/25/2007
Oneida;36;065;36065;13490;07/25/2007
Oneida;36;065;36065;13492;07/25/2007
Oneida;36;065;36065;13494;07/25/2007
Oneida;36;065;36065;13495;07/25/2007
Oneida;36;065;36065;13501;07/25/2007
Oneida;36;065;36065;13502;07/25/2007
Oneida;36;065;36065;13503;07/25/2007
Oneida;36;065;36065;13504;07/25/2007
Oneida;36;065;36065;13505;07/25/2007
Oneida;36;065;36065;13599;07/25/2007
Onondaga;36;067;36067;13020;07/25/2007
Onondaga;36;067;36067;13027;07/25/2007
Onondaga;36;067;36067;13029;07/25/2007
Onondaga;36;067;36067;13030;07/25/2007
Onondaga;36;067;36067;13031;07/25/2007
Onondaga;36;067;36067;13035;07/25/2007
Onondaga;36;067;36067;13036;07/25/2007
Onondaga;36;067;36067;13037;07/25/2007
Onondaga;36;067;36067;13039;07/25/2007
Onondaga;36;067;36067;13041;07/25/2007
Onondaga;36;067;36067;13051;07/25/2007
Onondaga;36;067;36067;13057;07/25/2007
Onondaga;36;067;36067;13060;07/25/2007
Onondaga;36;067;36067;13063;07/25/2007
Onondaga;36;067;36067;13066;07/25/2007
Onondaga;36;067;36067;13069;07/25/2007
Onondaga;36;067;36067;13077;07/25/2007
Onondaga;36;067;36067;13078;07/25/2007
Onondaga;36;067;36067;13080;07/25/2007
Onondaga;36;067;36067;13082;07/25/2007
Onondaga;36;067;36067;13084;07/25/2007
Onondaga;36;067;36067;13088;07/25/2007
Onondaga;36;067;36067;13089;07/25/2007
Onondaga;36;067;36067;13090;07/25/2007
Onondaga;36;067;36067;13104;07/25/2007
Onondaga;36;067;36067;13108;07/25/2007
Onondaga;36;067;36067;13110;07/25/2007
Onondaga;36;067;36067;13112;07/25/2007
Onondaga;36;067;36067;13116;07/25/2007
Onondaga;36;067;36067;13119;07/25/2007
Onondaga;36;067;36067;13120;07/25/2007
Onondaga;36;067;36067;13122;07/25/2007
Onondaga;36;067;36067;13135;07/25/2007
Onondaga;36;067;36067;13137;07/25/2007
Onondaga;36;067;36067;13138;07/25/2007
Onondaga;36;067;36067;13141;07/25/2007
Onondaga;36;067;36067;13152;07/25/2007
Onondaga;36;067;36067;13153;07/25/2007
Onondaga;36;067;36067;13158;07/25/2007
Onondaga;36;067;36067;13159;07/25/2007
Onondaga;36;067;36067;13164;07/25/2007
Onondaga;36;067;36067;13166;07/25/2007
Onondaga;36;067;36067;13201;07/25/2007
Onondaga;36;067;36067;13202;07/25/2007
Onondaga;36;067;36067;13203;07/25/2007
Onondaga;36;067;36067;13204;07/25/2007
Onondaga;36;067;36067;13205;07/25/2007
Onondaga;36;067;36067;13206;07/25/2007
Onondaga;36;067;36067;13207;07/25/2007
Onondaga;36;067;36067;13208;07/25/2007
Onondaga;36;067;36067;13209;07/25/2007
Onondaga;36;067;36067;13210;07/25/2007
Onondaga;36;067;36067;13211;07/25/2007
Onondaga;36;067;36067;13212;07/25/2007
Onondaga;36;067;36067;13214;07/25/2007
Onondaga;36;067;36067;13215;07/25/2007
Onondaga;36;067;36067;13217;07/25/2007
Onondaga;36;067;36067;13218;07/25/2007
Onondaga;36;067;36067;13219;07/25/2007
Onondaga;36;067;36067;13220;07/25/2007
Onondaga;36;067;36067;13221;07/25/2007
Onondaga;36;067;36067;13224;07/25/2007
Onondaga;36;067;36067;13225;07/25/2007
Onondaga;36;067;36067;13235;07/25/2007
Onondaga;36;067;36067;13244;07/25/2007
Onondaga;36;067;36067;13250;07/25/2007
Onondaga;36;067;36067;13251;07/25/2007
Onondaga;36;067;36067;13252;07/25/2007
Onondaga;36;067;36067;13261;07/25/2007
Onondaga;36;067;36067;13290;07/25/2007
Ontario;36;069;36069;14424;07/25/2007
Ontario;36;069;36069;14425;07/25/2007
Ontario;36;069;36069;14432;07/25/2007
Ontario;36;069;36069;14443;07/25/2007
Ontario;36;069;36069;14453;07/25/2007
Ontario;36;069;36069;14456;07/25/2007
Ontario;36;069;36069;14461;07/25/2007
Ontario;36;069;36069;14463;07/25/2007
Ontario;36;069;36069;14466;07/25/2007
Ontario;36;069;36069;14469;07/25/2007
Ontario;36;069;36069;14471;07/25/2007
Ontario;36;069;36069;14472;07/25/2007
Ontario;36;069;36069;14475;07/25/2007
Ontario;36;069;36069;14485;07/25/2007
Ontario;36;069;36069;14487;07/25/2007
Ontario;36;069;36069;14489;07/25/2007
Ontario;36;069;36069;14504;07/25/2007
Ontario;36;069;36069;14512;07/25/2007
Ontario;36;069;36069;14513;07/25/2007
Ontario;36;069;36069;14518;07/25/2007
Ontario;36;069;36069;14522;07/25/2007
Ontario;36;069;36069;14532;07/25/2007
Ontario;36;069;36069;14534;07/25/2007
Ontario;36;069;36069;14537;07/25/2007
Ontario;36;069;36069;14544;07/25/2007
Ontario;36;069;36069;14547;07/25/2007
Ontario;36;069;36069;14548;07/25/2007
Ontario;36;069;36069;14560;07/25/2007
Ontario;36;069;36069;14561;07/25/2007
Ontario;36;069;36069;14564;07/25/2007
Ontario;36;069;36069;14585;07/25/2007
Orange;36;071;36071;10910;07/25/2007
Orange;36;071;36071;10912;07/25/2007
Orange;36;071;36071;10914;07/25/2007
Orange;36;071;36071;10915;07/25/2007
Orange;36;071;36071;10916;07/25/2007
Orange;36;071;36071;10917;07/25/2007
Orange;36;071;36071;10918;07/25/2007
Orange;36;071;36071;10919;07/25/2007
Orange;36;071;36071;10921;07/25/2007
Orange;36;071;36071;10922;07/25/2007
Orange;36;071;36071;10924;07/25/2007
Orange;36;071;36071;10925;07/25/2007
Orange;36;071;36071;10926;07/25/2007
Orange;36;071;36071;10928;07/25/2007
Orange;36;071;36071;10930;07/25/2007
Orange;36;071;36071;10932;07/25/2007
Orange;36;071;36071;10933;07/25/2007
Orange;36;071;36071;10940;07/25/2007
Orange;36;071;36071;10941;07/25/2007
Orange;36;071;36071;10943;07/25/2007
Orange;36;071;36071;10949;07/25/2007
Orange;36;071;36071;10950;07/25/2007
Orange;36;071;36071;10953;07/25/2007
Orange;36;071;36071;10958;07/25/2007
Orange;36;071;36071;10959;07/25/2007
Orange;36;071;36071;10963;07/25/2007
Orange;36;071;36071;10969;07/25/2007
Orange;36;071;36071;10973;07/25/2007
Orange;36;071;36071;10974;07/25/2007
Orange;36;071;36071;10975;07/25/2007
Orange;36;071;36071;10979;07/25/2007
Orange;36;071;36071;10981;07/25/2007
Orange;36;071;36071;10985;07/25/2007
Orange;36;071;36071;10987;07/25/2007
Orange;36;071;36071;10988;07/25/2007
Orange;36;071;36071;10990;07/25/2007
Orange;36;071;36071;10992;07/25/2007
Orange;36;071;36071;10996;07/25/2007
Orange;36;071;36071;10997;07/25/2007
Orange;36;071;36071;10998;07/25/2007
Orange;36;071;36071;12518;07/25/2007
Orange;36;071;36071;12520;07/25/2007
Orange;36;071;36071;12542;07/25/2007
Orange;36;071;36071;12543;07/25/2007
Orange;36;071;36071;12549;07/25/2007
Orange;36;071;36071;12550;07/25/2007
Orange;36;071;36071;12551;07/25/2007
Orange;36;071;36071;12552;07/25/2007
Orange;36;071;36071;12553;07/25/2007
Orange;36;071;36071;12555;07/25/2007
Orange;36;071;36071;12566;07/25/2007
Orange;36;071;36071;12575;07/25/2007
Orange;36;071;36071;12577;07/25/2007
Orange;36;071;36071;12584;07/25/2007
Orange;36;071;36071;12586;07/25/2007
Orange;36;071;36071;12589;07/25/2007
Orange;36;071;36071;12721;07/25/2007
Orange;36;071;36071;12729;07/25/2007
Orange;36;071;36071;12746;07/25/2007
Orange;36;071;36071;12771;07/25/2007
Orange;36;071;36071;12780;07/25/2007
Orange;36;071;36071;12785;07/25/2007
Orleans;36;073;36073;14058;07/25/2007
Orleans;36;073;36073;14098;07/25/2007
Orleans;36;073;36073;14103;07/25/2007
Orleans;36;073;36073;14105;07/25/2007
Orleans;36;073;36073;14125;07/25/2007
Orleans;36;073;36073;14411;07/25/2007
Orleans;36;073;36073;14416;07/25/2007
Orleans;36;073;36073;14420;07/25/2007
Orleans;36;073;36073;14422;07/25/2007
Orleans;36;073;36073;14429;07/25/2007
Orleans;36;073;36073;14452;07/25/2007
Orleans;36;073;36073;14470;07/25/2007
Orleans;36;073;36073;14476;07/25/2007
Orleans;36;073;36073;14477;07/25/2007
Orleans;36;073;36073;14479;07/25/2007
Orleans;36;073;36073;14571;07/25/2007
Oswego;36;075;36075;13028;07/25/2007
Oswego;36;075;36075;13036;07/25/2007
Oswego;36;075;36075;13042;07/25/2007
Oswego;36;075;36075;13044;07/25/2007
Oswego;36;075;36075;13069;07/25/2007
Oswego;36;075;36075;13074;07/25/2007
Oswego;36;075;36075;13076;07/25/2007
Oswego;36;075;36075;13083;07/25/2007
Oswego;36;075;36075;13093;07/25/2007
Oswego;36;075;36075;13103;07/25/2007
Oswego;36;075;36075;13107;07/25/2007
Oswego;36;075;36075;13111;07/25/2007
Oswego;36;075;36075;13114;07/25/2007
Oswego;36;075;36075;13115;07/25/2007
Oswego;36;075;36075;13121;07/25/2007
Oswego;36;075;36075;13126;07/25/2007
Oswego;36;075;36075;13131;07/25/2007
Oswego;36;075;36075;13132;07/25/2007
Oswego;36;075;36075;13135;07/25/2007
Oswego;36;075;36075;13142;07/25/2007
Oswego;36;075;36075;13144;07/25/2007
Oswego;36;075;36075;13145;07/25/2007
Oswego;36;075;36075;13167;07/25/2007
Oswego;36;075;36075;13302;07/25/2007
Oswego;36;075;36075;13316;07/25/2007
Oswego;36;075;36075;13426;07/25/2007
Oswego;36;075;36075;13437;07/25/2007
Oswego;36;075;36075;13483;07/25/2007
Oswego;36;075;36075;13493;07/25/2007
Oswego;36;075;36075;13661;07/25/2007
Otsego;36;077;36077;12036;07/25/2007
Otsego;36;077;36077;12043;07/25/2007
Otsego;36;077;36077;12064;07/25/2007
Otsego;36;077;36077;12116;07/25/2007
Otsego;36;077;36077;12149;07/25/2007
Otsego;36;077;36077;12155;07/25/2007
Otsego;36;077;36077;12197;07/25/2007
Otsego;36;077;36077;13315;07/25/2007
Otsego;36;077;36077;13317;07/25/2007
Otsego;36;077;36077;13320;07/25/2007
Otsego;36;077;36077;13326;07/25/2007
Otsego;36;077;36077;13333;07/25/2007
Otsego;36;077;36077;13335;07/25/2007
Otsego;36;077;36077;13337;07/25/2007
Otsego;36;077;36077;13342;07/25/2007
Otsego;36;077;36077;13348;07/25/2007
Otsego;36;077;36077;13361;07/25/2007
Otsego;36;077;36077;13411;07/25/2007
Otsego;36;077;36077;13415;07/25/2007
Otsego;36;077;36077;13439;07/25/2007
Otsego;36;077;36077;13450;07/25/2007
Otsego;36;077;36077;13457;07/25/2007
Otsego;36;077;36077;13468;07/25/2007
Otsego;36;077;36077;13482;07/25/2007
Otsego;36;077;36077;13485;07/25/2007
Otsego;36;077;36077;13488;07/25/2007
Otsego;36;077;36077;13491;07/25/2007
Otsego;36;077;36077;13733;07/25/2007
Otsego;36;077;36077;13747;07/25/2007
Otsego;36;077;36077;13750;07/25/2007
Otsego;36;077;36077;13776;07/25/2007
Otsego;36;077;36077;13796;07/25/2007
Otsego;36;077;36077;13807;07/25/2007
Otsego;36;077;36077;13808;07/25/2007
Otsego;36;077;36077;13809;07/25/2007
Otsego;36;077;36077;13810;07/25/2007
Otsego;36;077;36077;13820;07/25/2007
Otsego;36;077;36077;13825;07/25/2007
Otsego;36;077;36077;13834;07/25/2007
Otsego;36;077;36077;13838;07/25/2007
Otsego;36;077;36077;13843;07/25/2007
Otsego;36;077;36077;13849;07/25/2007
Otsego;36;077;36077;13859;07/25/2007
Otsego;36;077;36077;13861;07/25/2007
Putnam;36;079;36079;10509;07/25/2007
Putnam;36;079;36079;10512;07/25/2007
Putnam;36;079;36079;10516;07/25/2007
Putnam;36;079;36079;10524;07/25/2007
Putnam;36;079;36079;10537;07/25/2007
Putnam;36;079;36079;10541;07/25/2007
Putnam;36;079;36079;10542;07/25/2007
Putnam;36;079;36079;10560;07/25/2007
Putnam;36;079;36079;10579;07/25/2007
Putnam;36;079;36079;12524;07/25/2007
Putnam;36;079;36079;12531;07/25/2007
Putnam;36;079;36079;12533;07/25/2007
Putnam;36;079;36079;12563;07/25/2007
Putnam;36;079;36079;12564;07/25/2007
Putnam;36;079;36079;12582;07/25/2007
Queens;36;081;36081;11001;07/25/2007
Queens;36;081;36081;11004;07/25/2007
Queens;36;081;36081;11005;07/25/2007
Queens;36;081;36081;11040;07/25/2007
Queens;36;081;36081;11096;07/25/2007
Queens;36;081;36081;11101;07/25/2007
Queens;36;081;36081;11102;07/25/2007
Queens;36;081;36081;11103;07/25/2007
Queens;36;081;36081;11104;07/25/2007
Queens;36;081;36081;11105;07/25/2007
Queens;36;081;36081;11106;07/25/2007
Queens;36;081;36081;11109;07/25/2007
Queens;36;081;36081;11239;07/25/2007
Queens;36;081;36081;11351;07/25/2007
Queens;36;081;36081;11352;07/25/2007
Queens;36;081;36081;11354;07/25/2007
Queens;36;081;36081;11355;07/25/2007
Queens;36;081;36081;11356;07/25/2007
Queens;36;081;36081;11357;07/25/2007
Queens;36;081;36081;11358;07/25/2007
Queens;36;081;36081;11359;07/25/2007
Queens;36;081;36081;11360;07/25/2007
Queens;36;081;36081;11361;07/25/2007
Queens;36;081;36081;11362;07/25/2007
Queens;36;081;36081;11363;07/25/2007
Queens;36;081;36081;11364;07/25/2007
Queens;36;081;36081;11365;07/25/2007
Queens;36;081;36081;11366;07/25/2007
Queens;36;081;36081;11367;07/25/2007
Queens;36;081;36081;11368;07/25/2007
Queens;36;081;36081;11369;07/25/2007
Queens;36;081;36081;11370;07/25/2007
Queens;36;081;36081;11371;07/25/2007
Queens;36;081;36081;11372;07/25/2007
Queens;36;081;36081;11373;07/25/2007
Queens;36;081;36081;11374;07/25/2007
Queens;36;081;36081;11375;07/25/2007
Queens;36;081;36081;11377;07/25/2007
Queens;36;081;36081;11378;07/25/2007
Queens;36;081;36081;11379;07/25/2007
Queens;36;081;36081;11380;07/25/2007
Queens;36;081;36081;11381;07/25/2007
Queens;36;081;36081;11385;07/25/2007
Queens;36;081;36081;11386;07/25/2007
Queens;36;081;36081;11405;07/25/2007
Queens;36;081;36081;11411;07/25/2007
Queens;36;081;36081;11412;07/25/2007
Queens;36;081;36081;11413;07/25/2007
Queens;36;081;36081;11414;07/25/2007
Queens;36;081;36081;11415;07/25/2007
Queens;36;081;36081;11416;07/25/2007
Queens;36;081;36081;11417;07/25/2007
Queens;36;081;36081;11418;07/25/2007
Queens;36;081;36081;11419;07/25/2007
Queens;36;081;36081;11420;07/25/2007
Queens;36;081;36081;11421;07/25/2007
Queens;36;081;36081;11422;07/25/2007
Queens;36;081;36081;11423;07/25/2007
Queens;36;081;36081;11424;07/25/2007
Queens;36;081;36081;11425;07/25/2007
Queens;36;081;36081;11426;07/25/2007
Queens;36;081;36081;11427;07/25/2007
Queens;36;081;36081;11428;07/25/2007
Queens;36;081;36081;11429;07/25/2007
Queens;36;081;36081;11430;07/25/2007
Queens;36;081;36081;11431;07/25/2007
Queens;36;081;36081;11432;07/25/2007
Queens;36;081;36081;11433;07/25/2007
Queens;36;081;36081;11434;07/25/2007
Queens;36;081;36081;11435;07/25/2007
Queens;36;081;36081;11436;07/25/2007
Queens;36;081;36081;11439;07/25/2007
Queens;36;081;36081;11451;07/25/2007
Queens;36;081;36081;11499;07/25/2007
Queens;36;081;36081;11559;07/25/2007
Queens;36;081;36081;11580;07/25/2007
Queens;36;081;36081;11690;07/25/2007
Queens;36;081;36081;11691;07/25/2007
Queens;36;081;36081;11692;07/25/2007
Queens;36;081;36081;11693;07/25/2007
Queens;36;081;36081;11694;07/25/2007
Queens;36;081;36081;11695;07/25/2007
Queens;36;081;36081;11697;07/25/2007
Rensselaer;36;083;36083;12018;07/25/2007
Rensselaer;36;083;36083;12022;07/25/2007
Rensselaer;36;083;36083;12028;07/25/2007
Rensselaer;36;083;36083;12033;07/25/2007
Rensselaer;36;083;36083;12040;07/25/2007
Rensselaer;36;083;36083;12052;07/25/2007
Rensselaer;36;083;36083;12057;07/25/2007
Rensselaer;36;083;36083;12061;07/25/2007
Rensselaer;36;083;36083;12062;07/25/2007
Rensselaer;36;083;36083;12063;07/25/2007
Rensselaer;36;083;36083;12082;07/25/2007
Rensselaer;36;083;36083;12089;07/25/2007
Rensselaer;36;083;36083;12090;07/25/2007
Rensselaer;36;083;36083;12094;07/25/2007
Rensselaer;36;083;36083;12118;07/25/2007
Rensselaer;36;083;36083;12121;07/25/2007
Rensselaer;36;083;36083;12123;07/25/2007
Rensselaer;36;083;36083;12133;07/25/2007
Rensselaer;36;083;36083;12138;07/25/2007
Rensselaer;36;083;36083;12140;07/25/2007
Rensselaer;36;083;36083;12144;07/25/2007
Rensselaer;36;083;36083;12153;07/25/2007
Rensselaer;36;083;36083;12154;07/25/2007
Rensselaer;36;083;36083;12156;07/25/2007
Rensselaer;36;083;36083;12168;07/25/2007
Rensselaer;36;083;36083;12169;07/25/2007
Rensselaer;36;083;36083;12180;07/25/2007
Rensselaer;36;083;36083;12181;07/25/2007
Rensselaer;36;083;36083;12182;07/25/2007
Rensselaer;36;083;36083;12184;07/25/2007
Rensselaer;36;083;36083;12185;07/25/2007
Rensselaer;36;083;36083;12196;07/25/2007
Rensselaer;36;083;36083;12198;07/25/2007
Richmond;36;085;36085;10301;07/25/2007
Richmond;36;085;36085;10302;07/25/2007
Richmond;36;085;36085;10303;07/25/2007
Richmond;36;085;36085;10304;07/25/2007
Richmond;36;085;36085;10305;07/25/2007
Richmond;36;085;36085;10306;07/25/2007
Richmond;36;085;36085;10307;07/25/2007
Richmond;36;085;36085;10308;07/25/2007
Richmond;36;085;36085;10309;07/25/2007
Richmond;36;085;36085;10310;07/25/2007
Richmond;36;085;36085;10311;07/25/2007
Richmond;36;085;36085;10312;07/25/2007
Richmond;36;085;36085;10313;07/25/2007
Richmond;36;085;36085;10314;07/25/2007
Rockland;36;087;36087;10901;07/25/2007
Rockland;36;087;36087;10911;07/25/2007
Rockland;36;087;36087;10913;07/25/2007
Rockland;36;087;36087;10920;07/25/2007
Rockland;36;087;36087;10923;07/25/2007
Rockland;36;087;36087;10927;07/25/2007
Rockland;36;087;36087;10931;07/25/2007
Rockland;36;087;36087;10952;07/25/2007
Rockland;36;087;36087;10954;07/25/2007
Rockland;36;087;36087;10956;07/25/2007
Rockland;36;087;36087;10960;07/25/2007
Rockland;36;087;36087;10962;07/25/2007
Rockland;36;087;36087;10964;07/25/2007
Rockland;36;087;36087;10965;07/25/2007
Rockland;36;087;36087;10968;07/25/2007
Rockland;36;087;36087;10970;07/25/2007
Rockland;36;087;36087;10974;07/25/2007
Rockland;36;087;36087;10976;07/25/2007
Rockland;36;087;36087;10977;07/25/2007
Rockland;36;087;36087;10980;07/25/2007
Rockland;36;087;36087;10982;07/25/2007
Rockland;36;087;36087;10983;07/25/2007
Rockland;36;087;36087;10984;07/25/2007
Rockland;36;087;36087;10986;07/25/2007
Rockland;36;087;36087;10987;07/25/2007
Rockland;36;087;36087;10989;07/25/2007
Rockland;36;087;36087;10993;07/25/2007
Rockland;36;087;36087;10994;07/25/2007
Saratoga;36;091;36091;12010;07/25/2007
Saratoga;36;091;36091;12019;07/25/2007
Saratoga;36;091;36091;12020;07/25/2007
Saratoga;36;091;36091;12025;07/25/2007
Saratoga;36;091;36091;12027;07/25/2007
Saratoga;36;091;36091;12065;07/25/2007
Saratoga;36;091;36091;12074;07/25/2007
Saratoga;36;091;36091;12086;07/25/2007
Saratoga;36;091;36091;12118;07/25/2007
Saratoga;36;091;36091;12134;07/25/2007
Saratoga;36;091;36091;12148;07/25/2007
Saratoga;36;091;36091;12151;07/25/2007
Saratoga;36;091;36091;12170;07/25/2007
Saratoga;36;091;36091;12188;07/25/2007
Saratoga;36;091;36091;12302;07/25/2007
Saratoga;36;091;36091;12803;07/25/2007
Saratoga;36;091;36091;12822;07/25/2007
Saratoga;36;091;36091;12828;07/25/2007
Saratoga;36;091;36091;12831;07/25/2007
Saratoga;36;091;36091;12833;07/25/2007
Saratoga;36;091;36091;12835;07/25/2007
Saratoga;36;091;36091;12850;07/25/2007
Saratoga;36;091;36091;12859;07/25/2007
Saratoga;36;091;36091;12863;07/25/2007
Saratoga;36;091;36091;12866;07/25/2007
Saratoga;36;091;36091;12871;07/25/2007
Saratoga;36;091;36091;12884;07/25/2007
Schenectady;36;093;36093;12008;07/25/2007
Schenectady;36;093;36093;12009;07/25/2007
Schenectady;36;093;36093;12019;07/25/2007
Schenectady;36;093;36093;12027;07/25/2007
Schenectady;36;093;36093;12053;07/25/2007
Schenectady;36;093;36093;12056;07/25/2007
Schenectady;36;093;36093;12066;07/25/2007
Schenectady;36;093;36093;12137;07/25/2007
Schenectady;36;093;36093;12141;07/25/2007
Schenectady;36;093;36093;12150;07/25/2007
Schenectady;36;093;36093;12157;07/25/2007
Schenectady;36;093;36093;12301;07/25/2007
Schenectady;36;093;36093;12302;07/25/2007
Schenectady;36;093;36093;12303;07/25/2007
Schenectady;36;093;36093;12304;07/25/2007
Schenectady;36;093;36093;12305;07/25/2007
Schenectady;36;093;36093;12306;07/25/2007
Schenectady;36;093;36093;12307;07/25/2007
Schenectady;36;093;36093;12308;07/25/2007
Schenectady;36;093;36093;12309;07/25/2007
Schenectady;36;093;36093;12325;07/25/2007
Schenectady;36;093;36093;12345;07/25/2007
Schoharie;36;095;36095;12023;07/25/2007
Schoharie;36;095;36095;12031;07/25/2007
Schoharie;36;095;36095;12035;07/25/2007
Schoharie;36;095;36095;12036;07/25/2007
Schoharie;36;095;36095;12043;07/25/2007
Schoharie;36;095;36095;12053;07/25/2007
Schoharie;36;095;36095;12064;07/25/2007
Schoharie;36;095;36095;12066;07/25/2007
Schoharie;36;095;36095;12071;07/25/2007
Schoharie;36;095;36095;12073;07/25/2007
Schoharie;36;095;36095;12076;07/25/2007
Schoharie;36;095;36095;12092;07/25/2007
Schoharie;36;095;36095;12093;07/25/2007
Schoharie;36;095;36095;12122;07/25/2007
Schoharie;36;095;36095;12131;07/25/2007
Schoharie;36;095;36095;12149;07/25/2007
Schoharie;36;095;36095;12157;07/25/2007
Schoharie;36;095;36095;12160;07/25/2007
Schoharie;36;095;36095;12166;07/25/2007
Schoharie;36;095;36095;12167;07/25/2007
Schoharie;36;095;36095;12175;07/25/2007
Schoharie;36;095;36095;12187;07/25/2007
Schoharie;36;095;36095;12194;07/25/2007
Schoharie;36;095;36095;12469;07/25/2007
Schoharie;36;095;36095;13320;07/25/2007
Schoharie;36;095;36095;13459;07/25/2007
Schuyler;36;097;36097;14805;07/25/2007
Schuyler;36;097;36097;14812;07/25/2007
Schuyler;36;097;36097;14815;07/25/2007
Schuyler;36;097;36097;14818;07/25/2007
Schuyler;36;097;36097;14824;07/25/2007
Schuyler;36;097;36097;14837;07/25/2007
Schuyler;36;097;36097;14838;07/25/2007
Schuyler;36;097;36097;14840;07/25/2007
Schuyler;36;097;36097;14841;07/25/2007
Schuyler;36;097;36097;14845;07/25/2007
Schuyler;36;097;36097;14863;07/25/2007
Schuyler;36;097;36097;14864;07/25/2007
Schuyler;36;097;36097;14865;07/25/2007
Schuyler;36;097;36097;14869;07/25/2007
Schuyler;36;097;36097;14870;07/25/2007
Schuyler;36;097;36097;14876;07/25/2007
Schuyler;36;097;36097;14878;07/25/2007
Schuyler;36;097;36097;14886;07/25/2007
Schuyler;36;097;36097;14887;07/25/2007
Schuyler;36;097;36097;14889;07/25/2007
Schuyler;36;097;36097;14891;07/25/2007
Schuyler;36;097;36097;14893;07/25/2007
Seneca;36;099;36099;13065;07/25/2007
Seneca;36;099;36099;13146;07/25/2007
Seneca;36;099;36099;13148;07/25/2007
Seneca;36;099;36099;13165;07/25/2007
Seneca;36;099;36099;14433;07/25/2007
Seneca;36;099;36099;14456;07/25/2007
Seneca;36;099;36099;14489;07/25/2007
Seneca;36;099;36099;14521;07/25/2007
Seneca;36;099;36099;14532;07/25/2007
Seneca;36;099;36099;14541;07/25/2007
Seneca;36;099;36099;14588;07/25/2007
Seneca;36;099;36099;14841;07/25/2007
Seneca;36;099;36099;14847;07/25/2007
Seneca;36;099;36099;14860;07/25/2007
Seneca;36;099;36099;14886;07/25/2007
Steuben;36;101;36101;14418;07/25/2007
Steuben;36;101;36101;14437;07/25/2007
Steuben;36;101;36101;14512;07/25/2007
Steuben;36;101;36101;14529;07/25/2007
Steuben;36;101;36101;14572;07/25/2007
Steuben;36;101;36101;14801;07/25/2007
Steuben;36;101;36101;14803;07/25/2007
Steuben;36;101;36101;14806;07/25/2007
Steuben;36;101;36101;14807;07/25/2007
Steuben;36;101;36101;14808;07/25/2007
Steuben;36;101;36101;14809;07/25/2007
Steuben;36;101;36101;14810;07/25/2007
Steuben;36;101;36101;14812;07/25/2007
Steuben;36;101;36101;14814;07/25/2007
Steuben;36;101;36101;14815;07/25/2007
Steuben;36;101;36101;14819;07/25/2007
Steuben;36;101;36101;14820;07/25/2007
Steuben;36;101;36101;14821;07/25/2007
Steuben;36;101;36101;14823;07/25/2007
Steuben;36;101;36101;14826;07/25/2007
Steuben;36;101;36101;14827;07/25/2007
Steuben;36;101;36101;14830;07/25/2007
Steuben;36;101;36101;14831;07/25/2007
Steuben;36;101;36101;14837;07/25/2007
Steuben;36;101;36101;14839;07/25/2007
Steuben;36;101;36101;14840;07/25/2007
Steuben;36;101;36101;14843;07/25/2007
Steuben;36;101;36101;14855;07/25/2007
Steuben;36;101;36101;14856;07/25/2007
Steuben;36;101;36101;14858;07/25/2007
Steuben;36;101;36101;14870;07/25/2007
Steuben;36;101;36101;14871;07/25/2007
Steuben;36;101;36101;14873;07/25/2007
Steuben;36;101;36101;14874;07/25/2007
Steuben;36;101;36101;14877;07/25/2007
Steuben;36;101;36101;14879;07/25/2007
Steuben;36;101;36101;14885;07/25/2007
Steuben;36;101;36101;14897;07/25/2007
Steuben;36;101;36101;14898;07/25/2007
St. Lawrence;36;089;36089;12914;07/25/2007
St. Lawrence;36;089;36089;12922;07/25/2007
St. Lawrence;36;089;36089;12927;07/25/2007
St. Lawrence;36;089;36089;12930;07/25/2007
St. Lawrence;36;089;36089;12949;07/25/2007
St. Lawrence;36;089;36089;12957;07/25/2007
St. Lawrence;36;089;36089;12965;07/25/2007
St. Lawrence;36;089;36089;12967;07/25/2007
St. Lawrence;36;089;36089;12973;07/25/2007
St. Lawrence;36;089;36089;12980;07/25/2007
St. Lawrence;36;089;36089;12986;07/25/2007
St. Lawrence;36;089;36089;13608;07/25/2007
St. Lawrence;36;089;36089;13613;07/25/2007
St. Lawrence;36;089;36089;13614;07/25/2007
St. Lawrence;36;089;36089;13617;07/25/2007
St. Lawrence;36;089;36089;13621;07/25/2007
St. Lawrence;36;089;36089;13623;07/25/2007
St. Lawrence;36;089;36089;13625;07/25/2007
St. Lawrence;36;089;36089;13630;07/25/2007
St. Lawrence;36;089;36089;13633;07/25/2007
St. Lawrence;36;089;36089;13635;07/25/2007
St. Lawrence;36;089;36089;13639;07/25/2007
St. Lawrence;36;089;36089;13642;07/25/2007
St. Lawrence;36;089;36089;13645;07/25/2007
St. Lawrence;36;089;36089;13646;07/25/2007
St. Lawrence;36;089;36089;13647;07/25/2007
St. Lawrence;36;089;36089;13648;07/25/2007
St. Lawrence;36;089;36089;13649;07/25/2007
St. Lawrence;36;089;36089;13652;07/25/2007
St. Lawrence;36;089;36089;13654;07/25/2007
St. Lawrence;36;089;36089;13658;07/25/2007
St. Lawrence;36;089;36089;13660;07/25/2007
St. Lawrence;36;089;36089;13662;07/25/2007
St. Lawrence;36;089;36089;13664;07/25/2007
St. Lawrence;36;089;36089;13666;07/25/2007
St. Lawrence;36;089;36089;13667;07/25/2007
St. Lawrence;36;089;36089;13668;07/25/2007
St. Lawrence;36;089;36089;13669;07/25/2007
St. Lawrence;36;089;36089;13670;07/25/2007
St. Lawrence;36;089;36089;13672;07/25/2007
St. Lawrence;36;089;36089;13676;07/25/2007
St. Lawrence;36;089;36089;13677;07/25/2007
St. Lawrence;36;089;36089;13678;07/25/2007
St. Lawrence;36;089;36089;13679;07/25/2007
St. Lawrence;36;089;36089;13680;07/25/2007
St. Lawrence;36;089;36089;13681;07/25/2007
St. Lawrence;36;089;36089;13684;07/25/2007
St. Lawrence;36;089;36089;13687;07/25/2007
St. Lawrence;36;089;36089;13690;07/25/2007
St. Lawrence;36;089;36089;13694;07/25/2007
St. Lawrence;36;089;36089;13695;07/25/2007
St. Lawrence;36;089;36089;13696;07/25/2007
St. Lawrence;36;089;36089;13697;07/25/2007
St. Lawrence;36;089;36089;13699;07/25/2007
Suffolk;36;103;36103;00501;07/25/2007
Suffolk;36;103;36103;00544;07/25/2007
Suffolk;36;103;36103;06390;07/25/2007
Suffolk;36;103;36103;11701;07/25/2007
Suffolk;36;103;36103;11702;07/25/2007
Suffolk;36;103;36103;11703;07/25/2007
Suffolk;36;103;36103;11704;07/25/2007
Suffolk;36;103;36103;11705;07/25/2007
Suffolk;36;103;36103;11706;07/25/2007
Suffolk;36;103;36103;11707;07/25/2007
Suffolk;36;103;36103;11708;07/25/2007
Suffolk;36;103;36103;11713;07/25/2007
Suffolk;36;103;36103;11715;07/25/2007
Suffolk;36;103;36103;11716;07/25/2007
Suffolk;36;103;36103;11717;07/25/2007
Suffolk;36;103;36103;11718;07/25/2007
Suffolk;36;103;36103;11719;07/25/2007
Suffolk;36;103;36103;11720;07/25/2007
Suffolk;36;103;36103;11721;07/25/2007
Suffolk;36;103;36103;11722;07/25/2007
Suffolk;36;103;36103;11724;07/25/2007
Suffolk;36;103;36103;11725;07/25/2007
Suffolk;36;103;36103;11726;07/25/2007
Suffolk;36;103;36103;11727;07/25/2007
Suffolk;36;103;36103;11729;07/25/2007
Suffolk;36;103;36103;11730;07/25/2007
Suffolk;36;103;36103;11731;07/25/2007
Suffolk;36;103;36103;11733;07/25/2007
Suffolk;36;103;36103;11735;07/25/2007
Suffolk;36;103;36103;11737;07/25/2007
Suffolk;36;103;36103;11738;07/25/2007
Suffolk;36;103;36103;11739;07/25/2007
Suffolk;36;103;36103;11740;07/25/2007
Suffolk;36;103;36103;11741;07/25/2007
Suffolk;36;103;36103;11742;07/25/2007
Suffolk;36;103;36103;11743;07/25/2007
Suffolk;36;103;36103;11746;07/25/2007
Suffolk;36;103;36103;11747;07/25/2007
Suffolk;36;103;36103;11749;07/25/2007
Suffolk;36;103;36103;11750;07/25/2007
Suffolk;36;103;36103;11751;07/25/2007
Suffolk;36;103;36103;11752;07/25/2007
Suffolk;36;103;36103;11754;07/25/2007
Suffolk;36;103;36103;11755;07/25/2007
Suffolk;36;103;36103;11757;07/25/2007
Suffolk;36;103;36103;11758;07/25/2007
Suffolk;36;103;36103;11760;07/25/2007
Suffolk;36;103;36103;11763;07/25/2007
Suffolk;36;103;36103;11764;07/25/2007
Suffolk;36;103;36103;11766;07/25/2007
Suffolk;36;103;36103;11767;07/25/2007
Suffolk;36;103;36103;11768;07/25/2007
Suffolk;36;103;36103;11769;07/25/2007
Suffolk;36;103;36103;11770;07/25/2007
Suffolk;36;103;36103;11772;07/25/2007
Suffolk;36;103;36103;11775;07/25/2007
Suffolk;36;103;36103;11776;07/25/2007
Suffolk;36;103;36103;11777;07/25/2007
Suffolk;36;103;36103;11778;07/25/2007
Suffolk;36;103;36103;11779;07/25/2007
Suffolk;36;103;36103;11780;07/25/2007
Suffolk;36;103;36103;11782;07/25/2007
Suffolk;36;103;36103;11784;07/25/2007
Suffolk;36;103;36103;11786;07/25/2007
Suffolk;36;103;36103;11787;07/25/2007
Suffolk;36;103;36103;11788;07/25/2007
Suffolk;36;103;36103;11789;07/25/2007
Suffolk;36;103;36103;11790;07/25/2007
Suffolk;36;103;36103;11792;07/25/2007
Suffolk;36;103;36103;11794;07/25/2007
Suffolk;36;103;36103;11795;07/25/2007
Suffolk;36;103;36103;11796;07/25/2007
Suffolk;36;103;36103;11798;07/25/2007
Suffolk;36;103;36103;11901;07/25/2007
Suffolk;36;103;36103;11930;07/25/2007
Suffolk;36;103;36103;11931;07/25/2007
Suffolk;36;103;36103;11932;07/25/2007
Suffolk;36;103;36103;11933;07/25/2007
Suffolk;36;103;36103;11934;07/25/2007
Suffolk;36;103;36103;11935;07/25/2007
Suffolk;36;103;36103;11937;07/25/2007
Suffolk;36;103;36103;11939;07/25/2007
Suffolk;36;103;36103;11940;07/25/2007
Suffolk;36;103;36103;11941;07/25/2007
Suffolk;36;103;36103;11942;07/25/2007
Suffolk;36;103;36103;11944;07/25/2007
Suffolk;36;103;36103;11946;07/25/2007
Suffolk;36;103;36103;11947;07/25/2007
Suffolk;36;103;36103;11948;07/25/2007
Suffolk;36;103;36103;11949;07/25/2007
Suffolk;36;103;36103;11950;07/25/2007
Suffolk;36;103;36103;11951;07/25/2007
Suffolk;36;103;36103;11952;07/25/2007
Suffolk;36;103;36103;11953;07/25/2007
Suffolk;36;103;36103;11954;07/25/2007
Suffolk;36;103;36103;11955;07/25/2007
Suffolk;36;103;36103;11956;07/25/2007
Suffolk;36;103;36103;11957;07/25/2007
Suffolk;36;103;36103;11958;07/25/2007
Suffolk;36;103;36103;11959;07/25/2007
Suffolk;36;103;36103;11960;07/25/2007
Suffolk;36;103;36103;11961;07/25/2007
Suffolk;36;103;36103;11962;07/25/2007
Suffolk;36;103;36103;11963;07/25/2007
Suffolk;36;103;36103;11964;07/25/2007
Suffolk;36;103;36103;11965;07/25/2007
Suffolk;36;103;36103;11967;07/25/2007
Suffolk;36;103;36103;11968;07/25/2007
Suffolk;36;103;36103;11969;07/25/2007
Suffolk;36;103;36103;11970;07/25/2007
Suffolk;36;103;36103;11971;07/25/2007
Suffolk;36;103;36103;11972;07/25/2007
Suffolk;36;103;36103;11973;07/25/2007
Suffolk;36;103;36103;11975;07/25/2007
Suffolk;36;103;36103;11976;07/25/2007
Suffolk;36;103;36103;11977;07/25/2007
Suffolk;36;103;36103;11978;07/25/2007
Suffolk;36;103;36103;11980;07/25/2007
Sullivan;36;105;36105;10940;07/25/2007
Sullivan;36;105;36105;12428;07/25/2007
Sullivan;36;105;36105;12458;07/25/2007
Sullivan;36;105;36105;12566;07/25/2007
Sullivan;36;105;36105;12701;07/25/2007
Sullivan;36;105;36105;12719;07/25/2007
Sullivan;36;105;36105;12720;07/25/2007
Sullivan;36;105;36105;12721;07/25/2007
Sullivan;36;105;36105;12722;07/25/2007
Sullivan;36;105;36105;12723;07/25/2007
Sullivan;36;105;36105;12724;07/25/2007
Sullivan;36;105;36105;12725;07/25/2007
Sullivan;36;105;36105;12726;07/25/2007
Sullivan;36;105;36105;12727;07/25/2007
Sullivan;36;105;36105;12729;07/25/2007
Sullivan;36;105;36105;12732;07/25/2007
Sullivan;36;105;36105;12733;07/25/2007
Sullivan;36;105;36105;12734;07/25/2007
Sullivan;36;105;36105;12736;07/25/2007
Sullivan;36;105;36105;12737;07/25/2007
Sullivan;36;105;36105;12738;07/25/2007
Sullivan;36;105;36105;12740;07/25/2007
Sullivan;36;105;36105;12741;07/25/2007
Sullivan;36;105;36105;12742;07/25/2007
Sullivan;36;105;36105;12743;07/25/2007
Sullivan;36;105;36105;12745;07/25/2007
Sullivan;36;105;36105;12747;07/25/2007
Sullivan;36;105;36105;12748;07/25/2007
Sullivan;36;105;36105;12749;07/25/2007
Sullivan;36;105;36105;12750;07/25/2007
Sullivan;36;105;36105;12751;07/25/2007
Sullivan;36;105;36105;12752;07/25/2007
Sullivan;36;105;36105;12754;07/25/2007
Sullivan;36;105;36105;12758;07/25/2007
Sullivan;36;105;36105;12759;07/25/2007
Sullivan;36;105;36105;12760;07/25/2007
Sullivan;36;105;36105;12762;07/25/2007
Sullivan;36;105;36105;12763;07/25/2007
Sullivan;36;105;36105;12764;07/25/2007
Sullivan;36;105;36105;12765;07/25/2007
Sullivan;36;105;36105;12766;07/25/2007
Sullivan;36;105;36105;12767;07/25/2007
Sullivan;36;105;36105;12768;07/25/2007
Sullivan;36;105;36105;12769;07/25/2007
Sullivan;36;105;36105;12770;07/25/2007
Sullivan;36;105;36105;12775;07/25/2007
Sullivan;36;105;36105;12776;07/25/2007
Sullivan;36;105;36105;12777;07/25/2007
Sullivan;36;105;36105;12778;07/25/2007
Sullivan;36;105;36105;12779;07/25/2007
Sullivan;36;105;36105;12780;07/25/2007
Sullivan;36;105;36105;12781;07/25/2007
Sullivan;36;105;36105;12783;07/25/2007
Sullivan;36;105;36105;12784;07/25/2007
Sullivan;36;105;36105;12786;07/25/2007
Sullivan;36;105;36105;12787;07/25/2007
Sullivan;36;105;36105;12788;07/25/2007
Sullivan;36;105;36105;12789;07/25/2007
Sullivan;36;105;36105;12790;07/25/2007
Sullivan;36;105;36105;12791;07/25/2007
Sullivan;36;105;36105;12792;07/25/2007
Tioga;36;107;36107;13732;07/25/2007
Tioga;36;107;36107;13734;07/25/2007
Tioga;36;107;36107;13736;07/25/2007
Tioga;36;107;36107;13743;07/25/2007
Tioga;36;107;36107;13760;07/25/2007
Tioga;36;107;36107;13811;07/25/2007
Tioga;36;107;36107;13812;07/25/2007
Tioga;36;107;36107;13827;07/25/2007
Tioga;36;107;36107;13835;07/25/2007
Tioga;36;107;36107;13840;07/25/2007
Tioga;36;107;36107;13845;07/25/2007
Tioga;36;107;36107;13864;07/25/2007
Tioga;36;107;36107;14817;07/25/2007
Tioga;36;107;36107;14859;07/25/2007
Tioga;36;107;36107;14883;07/25/2007
Tioga;36;107;36107;14889;07/25/2007
Tioga;36;107;36107;14892;07/25/2007
Tompkins;36;109;36109;13045;07/25/2007
Tompkins;36;109;36109;13053;07/25/2007
Tompkins;36;109;36109;13062;07/25/2007
Tompkins;36;109;36109;13068;07/25/2007
Tompkins;36;109;36109;13073;07/25/2007
Tompkins;36;109;36109;13092;07/25/2007
Tompkins;36;109;36109;13102;07/25/2007
Tompkins;36;109;36109;13736;07/25/2007
Tompkins;36;109;36109;13864;07/25/2007
Tompkins;36;109;36109;14817;07/25/2007
Tompkins;36;109;36109;14850;07/25/2007
Tompkins;36;109;36109;14851;07/25/2007
Tompkins;36;109;36109;14852;07/25/2007
Tompkins;36;109;36109;14853;07/25/2007
Tompkins;36;109;36109;14854;07/25/2007
Tompkins;36;109;36109;14867;07/25/2007
Tompkins;36;109;36109;14881;07/25/2007
Tompkins;36;109;36109;14882;07/25/2007
Tompkins;36;109;36109;14883;07/25/2007
Tompkins;36;109;36109;14886;07/25/2007
Ulster;36;111;36111;12401;07/25/2007
Ulster;36;111;36111;12402;07/25/2007
Ulster;36;111;36111;12404;07/25/2007
Ulster;36;111;36111;12406;07/25/2007
Ulster;36;111;36111;12409;07/25/2007
Ulster;36;111;36111;12410;07/25/2007
Ulster;36;111;36111;12411;07/25/2007
Ulster;36;111;36111;12412;07/25/2007
Ulster;36;111;36111;12414;07/25/2007
Ulster;36;111;36111;12416;07/25/2007
Ulster;36;111;36111;12417;07/25/2007
Ulster;36;111;36111;12419;07/25/2007
Ulster;36;111;36111;12420;07/25/2007
Ulster;36;111;36111;12428;07/25/2007
Ulster;36;111;36111;12429;07/25/2007
Ulster;36;111;36111;12432;07/25/2007
Ulster;36;111;36111;12433;07/25/2007
Ulster;36;111;36111;12435;07/25/2007
Ulster;36;111;36111;12440;07/25/2007
Ulster;36;111;36111;12441;07/25/2007
Ulster;36;111;36111;12443;07/25/2007
Ulster;36;111;36111;12446;07/25/2007
Ulster;36;111;36111;12448;07/25/2007
Ulster;36;111;36111;12449;07/25/2007
Ulster;36;111;36111;12453;07/25/2007
Ulster;36;111;36111;12456;07/25/2007
Ulster;36;111;36111;12457;07/25/2007
Ulster;36;111;36111;12458;07/25/2007
Ulster;36;111;36111;12461;07/25/2007
Ulster;36;111;36111;12463;07/25/2007
Ulster;36;111;36111;12464;07/25/2007
Ulster;36;111;36111;12465;07/25/2007
Ulster;36;111;36111;12466;07/25/2007
Ulster;36;111;36111;12471;07/25/2007
Ulster;36;111;36111;12472;07/25/2007
Ulster;36;111;36111;12475;07/25/2007
Ulster;36;111;36111;12477;07/25/2007
Ulster;36;111;36111;12480;07/25/2007
Ulster;36;111;36111;12481;07/25/2007
Ulster;36;111;36111;12483;07/25/2007
Ulster;36;111;36111;12484;07/25/2007
Ulster;36;111;36111;12486;07/25/2007
Ulster;36;111;36111;12487;07/25/2007
Ulster;36;111;36111;12489;07/25/2007
Ulster;36;111;36111;12490;07/25/2007
Ulster;36;111;36111;12491;07/25/2007
Ulster;36;111;36111;12493;07/25/2007
Ulster;36;111;36111;12494;07/25/2007
Ulster;36;111;36111;12495;07/25/2007
Ulster;36;111;36111;12498;07/25/2007
Ulster;36;111;36111;12515;07/25/2007
Ulster;36;111;36111;12525;07/25/2007
Ulster;36;111;36111;12528;07/25/2007
Ulster;36;111;36111;12542;07/25/2007
Ulster;36;111;36111;12547;07/25/2007
Ulster;36;111;36111;12548;07/25/2007
Ulster;36;111;36111;12561;07/25/2007
Ulster;36;111;36111;12566;07/25/2007
Ulster;36;111;36111;12568;07/25/2007
Ulster;36;111;36111;12586;07/25/2007
Ulster;36;111;36111;12588;07/25/2007
Ulster;36;111;36111;12589;07/25/2007
Ulster;36;111;36111;12725;07/25/2007
Ulster;36;111;36111;12740;07/25/2007
Ulster;36;111;36111;12758;07/25/2007
Ulster;36;111;36111;12763;07/25/2007
Warren;36;113;36113;12801;07/25/2007
Warren;36;113;36113;12804;07/25/2007
Warren;36;113;36113;12808;07/25/2007
Warren;36;113;36113;12810;07/25/2007
Warren;36;113;36113;12811;07/25/2007
Warren;36;113;36113;12814;07/25/2007
Warren;36;113;36113;12815;07/25/2007
Warren;36;113;36113;12817;07/25/2007
Warren;36;113;36113;12820;07/25/2007
Warren;36;113;36113;12824;07/25/2007
Warren;36;113;36113;12835;07/25/2007
Warren;36;113;36113;12836;07/25/2007
Warren;36;113;36113;12839;07/25/2007
Warren;36;113;36113;12843;07/25/2007
Warren;36;113;36113;12844;07/25/2007
Warren;36;113;36113;12845;07/25/2007
Warren;36;113;36113;12846;07/25/2007
Warren;36;113;36113;12853;07/25/2007
Warren;36;113;36113;12856;07/25/2007
Warren;36;113;36113;12857;07/25/2007
Warren;36;113;36113;12860;07/25/2007
Warren;36;113;36113;12862;07/25/2007
Warren;36;113;36113;12870;07/25/2007
Warren;36;113;36113;12874;07/25/2007
Warren;36;113;36113;12878;07/25/2007
Warren;36;113;36113;12885;07/25/2007
Warren;36;113;36113;12886;07/25/2007
Washington;36;115;36115;12028;07/25/2007
Washington;36;115;36115;12057;07/25/2007
Washington;36;115;36115;12154;07/25/2007
Washington;36;115;36115;12185;07/25/2007
Washington;36;115;36115;12804;07/25/2007
Washington;36;115;36115;12809;07/25/2007
Washington;36;115;36115;12816;07/25/2007
Washington;36;115;36115;12819;07/25/2007
Washington;36;115;36115;12821;07/25/2007
Washington;36;115;36115;12823;07/25/2007
Washington;36;115;36115;12827;07/25/2007
Washington;36;115;36115;12828;07/25/2007
Washington;36;115;36115;12832;07/25/2007
Washington;36;115;36115;12834;07/25/2007
Washington;36;115;36115;12837;07/25/2007
Washington;36;115;36115;12838;07/25/2007
Washington;36;115;36115;12839;07/25/2007
Washington;36;115;36115;12841;07/25/2007
Washington;36;115;36115;12844;07/25/2007
Washington;36;115;36115;12848;07/25/2007
Washington;36;115;36115;12849;07/25/2007
Washington;36;115;36115;12854;07/25/2007
Washington;36;115;36115;12861;07/25/2007
Washington;36;115;36115;12865;07/25/2007
Washington;36;115;36115;12873;07/25/2007
Washington;36;115;36115;12883;07/25/2007
Washington;36;115;36115;12887;07/25/2007
Wayne;36;117;36117;13143;07/25/2007
Wayne;36;117;36117;13146;07/25/2007
Wayne;36;117;36117;13148;07/25/2007
Wayne;36;117;36117;13154;07/25/2007
Wayne;36;117;36117;13156;07/25/2007
Wayne;36;117;36117;14413;07/25/2007
Wayne;36;117;36117;14432;07/25/2007
Wayne;36;117;36117;14433;07/25/2007
Wayne;36;117;36117;14449;07/25/2007
Wayne;36;117;36117;14450;07/25/2007
Wayne;36;117;36117;14489;07/25/2007
Wayne;36;117;36117;14502;07/25/2007
Wayne;36;117;36117;14505;07/25/2007
Wayne;36;117;36117;14513;07/25/2007
Wayne;36;117;36117;14516;07/25/2007
Wayne;36;117;36117;14519;07/25/2007
Wayne;36;117;36117;14520;07/25/2007
Wayne;36;117;36117;14522;07/25/2007
Wayne;36;117;36117;14538;07/25/2007
Wayne;36;117;36117;14542;07/25/2007
Wayne;36;117;36117;14551;07/25/2007
Wayne;36;117;36117;14555;07/25/2007
Wayne;36;117;36117;14563;07/25/2007
Wayne;36;117;36117;14564;07/25/2007
Wayne;36;117;36117;14568;07/25/2007
Wayne;36;117;36117;14580;07/25/2007
Wayne;36;117;36117;14589;07/25/2007
Wayne;36;117;36117;14590;07/25/2007
Westchester;36;119;36119;10470;07/25/2007
Westchester;36;119;36119;10501;07/25/2007
Westchester;36;119;36119;10502;07/25/2007
Westchester;36;119;36119;10503;07/25/2007
Westchester;36;119;36119;10504;07/25/2007
Westchester;36;119;36119;10505;07/25/2007
Westchester;36;119;36119;10506;07/25/2007
Westchester;36;119;36119;10507;07/25/2007
Westchester;36;119;36119;10509;07/25/2007
Westchester;36;119;36119;10510;07/25/2007
Westchester;36;119;36119;10511;07/25/2007
Westchester;36;119;36119;10514;07/25/2007
Westchester;36;119;36119;10517;07/25/2007
Westchester;36;119;36119;10518;07/25/2007
Westchester;36;119;36119;10519;07/25/2007
Westchester;36;119;36119;10520;07/25/2007
Westchester;36;119;36119;10521;07/25/2007
Westchester;36;119;36119;10522;07/25/2007
Westchester;36;119;36119;10523;07/25/2007
Westchester;36;119;36119;10524;07/25/2007
Westchester;36;119;36119;10526;07/25/2007
Westchester;36;119;36119;10527;07/25/2007
Westchester;36;119;36119;10528;07/25/2007
Westchester;36;119;36119;10530;07/25/2007
Westchester;36;119;36119;10532;07/25/2007
Westchester;36;119;36119;10533;07/25/2007
Westchester;36;119;36119;10535;07/25/2007
Westchester;36;119;36119;10536;07/25/2007
Westchester;36;119;36119;10537;07/25/2007
Westchester;36;119;36119;10538;07/25/2007
Westchester;36;119;36119;10540;07/25/2007
Westchester;36;119;36119;10541;07/25/2007
Westchester;36;119;36119;10543;07/25/2007
Westchester;36;119;36119;10545;07/25/2007
Westchester;36;119;36119;10546;07/25/2007
Westchester;36;119;36119;10547;07/25/2007
Westchester;36;119;36119;10548;07/25/2007
Westchester;36;119;36119;10549;07/25/2007
Westchester;36;119;36119;10550;07/25/2007
Westchester;36;119;36119;10551;07/25/2007
Westchester;36;119;36119;10552;07/25/2007
Westchester;36;119;36119;10553;07/25/2007
Westchester;36;119;36119;10557;07/25/2007
Westchester;36;119;36119;10558;07/25/2007
Westchester;36;119;36119;10560;07/25/2007
Westchester;36;119;36119;10562;07/25/2007
Westchester;36;119;36119;10566;07/25/2007
Westchester;36;119;36119;10567;07/25/2007
Westchester;36;119;36119;10570;07/25/2007
Westchester;36;119;36119;10571;07/25/2007
Westchester;36;119;36119;10572;07/25/2007
Westchester;36;119;36119;10573;07/25/2007
Westchester;36;119;36119;10576;07/25/2007
Westchester;36;119;36119;10577;07/25/2007
Westchester;36;119;36119;10578;07/25/2007
Westchester;36;119;36119;10579;07/25/2007
Westchester;36;119;36119;10580;07/25/2007
Westchester;36;119;36119;10583;07/25/2007
Westchester;36;119;36119;10587;07/25/2007
Westchester;36;119;36119;10588;07/25/2007
Westchester;36;119;36119;10589;07/25/2007
Westchester;36;119;36119;10590;07/25/2007
Westchester;36;119;36119;10591;07/25/2007
Westchester;36;119;36119;10594;07/25/2007
Westchester;36;119;36119;10595;07/25/2007
Westchester;36;119;36119;10596;07/25/2007
Westchester;36;119;36119;10597;07/25/2007
Westchester;36;119;36119;10598;07/25/2007
Westchester;36;119;36119;10601;07/25/2007
Westchester;36;119;36119;10602;07/25/2007
Westchester;36;119;36119;10603;07/25/2007
Westchester;36;119;36119;10604;07/25/2007
Westchester;36;119;36119;10605;07/25/2007
Westchester;36;119;36119;10606;07/25/2007
Westchester;36;119;36119;10607;07/25/2007
Westchester;36;119;36119;10610;07/25/2007
Westchester;36;119;36119;10701;07/25/2007
Westchester;36;119;36119;10702;07/25/2007
Westchester;36;119;36119;10703;07/25/2007
Westchester;36;119;36119;10704;07/25/2007
Westchester;36;119;36119;10705;07/25/2007
Westchester;36;119;36119;10706;07/25/2007
Westchester;36;119;36119;10707;07/25/2007
Westchester;36;119;36119;10708;07/25/2007
Westchester;36;119;36119;10709;07/25/2007
Westchester;36;119;36119;10710;07/25/2007
Westchester;36;119;36119;10801;07/25/2007
Westchester;36;119;36119;10802;07/25/2007
Westchester;36;119;36119;10803;07/25/2007
Westchester;36;119;36119;10804;07/25/2007
Westchester;36;119;36119;10805;07/25/2007
Wyoming;36;121;36121;14004;07/25/2007
Wyoming;36;121;36121;14009;07/25/2007
Wyoming;36;121;36121;14011;07/25/2007
Wyoming;36;121;36121;14024;07/25/2007
Wyoming;36;121;36121;14030;07/25/2007
Wyoming;36;121;36121;14037;07/25/2007
Wyoming;36;121;36121;14039;07/25/2007
Wyoming;36;121;36121;14040;07/25/2007
Wyoming;36;121;36121;14054;07/25/2007
Wyoming;36;121;36121;14066;07/25/2007
Wyoming;36;121;36121;14082;07/25/2007
Wyoming;36;121;36121;14083;07/25/2007
Wyoming;36;121;36121;14113;07/25/2007
Wyoming;36;121;36121;14130;07/25/2007
Wyoming;36;121;36121;14145;07/25/2007
Wyoming;36;121;36121;14167;07/25/2007
Wyoming;36;121;36121;14427;07/25/2007
Wyoming;36;121;36121;14481;07/25/2007
Wyoming;36;121;36121;14525;07/25/2007
Wyoming;36;121;36121;14530;07/25/2007
Wyoming;36;121;36121;14536;07/25/2007
Wyoming;36;121;36121;14549;07/25/2007
Wyoming;36;121;36121;14550;07/25/2007
Wyoming;36;121;36121;14569;07/25/2007
Wyoming;36;121;36121;14591;07/25/2007
Wyoming;36;121;36121;14735;07/25/2007
Yates;36;123;36123;14415;07/25/2007
Yates;36;123;36123;14418;07/25/2007
Yates;36;123;36123;14441;07/25/2007
Yates;36;123;36123;14456;07/25/2007
Yates;36;123;36123;14478;07/25/2007
Yates;36;123;36123;14507;07/25/2007
Yates;36;123;36123;14512;07/25/2007
Yates;36;123;36123;14527;07/25/2007
Yates;36;123;36123;14544;07/25/2007
Yates;36;123;36123;14561;07/25/2007
Yates;36;123;36123;14837;07/25/2007
Yates;36;123;36123;14842;07/25/2007
Yates;36;123;36123;14857;07/25/2007
Yates;36;123;36123;14878;07/25/2007
